article_no,title,url,date,category
153681,"2026학년도 2학기 복수전공, 부전공, 융합전공, 미세전공 신청 안내",https://www.hongik.ac.kr/kr/newscenter/notice.do?mode=view&articleNo=153681&article.offset=0&articleLimit=10&noCat=500,2026.07.01,학사
153647,"2026학년도 2학기 주전공 신청 및 변경,  자율전공 학생의 학과진입 신청 안내",https://www.hongik.ac.kr/kr/newscenter/notice.do?mode=view&articleNo=153647&article.offset=0&articleLimit=10&noCat=500,2026.07.01,학사
153611,[취업진로지원센터] 코멘토 온라인 현직자 멘토링 서비스 오픈 안내,https://www.hongik.ac.kr/kr/newscenter/notice.do?mode=view&articleNo=153611&article.offset=0&articleLimit=10&noCat=396,2026.07.01,취창업
153568,홍익대학교 영자신문사 Tidings에서 신입기자와 편집 디자이너를 모집합니다!,https://www.hongik.ac.kr/kr/newscenter/notice.do?mode=view&articleNo=153568&article.offset=0&articleLimit=10&noCat=514,2026.06.30,학생활동
153561,[서울 학부생] 2026-1학기 학생 포상 추천 접수(~7.2(목)까지 기한연장),https://www.hongik.ac.kr/kr/newscenter/notice.do?mode=view&articleNo=153561&article.offset=0&articleLimit=10&noCat=514,2026.06.30,학생활동
153548,표준현장실습 참여학생 모집 안내 (2026학년도 2학기 정규학기),https://www.hongik.ac.kr/kr/newscenter/notice.do?mode=view&articleNo=153548&article.offset=0&articleLimit=10&noCat=396,2026.06.29,취창업
153544,2027학년도 1학기 해외대학 파견 Outbound 교류학생 지원자 모집 및 선발(~26년 7월 20일 월 16시),https://www.hongik.ac.kr/kr/newscenter/notice.do?mode=view&articleNo=153544&article.offset=0&articleLimit=10&noCat=514,2026.06.29,학생활동
153541,기간제 한국어교원 모집[홍익대학교 국제언어교육원],https://www.hongik.ac.kr/kr/newscenter/notice.do?mode=view&articleNo=153541&article.offset=0&articleLimit=10&noCat=35,2026.06.29,채용/모집
153539,국제언어교육원 행정실 조교(일본어권 담당) 채용 공고,https://www.hongik.ac.kr/kr/newscenter/notice.do?mode=view&articleNo=153539&article.offset=0&articleLimit=10&noCat=35,2026.06.29,채용/모집
153538,⭐D-1⭐ HI학습멘토랑 프로그램 멘토 모집,https://www.hongik.ac.kr/kr/newscenter/notice.do?mode=view&articleNo=153538&article.offset=10&articleLimit=10&noCat=514,2026.06.29,학생활동
153531,[바이오헬스 혁신융합대학] 2026-2학기 학사일정 및 수강신청 안내,https://www.hongik.ac.kr/kr/newscenter/notice.do?mode=view&articleNo=153531&article.offset=10&articleLimit=10&noCat=29,2026.06.29,일반
153524,2026학년도 후기 수시전형 대학원 신입생 모집 (군위탁전형 포함),https://www.hongik.ac.kr/kr/newscenter/notice.do/kr/education/notice-grad.do?mode=view&articleNo=153524&noCat=381,2026.06.29,입시
153445,"(제26-14호)서울캠퍼스 26-1차 교육환경개선 4개학과(부서) 강의실 책상,의자 구입",https://www.hongik.ac.kr/kr/newscenter/notice.do?mode=view&articleNo=153445&article.offset=20&articleLimit=10&noCat=36,2026.06.24,입찰
153444,입학관리본부 입학사정관실 입학사정관(계약직) 모집(~7/5(일) 24:00까지),https://www.hongik.ac.kr/kr/newscenter/notice.do?mode=view&articleNo=153444&article.offset=20&articleLimit=10&noCat=35,2026.06.24,채용/모집
153420,병역판정검사 받은 해 입영희망자(2007년생)  현역병 입영 신청 안내,https://www.hongik.ac.kr/kr/newscenter/notice.do?mode=view&articleNo=153420&article.offset=20&articleLimit=10&noCat=29,2026.06.24,일반
153412,[모집]대학교육혁신사업 2026학년도 하계 AICE 교육과정(자격인증시험 연계) 참가자 모집,https://www.hongik.ac.kr/kr/newscenter/notice.do?mode=view&articleNo=153412&article.offset=20&articleLimit=10&noCat=513,2026.06.24,대학교육혁신사업단
153399,2026학년도 1학기 학생 포상 신청 안내,https://www.hongik.ac.kr/kr/newscenter/notice.do/kr/education/notice-grad.do?mode=view&articleNo=153399&noCat=383,2026.06.23,기타
153380,2026학년도 하계계절학기 사이버강좌 출석 및 수강방법 안내,https://www.hongik.ac.kr/kr/newscenter/notice.do?mode=view&articleNo=153380&article.offset=20&articleLimit=10&noCat=500,2026.06.23,학사
153349,2026 건축도시대학 건축학부 졸업전시회 개최,https://www.hongik.ac.kr/kr/newscenter/notice.do?mode=view&articleNo=153349&article.offset=30&articleLimit=10&noCat=29,2026.06.22,일반
153346,[정보전산원] 2026-1 하계 방학 중 컴퓨터 특강 진행 안내,https://www.hongik.ac.kr/kr/newscenter/notice.do?mode=view&articleNo=153346&article.offset=30&articleLimit=10&noCat=29,2026.06.22,일반
153343,홍익대학교 세종캠퍼스 종합체육관 산학협력 공간 신규 입주 기업 모집,https://www.hongik.ac.kr/kr/newscenter/notice.do?mode=view&articleNo=153343&article.offset=30&articleLimit=10&noCat=36,2026.06.22,입찰
153320,2026학년도 2학기 재입학 신청 안내,https://www.hongik.ac.kr/kr/newscenter/notice.do/kr/education/notice-grad.do?mode=view&articleNo=153320&noCat=380,2026.06.22,학적
153319,2026학년도 2학기 ​석·박사학위통합과정 전환 및 포기 신청 안내,https://www.hongik.ac.kr/kr/newscenter/notice.do/kr/education/notice-grad.do?mode=view&articleNo=153319&noCat=380,2026.06.22,학적
153315,[종근당] 2026년 종근당고촌재단 무상기숙사 장학생 모집 안내,https://www.hongik.ac.kr/kr/newscenter/notice.do?mode=view&articleNo=153315&article.offset=30&articleLimit=10&noCat=501,2026.06.22,장학
153314,[도서관] 2026학년도 서평쓰기대회 안내(1등 상금 80만원) ★기간연장 재안내★,https://www.hongik.ac.kr/kr/newscenter/notice.do?mode=view&articleNo=153314&article.offset=30&articleLimit=10&noCat=29,2026.06.22,일반
153313,[외부장학] 2026년 오픈갤러리 장학생 선발 안내,https://www.hongik.ac.kr/kr/newscenter/notice.do/kr/education/notice-grad.do?mode=view&articleNo=153313&noCat=379,2026.06.22,장학
153312,[외부장학] 3.1문화재단 장학생 모집 공고(박사과정),https://www.hongik.ac.kr/kr/newscenter/notice.do/kr/education/notice-grad.do?mode=view&articleNo=153312&noCat=379,2026.06.22,장학
153306,[서울/취업진로지원센터] 2026년 7월 취업(진로) 대면 1:1집중컨설팅 일정 안내,https://www.hongik.ac.kr/kr/newscenter/notice.do?mode=view&articleNo=153306&article.offset=30&articleLimit=10&noCat=396,2026.06.22,취창업
153302,2026학년도 1학기 강의개선보고서(CQI) 입력 안내,https://www.hongik.ac.kr/kr/newscenter/notice.do?mode=view&articleNo=153302&article.offset=40&articleLimit=10&noCat=33,2026.06.22,교강사
153288,[서울/취업진로지원센터] 2026년 7월 READ 진로상담 일정 안내,https://www.hongik.ac.kr/kr/newscenter/notice.do?mode=view&articleNo=153288&article.offset=40&articleLimit=10&noCat=396,2026.06.19,취창업
153287,2026학년도 2학기 Inbound 교류학생 버디 모집(서울캠퍼스) (~2026.7.6.(월)),https://www.hongik.ac.kr/kr/newscenter/notice.do?mode=view&articleNo=153287&article.offset=40&articleLimit=10&noCat=514,2026.06.19,학생활동
153281,2026년 7월 각 군 현역병 모집계획,https://www.hongik.ac.kr/kr/newscenter/notice.do?mode=view&articleNo=153281&article.offset=40&articleLimit=10&noCat=500,2026.06.19,학사
153273,(서울캠퍼스) 2026 하계 계절학기 폐강과목 공지 및 수강철회/환불신청 안내(~6.23 화 16시까지),https://www.hongik.ac.kr/kr/newscenter/notice.do?mode=view&articleNo=153273&article.offset=40&articleLimit=10&noCat=500,2026.06.19,학사
153268,[신한은행] 금융서비스 일시중단(7/19),https://www.hongik.ac.kr/kr/newscenter/notice.do?mode=view&articleNo=153268&article.offset=40&articleLimit=10&noCat=29,2026.06.19,일반
153258,[교수학습지원센터(서울)]학습법 워크숍(바이브 코딩1~2),https://www.hongik.ac.kr/kr/newscenter/notice.do?mode=view&articleNo=153258&article.offset=40&articleLimit=10&noCat=511,2026.06.19,교수학습지원
153243,홍익 메이커스페이스 여름방학 특강 공고,https://www.hongik.ac.kr/kr/newscenter/notice.do?mode=view&articleNo=153243&article.offset=40&articleLimit=10&noCat=29,2026.06.18,일반
153236,[조교채용] 교무처 학사지원팀 조교 모집 안내,https://www.hongik.ac.kr/kr/newscenter/notice.do?mode=view&articleNo=153236&article.offset=40&articleLimit=10&noCat=35,2026.06.18,채용/모집
153168,[취업진로지원센터] 인바디 2026년 상반기 채용 홍보 커피차 운영,https://www.hongik.ac.kr/kr/newscenter/notice.do?mode=view&articleNo=153168&article.offset=50&articleLimit=10&noCat=396,2026.06.17,취창업
153159,[모집] 홍익챌린지 13기(2026학년도 제2학기) 참가학생 모집,https://www.hongik.ac.kr/kr/newscenter/notice.do?mode=view&articleNo=153159&article.offset=50&articleLimit=10&noCat=513,2026.06.17,대학교육혁신사업단
153152,하계방학 중 단축 근무 시행 안내,https://www.hongik.ac.kr/kr/newscenter/notice.do?mode=view&articleNo=153152&article.offset=50&articleLimit=10&noCat=29,2026.06.17,일반
153122,[HUSS x 대전세종관광공사] 트래블런 창업캠프 신청 안내(~7.01) ✨교육기간 중 기숙사 제공✨,https://www.hongik.ac.kr/kr/newscenter/notice.do?mode=view&articleNo=153122&article.offset=50&articleLimit=10&noCat=514,2026.06.16,학생활동
153095,[SIEMENS-PACE센터] 2026 NX소프트웨어 하계 계절학기 집중교육과정 운영,https://www.hongik.ac.kr/kr/newscenter/notice.do?mode=view&articleNo=153095&article.offset=50&articleLimit=10&noCat=500,2026.06.16,학사
153066,[대학혁신지원사업] 2026-하계 교과연계 워크숍 참여 학생 모집,https://www.hongik.ac.kr/kr/newscenter/notice.do?mode=view&articleNo=153066&article.offset=50&articleLimit=10&noCat=511,2026.06.15,교수학습지원
153047,"2026년 하반기 국내과정 ICT 학점연계 프로젝트 인턴십 실습생(학생) 모집 안내(~7/8(수), 12:00)",https://www.hongik.ac.kr/kr/newscenter/notice.do?mode=view&articleNo=153047&article.offset=50&articleLimit=10&noCat=396,2026.06.15,취창업
153046,2026학년도 2학기(가을학기) 「서울영커리언스 인턴십」참여자 모집 공고,https://www.hongik.ac.kr/kr/newscenter/notice.do?mode=view&articleNo=153046&article.offset=50&articleLimit=10&noCat=396,2026.06.15,취창업
153033,작은 실천 하나가 소중한 개인정보를 지켜줍니다!,https://www.hongik.ac.kr/kr/newscenter/notice.do?mode=view&articleNo=153033&article.offset=60&articleLimit=10&noCat=34,2026.06.15,보안
153016,[중앙도서관] 하계방학 중 도서관 운영 안내,https://www.hongik.ac.kr/kr/newscenter/notice.do?mode=view&articleNo=153016&article.offset=60&articleLimit=10&noCat=29,2026.06.12,일반
153003,[재공지] 2026 한국장학재단 박사우수장학생(이공계) 모집 공고,https://www.hongik.ac.kr/kr/newscenter/notice.do/kr/education/notice-grad.do?mode=view&articleNo=153003&noCat=379,2026.06.12,장학
152968,"[마포청년창업취업지원센터 나루] 첫인상을 바꾸는 취업 전략, 퍼스널컬러 특강 (~6/19)",https://www.hongik.ac.kr/kr/newscenter/notice.do?mode=view&articleNo=152968&article.offset=60&articleLimit=10&noCat=396,2026.06.11,취창업
152963,[서울/취업진로지원센터] YBM 토익스피킹(TOEIC Speaking) 정기시험 응시료 할인 제공 혜택 안내,https://www.hongik.ac.kr/kr/newscenter/notice.do?mode=view&articleNo=152963&article.offset=60&articleLimit=10&noCat=396,2026.06.11,취창업
152958,[산학협력재단] 2026 국내 외국인 근로자 자녀 장학금 신청 안내,https://www.hongik.ac.kr/kr/newscenter/notice.do?mode=view&articleNo=152958&article.offset=70&articleLimit=10&noCat=501,2026.06.11,장학
152956,"[국가정보원]  2026 하반기 공채 채용설명회 (7/22, 수)",https://www.hongik.ac.kr/kr/newscenter/notice.do?mode=view&articleNo=152956&article.offset=70&articleLimit=10&noCat=396,2026.06.11,취창업
152953,[서울/취업진로지원센터] 한국중부발전(주) 서울발전본부 「KOMIPO-러닝메이트」 모집 공고 (~6/17 24:00),https://www.hongik.ac.kr/kr/newscenter/notice.do?mode=view&articleNo=152953&article.offset=70&articleLimit=10&noCat=396,2026.06.11,취창업
152926,[부마민주항쟁기념재단] 2026년 장학생 모집 공고 안내,https://www.hongik.ac.kr/kr/newscenter/notice.do?mode=view&articleNo=152926&article.offset=70&articleLimit=10&noCat=501,2026.06.10,장학
152900,[강원대학교 외국학술지지원센터] 생명공학분야 해외 선행연구 자료 제공서비스 안내,https://www.hongik.ac.kr/kr/newscenter/notice.do?mode=view&articleNo=152900&article.offset=70&articleLimit=10&noCat=29,2026.06.10,일반
152885,[홍보]  [SBA] 2026 국제 유스 창업 올림피아드 참가 안내,https://www.hongik.ac.kr/kr/newscenter/notice.do?mode=view&articleNo=152885&article.offset=70&articleLimit=10&noCat=29,2026.06.10,일반
152873,[서울/취업진로지원센터] 2026-1학기 하계방학 국가근로장학생 추가선발 모집,https://www.hongik.ac.kr/kr/newscenter/notice.do?mode=view&articleNo=152873&article.offset=70&articleLimit=10&noCat=29,2026.06.10,일반
152869,[한국소아당뇨인협회] 2027학년도 소아청소년 당뇨인 푸른빛 희망 장학금 지원 안내,https://www.hongik.ac.kr/kr/newscenter/notice.do?mode=view&articleNo=152869&article.offset=70&articleLimit=10&noCat=501,2026.06.10,장학
152863,[취업진로지원센터 동문 졸업생 멘토 풀(Pool) 참여 희망자 모집],https://www.hongik.ac.kr/kr/newscenter/notice.do?mode=view&articleNo=152863&article.offset=80&articleLimit=10&noCat=396,2026.06.10,취창업
152852,[롯데장학재단] 2026년 신격호 롯데 취업준비생 장학사업 장학생 모집,https://www.hongik.ac.kr/kr/newscenter/notice.do?mode=view&articleNo=152852&article.offset=80&articleLimit=10&noCat=500,2026.06.09,학사
152844,[홍보] ❗참가비 무료❗코원 취업캠프(21기) 참여자 모집 안내(~6/19 24:00),https://www.hongik.ac.kr/kr/newscenter/notice.do?mode=view&articleNo=152844&article.offset=80&articleLimit=10&noCat=396,2026.06.09,취창업
152833,[정보전산원] 2026학년도 1학기 하계 방학 중 공용 PC실 개방 안내,https://www.hongik.ac.kr/kr/newscenter/notice.do?mode=view&articleNo=152833&article.offset=80&articleLimit=10&noCat=29,2026.06.09,일반
152822,[중앙도서관x서울대학교 외국학술지지원센터] '자연과학' 분야 외국학술지 무료 원문복사 신청 안내,https://www.hongik.ac.kr/kr/newscenter/notice.do?mode=view&articleNo=152822&article.offset=80&articleLimit=10&noCat=29,2026.06.09,일반
152818,[홍보] SK미래역량 프로그램 써니C 5기 모집,https://www.hongik.ac.kr/kr/newscenter/notice.do?mode=view&articleNo=152818&article.offset=80&articleLimit=10&noCat=514,2026.06.09,학생활동
152813,[홍보] 2026 제 6회 3D 모델링 디자인 공모전,https://www.hongik.ac.kr/kr/newscenter/notice.do?mode=view&articleNo=152813&article.offset=80&articleLimit=10&noCat=514,2026.06.09,학생활동
152785,대학 「학칙」 개정(안) 공고,https://www.hongik.ac.kr/kr/newscenter/notice.do?mode=view&articleNo=152785&article.offset=80&articleLimit=10&noCat=29,2026.06.08,일반
152753,2026년 8월 조기졸업 신청서 제출 안내,https://www.hongik.ac.kr/kr/newscenter/notice.do?mode=view&articleNo=152753&article.offset=80&articleLimit=10&noCat=500,2026.06.08,학사
152749,[홍대신문사] 제51회 홍대 학‧예술상 작품 현상 모집,https://www.hongik.ac.kr/kr/newscenter/notice.do?mode=view&articleNo=152749&article.offset=90&articleLimit=10&noCat=514,2026.06.08,학생활동
152718,[교양교육원 서울캠] 6.10 (수) 기말고사 시험감독 보조요원 모집,https://www.hongik.ac.kr/kr/newscenter/notice.do/kr/education/notice-grad.do?mode=view&articleNo=152718&noCat=383,2026.06.05,기타
152702,2026년 소선나눔기금 과학기술 미래인재 장학생 모집 안내,https://www.hongik.ac.kr/kr/newscenter/notice.do?mode=view&articleNo=152702&article.offset=90&articleLimit=10&noCat=501,2026.06.05,장학
152685,[중앙도서관x강원대학교 외국학술지지원센터] '생명공학' 분야 외국학술지 무료 원문복사 신청 안내(+우수이용자 이벤트 안내),https://www.hongik.ac.kr/kr/newscenter/notice.do?mode=view&articleNo=152685&article.offset=90&articleLimit=10&noCat=29,2026.06.05,일반
152444,[서울 학부생] 2026-1학기 학생 포상 추천 접수,https://www.hongik.ac.kr/kr/newscenter/notice.do?mode=view&articleNo=152444&article.offset=90&articleLimit=10&noCat=514,2026.06.02,학생활동
152433,2026학년도 1학기 성적조회 안내,https://www.hongik.ac.kr/kr/newscenter/notice.do?mode=view&articleNo=152433&article.offset=90&articleLimit=10&noCat=500,2026.06.02,학사
152432,2026학년도 1학기 성적 처리 안내,https://www.hongik.ac.kr/kr/newscenter/notice.do?mode=view&articleNo=152432&article.offset=90&articleLimit=10&noCat=33,2026.06.02,교강사
152410,"학생처(장학팀, 학생지원팀, 포스터 승인) 사무실 임시 이전 안내",https://www.hongik.ac.kr/kr/newscenter/notice.do?mode=view&articleNo=152410&article.offset=90&articleLimit=10&noCat=29,2026.06.01,일반
152392,"[국제언어교육원] 2026학년도 여름 학기 정규 어학(대체강좌,맞춤형,영어집중과정,토익관련) 강좌 안내",https://www.hongik.ac.kr/kr/newscenter/notice.do/kr/education/notice-undergrad.do?mode=view&articleNo=152392&noCat=23,2026.06.01,학사
152390,[세종캠퍼스] 2026학년도 2학기 재입학 추가 접수 안내(학부),https://www.hongik.ac.kr/kr/newscenter/notice.do/kr/education/notice-undergrad.do?mode=view&articleNo=152390&noCat=23,2026.06.01,학사
152386,2026 여름학기 교내외국어과정 모집[토익/토익스피킹/토플],https://www.hongik.ac.kr/kr/newscenter/notice.do/kr/education/notice-undergrad.do?mode=view&articleNo=152386&noCat=23,2026.06.01,학사
152370,[모집] 2026 저탄소/에너지 기술 컨소시엄 SUMMER SCHOOL,https://www.hongik.ac.kr/kr/newscenter/notice.do?mode=view&articleNo=152370&article.offset=100&articleLimit=10&noCat=514,2026.06.01,학생활동
152307,[우양재단] 2026년 청년밥상 장학 신청,https://www.hongik.ac.kr/kr/newscenter/notice.do?mode=view&articleNo=152307&article.offset=100&articleLimit=10&noCat=501,2026.05.29,장학
152260,[홍보] LG Aimers 9기 모집,https://www.hongik.ac.kr/kr/newscenter/notice.do?mode=view&articleNo=152260&article.offset=100&articleLimit=10&noCat=29,2026.05.28,일반
152242,2026학년도 하계계절학기 학점교류 학생 학번조회 안내(안),https://www.hongik.ac.kr/kr/newscenter/notice.do?mode=view&articleNo=152242&article.offset=100&articleLimit=10&noCat=500,2026.05.28,학사
152237,2026-1학기 대학원 분납등록금 납부 안내(5.27~5.29),https://www.hongik.ac.kr/kr/newscenter/notice.do/kr/education/notice-grad.do?mode=view&articleNo=152237&noCat=380,2026.05.27,학적
152213,2026학년도 1학기 인준 논문 및 개별연구과제 제출 안내(6.9.(화)~7.6.(월)) / Guidelines for submission of Approved Thesis and Research Report,https://www.hongik.ac.kr/kr/newscenter/notice.do/kr/education/notice-grad.do?mode=view&articleNo=152213&noCat=377,2026.05.27,졸업
152203,"학생처(장학팀, 학생지원팀, 포스터 승인) 사무실 임시 이전 안내",https://www.hongik.ac.kr/kr/newscenter/notice.do?mode=view&articleNo=152203&article.offset=110&articleLimit=10&noCat=501,2026.05.27,장학
152178,[세종캠퍼스] 2026학년도 1학기 사이버강좌 기말고사 시험감독 보조요원 모집,https://www.hongik.ac.kr/kr/newscenter/notice.do?mode=view&articleNo=152178&article.offset=110&articleLimit=10&noCat=501,2026.05.26,장학
152177,2026학년도 1학기 사이버강좌 기말고사 시험감독 보조요원 모집,https://www.hongik.ac.kr/kr/newscenter/notice.do?mode=view&articleNo=152177&article.offset=110&articleLimit=10&noCat=501,2026.05.26,장학
152169,"[불어불문학과] ""교양프랑스어(1)"" 2026-1학기 기말고사 시험감독 보조요원 모집(1명)",https://www.hongik.ac.kr/kr/newscenter/notice.do?mode=view&articleNo=152169&article.offset=110&articleLimit=10&noCat=29,2026.05.26,일반
152141,홍익대학교 교직원 모집,https://www.hongik.ac.kr/kr/newscenter/notice.do?mode=view&articleNo=152141&article.offset=110&articleLimit=10&noCat=35,2026.05.26,채용/모집
152107,2026 한국장학재단 박사우수장학생(이공계) 모집 공고,https://www.hongik.ac.kr/kr/newscenter/notice.do/kr/education/notice-grad.do?mode=view&articleNo=152107&noCat=379,2026.05.22,장학
152106,2026 한국장학재단 석사우수장학생(이공계) 모집 공고,https://www.hongik.ac.kr/kr/newscenter/notice.do/kr/education/notice-grad.do?mode=view&articleNo=152106&noCat=379,2026.05.22,장학
152104,[서울캠퍼스]2026년 2학기 국가근로장학금 1차 신청 안내,https://www.hongik.ac.kr/kr/newscenter/notice.do?mode=view&articleNo=152104&article.offset=110&articleLimit=10&noCat=501,2026.05.22,장학
152071,[대학혁신지원사업] 하계 기초학습역량강화(미술) 참여자 모집,https://www.hongik.ac.kr/kr/newscenter/notice.do?mode=view&articleNo=152071&article.offset=110&articleLimit=10&noCat=511,2026.05.22,교수학습지원
152066,2026년 2학기 교내장학금 신청 안내,https://www.hongik.ac.kr/kr/newscenter/notice.do/kr/education/notice-undergrad.do?mode=view&articleNo=152066&noCat=24,2026.05.22,장학
152056,[모집] 2026 창의·융합 디자인 엔지니어링 캠프,https://www.hongik.ac.kr/kr/newscenter/notice.do?mode=view&articleNo=152056&article.offset=120&articleLimit=10&noCat=514,2026.05.22,학생활동
152009,[한국농어촌희망재단] 2026년 2학기 청년창업농장학금 신청 안내,https://www.hongik.ac.kr/kr/newscenter/notice.do?mode=view&articleNo=152009&article.offset=120&articleLimit=10&noCat=501,2026.05.21,장학
152006,[아산시미래장학회] 2026년 희망 장학금 장학생 선발 공고,https://www.hongik.ac.kr/kr/newscenter/notice.do?mode=view&articleNo=152006&article.offset=120&articleLimit=10&noCat=501,2026.05.21,장학
152005,[강화군] 2026년 상반기 강화군 대학생 등록금 지원,https://www.hongik.ac.kr/kr/newscenter/notice.do?mode=view&articleNo=152005&article.offset=120&articleLimit=10&noCat=501,2026.05.21,장학
152004,2026년 6월 각 군 현역병 모집계획,https://www.hongik.ac.kr/kr/newscenter/notice.do?mode=view&articleNo=152004&article.offset=120&articleLimit=10&noCat=500,2026.05.21,학사
151995,"학생회관 1층 학생휴게실, 2층 여학생휴게실 임시폐쇄안내",https://www.hongik.ac.kr/kr/newscenter/notice.do?mode=view&articleNo=151995&article.offset=120&articleLimit=10&noCat=514,2026.05.21,학생활동
151990,[모집] 2026 여름특강 인공지능 자율주행 드론 코딩 및 제작실습 교육,https://www.hongik.ac.kr/kr/newscenter/notice.do?mode=view&articleNo=151990&article.offset=120&articleLimit=10&noCat=514,2026.05.21,학생활동
151985,[모집] 2026 여름특강 생성형 AI와 AI 에이전트 개발 교육,https://www.hongik.ac.kr/kr/newscenter/notice.do?mode=view&articleNo=151985&article.offset=130&articleLimit=10&noCat=514,2026.05.21,학생활동
151969,[중앙도서관] 도서관 서버 패치 작업에 따른 도서관 서비스 일시 중단,https://www.hongik.ac.kr/kr/newscenter/notice.do?mode=view&articleNo=151969&article.offset=130&articleLimit=10&noCat=29,2026.05.20,일반
151965,[산업디자인전공]디자인 실험 참가자 모집,https://www.hongik.ac.kr/kr/newscenter/notice.do?mode=view&articleNo=151965&article.offset=130&articleLimit=10&noCat=29,2026.05.20,일반
151957,Adobe Creative Cloud Pro Plus 공동구매 안내,https://www.hongik.ac.kr/kr/newscenter/notice.do?mode=view&articleNo=151957&article.offset=130&articleLimit=10&noCat=29,2026.05.20,일반
151916,[바이오헬스 혁신융합대학사업단] 2026 바이오헬스 다전공 설명회 안내,https://www.hongik.ac.kr/kr/newscenter/notice.do?mode=view&articleNo=151916&article.offset=130&articleLimit=10&noCat=29,2026.05.19,일반
151902,2026학년도 하계계절학기 학점교류 신청 안내 (명지대학교),https://www.hongik.ac.kr/kr/newscenter/notice.do?mode=view&articleNo=151902&article.offset=130&articleLimit=10&noCat=500,2026.05.19,학사
151897,2026년 2학기 삼성드림클래스 대학생멘토 선발 공고,https://www.hongik.ac.kr/kr/newscenter/notice.do?mode=view&articleNo=151897&article.offset=130&articleLimit=10&noCat=501,2026.05.19,장학
151894,2026-1 졸업앨범 사진 촬영 안내(서울캠퍼스)_예약 링크 수정,https://www.hongik.ac.kr/kr/newscenter/notice.do?mode=view&articleNo=151894&article.offset=130&articleLimit=10&noCat=514,2026.05.19,학생활동
151884,[거창군] 2026년 1학기 거창군 지역출신 대학생 등록금 지원 신청 안내,https://www.hongik.ac.kr/kr/newscenter/notice.do?mode=view&articleNo=151884&article.offset=140&articleLimit=10&noCat=501,2026.05.19,장학
151854,[사회봉사 2시간] 26-1 재학생 지능정보서비스(인터넷·스마트폰) 과의존 예방교육,https://www.hongik.ac.kr/kr/newscenter/notice.do?mode=view&articleNo=151854&article.offset=140&articleLimit=10&noCat=514,2026.05.18,학생활동
151851,[사회봉사 3시간] 26-1 재학생 장애 인식개선 교육,https://www.hongik.ac.kr/kr/newscenter/notice.do?mode=view&articleNo=151851&article.offset=140&articleLimit=10&noCat=514,2026.05.18,학생활동
151830,[세종캠퍼스] 2026학년도 1학기 사이버강좌 기말고사 시험감독 보조요원 모집,https://www.hongik.ac.kr/kr/newscenter/notice.do?mode=view&articleNo=151830&article.offset=140&articleLimit=10&noCat=501,2026.05.18,장학
151828,[장학] 2026-1학기 신용카드수수료장학금 신청 안내,https://www.hongik.ac.kr/kr/newscenter/notice.do?mode=view&articleNo=151828&article.offset=140&articleLimit=10&noCat=501,2026.05.18,장학
151827,2026학년도 1학기 사이버강좌 기말고사 시험감독 보조요원 모집,https://www.hongik.ac.kr/kr/newscenter/notice.do?mode=view&articleNo=151827&article.offset=140&articleLimit=10&noCat=501,2026.05.18,장학
151822,2026년 국가근로 하계방학 집중근로 희망근로지 신청 안내,https://www.hongik.ac.kr/kr/newscenter/notice.do?mode=view&articleNo=151822&article.offset=140&articleLimit=10&noCat=501,2026.05.18,장학
151817,2026학년도 하계계절학기 학점교류 신청 안내 (가톨릭대학교),https://www.hongik.ac.kr/kr/newscenter/notice.do?mode=view&articleNo=151817&article.offset=140&articleLimit=10&noCat=500,2026.05.18,학사
151815,2026학년도 하계계절학기 학점교류 신청 안내 (숭실대학교),https://www.hongik.ac.kr/kr/newscenter/notice.do?mode=view&articleNo=151815&article.offset=140&articleLimit=10&noCat=500,2026.05.18,학사
151812,2026학년도 1학기 사이버강좌 기말고사 시행안내,https://www.hongik.ac.kr/kr/newscenter/notice.do?mode=view&articleNo=151812&article.offset=140&articleLimit=10&noCat=500,2026.05.18,학사
151810,2026학년도 1학기 강의평가 시행 안내,https://www.hongik.ac.kr/kr/newscenter/notice.do?mode=view&articleNo=151810&article.offset=150&articleLimit=10&noCat=500,2026.05.18,학사
151808,2026학년도 1학기 핵심역량진단검사 안내,https://www.hongik.ac.kr/kr/newscenter/notice.do?mode=view&articleNo=151808&article.offset=150&articleLimit=10&noCat=500,2026.05.18,학사
151791,세종캠퍼스 불용품 처리업체 입찰 선정공고,https://www.hongik.ac.kr/kr/newscenter/notice.do?mode=view&articleNo=151791&article.offset=150&articleLimit=10&noCat=36,2026.05.15,입찰
151783,2026학년도 1학기 대학원 강의평가 및 성적 조회 안내,https://www.hongik.ac.kr/kr/newscenter/notice.do/kr/education/notice-grad.do?mode=view&articleNo=151783&noCat=378,2026.05.15,수업
151747,2026학년도 하계계절학기 학점교류 신청 안내 (서울과학기술대학교),https://www.hongik.ac.kr/kr/newscenter/notice.do?mode=view&articleNo=151747&article.offset=150&articleLimit=10&noCat=500,2026.05.14,학사
151744,[창업교육센터] 2026 4차 창업 특강 안내,https://www.hongik.ac.kr/kr/newscenter/notice.do?mode=view&articleNo=151744&article.offset=150&articleLimit=10&noCat=514,2026.05.14,학생활동
151729,[제26-08호][홍익대학교 체육부](야구부) 야구공 등 하계 훈련장비 14종(288ea),https://www.hongik.ac.kr/kr/newscenter/notice.do?mode=view&articleNo=151729&article.offset=150&articleLimit=10&noCat=36,2026.05.14,입찰
151703,[모집] 2026 Digital Fabrication 교육 (3D 프린팅 & 디지털 제작 장비 교육),https://www.hongik.ac.kr/kr/newscenter/notice.do?mode=view&articleNo=151703&article.offset=150&articleLimit=10&noCat=514,2026.05.13,학생활동
151675,학사학위취득유예 신청 일정 안내(2026년 8월 졸업대상자),https://www.hongik.ac.kr/kr/newscenter/notice.do?mode=view&articleNo=151675&article.offset=150&articleLimit=10&noCat=500,2026.05.12,학사
151674,[마포청년창업취업지원센터 나루 X 허브릿지] 경험을 디자인하는 기획자 양성과정 참여자 모집,https://www.hongik.ac.kr/kr/newscenter/notice.do?mode=view&articleNo=151674&article.offset=150&articleLimit=10&noCat=514,2026.05.12,학생활동
151655,2026학년도 하계계절학기 학점교류 신청 안내 (세종대학교),https://www.hongik.ac.kr/kr/newscenter/notice.do?mode=view&articleNo=151655&article.offset=160&articleLimit=10&noCat=500,2026.05.12,학사
151654,2026학년도 하계계절학기 학점교류 신청 안내 (강서대학교),https://www.hongik.ac.kr/kr/newscenter/notice.do?mode=view&articleNo=151654&article.offset=160&articleLimit=10&noCat=500,2026.05.12,학사
151631,2026학년도 하계계절학기 학점교류 신청 안내 (계명대학교),https://www.hongik.ac.kr/kr/newscenter/notice.do?mode=view&articleNo=151631&article.offset=160&articleLimit=10&noCat=500,2026.05.11,학사
151614,[세종연구원] 2026년도 세종이도인재장학금 장학생 선발,https://www.hongik.ac.kr/kr/newscenter/notice.do?mode=view&articleNo=151614&article.offset=160&articleLimit=10&noCat=501,2026.05.11,장학
151612,[중앙도서관] 5월 도서관 이용교육,https://www.hongik.ac.kr/kr/newscenter/notice.do?mode=view&articleNo=151612&article.offset=160&articleLimit=10&noCat=29,2026.05.11,일반
151602,[서울캠퍼스] 2025학년도 후기(2026년 8월) 졸업예정자 전공명 선택 안내,https://www.hongik.ac.kr/kr/newscenter/notice.do?mode=view&articleNo=151602&article.offset=160&articleLimit=10&noCat=500,2026.05.11,학사
151601,[모집] 2026 창의적 종합설계 경진대회(Capstone Design Fair),https://www.hongik.ac.kr/kr/newscenter/notice.do?mode=view&articleNo=151601&article.offset=160&articleLimit=10&noCat=29,2026.05.11,일반
151598,[컴퓨터공학과] 26-1 기말고사 시험 보조요원 모집 (마감),https://www.hongik.ac.kr/kr/newscenter/notice.do?mode=view&articleNo=151598&article.offset=160&articleLimit=10&noCat=29,2026.05.11,일반
151588,"2026-1학기 신한은행 ISIC(국제학생증) 발급 행사 ""상반기 마지막! 국제학생증 will be back""",https://www.hongik.ac.kr/kr/newscenter/notice.do?mode=view&articleNo=151588&article.offset=160&articleLimit=10&noCat=29,2026.05.08,일반
151587,[한국장애인재활협회] H!두드림투게더 신규 대학(원)생 장학생 모집,https://www.hongik.ac.kr/kr/newscenter/notice.do?mode=view&articleNo=151587&article.offset=160&articleLimit=10&noCat=501,2026.05.08,장학
151569,2026학년도 1학기 강의평가 시행 안내,https://www.hongik.ac.kr/kr/newscenter/notice.do?mode=view&articleNo=151569&article.offset=170&articleLimit=10&noCat=33,2026.05.08,교강사
151564,2026학년도 하계계절학기 학점교류 신청 안내 (서강대학교),https://www.hongik.ac.kr/kr/newscenter/notice.do?mode=view&articleNo=151564&article.offset=170&articleLimit=10&noCat=500,2026.05.08,학사
151563,[세종캠퍼스] 2025학년도 후기(2026년 8월) 졸업예정자 전공명 선택 안내,https://www.hongik.ac.kr/kr/newscenter/notice.do/kr/education/notice-undergrad.do?mode=view&articleNo=151563&noCat=23,2026.05.08,학사
151521,"[인문사회융합인재양성사업(HUSS)] ""디지털 시대 - 디지털 휴머니즘과 르네상스""(ZOOM 참여)",https://www.hongik.ac.kr/kr/newscenter/notice.do?mode=view&articleNo=151521&article.offset=170&articleLimit=10&noCat=514,2026.05.07,학생활동
151514,"신입생 캠퍼스 가이드북 ""새 홍익 가족을 위하여"" 배포",https://www.hongik.ac.kr/kr/newscenter/notice.do?mode=view&articleNo=151514&article.offset=170&articleLimit=10&noCat=514,2026.05.07,학생활동
151512,[홍대신문사] 제51회 홍대 학‧예술상 작품 현상 모집,https://www.hongik.ac.kr/kr/newscenter/notice.do?mode=view&articleNo=151512&article.offset=170&articleLimit=10&noCat=514,2026.05.07,학생활동
151499,(졸업자 및 졸업예정자 대상) 미래 청년 일자리 참여자 모집,https://www.hongik.ac.kr/kr/newscenter/notice.do?mode=view&articleNo=151499&article.offset=170&articleLimit=10&noCat=396,2026.05.06,취창업
151474,(건강진료센터) [5월] 이달의 건강정보,https://www.hongik.ac.kr/kr/newscenter/notice.do?mode=view&articleNo=151474&article.offset=170&articleLimit=10&noCat=514,2026.05.06,학생활동
151464,[제26-07호] 홍익대학교 사이버강의콘텐츠 개발 용역,https://www.hongik.ac.kr/kr/newscenter/notice.do?mode=view&articleNo=151464&article.offset=170&articleLimit=10&noCat=36,2026.05.06,입찰
151457,[화성시인재육성재단] 2026년 주거비지원 장학금 장학생 모집,https://www.hongik.ac.kr/kr/newscenter/notice.do?mode=view&articleNo=151457&article.offset=180&articleLimit=10&noCat=501,2026.05.06,장학
151456,[화성시인재육성재단] 2026년 화성시인재육성재단 「꿈드림 장학금」 장학생 모집,https://www.hongik.ac.kr/kr/newscenter/notice.do?mode=view&articleNo=151456&article.offset=180&articleLimit=10&noCat=501,2026.05.06,장학
151449,[서울미래인재재단] 2026년 서울인재해외교환학생장학금 장학생 선발,https://www.hongik.ac.kr/kr/newscenter/notice.do?mode=view&articleNo=151449&article.offset=180&articleLimit=10&noCat=501,2026.05.06,장학
151446,[은평구] 2026 상반기 은평구민 장학생 선발 공고,https://www.hongik.ac.kr/kr/newscenter/notice.do?mode=view&articleNo=151446&article.offset=180&articleLimit=10&noCat=501,2026.05.06,장학
151428,2026학년도 하계계절학기 학점교류 신청 안내 (한성대학교),https://www.hongik.ac.kr/kr/newscenter/notice.do?mode=view&articleNo=151428&article.offset=180&articleLimit=10&noCat=500,2026.05.04,학사
151416,"[중앙도서관, 문정도서관] 대출 책 수 조정",https://www.hongik.ac.kr/kr/newscenter/notice.do?mode=view&articleNo=151416&article.offset=180&articleLimit=10&noCat=29,2026.05.04,일반
151415,[역사교육과] 1학기 '동양사의 이해' 외국어 통역 지원 TA 모집(긴급),https://www.hongik.ac.kr/kr/newscenter/notice.do/kr/education/notice-grad.do?mode=view&articleNo=151415&noCat=383,2026.05.04,기타
151408,내 일상이 실시간으로 중계된다고? IP카메라 비밀번호 당장 바꾸세요,https://www.hongik.ac.kr/kr/newscenter/notice.do?mode=view&articleNo=151408&article.offset=180&articleLimit=10&noCat=34,2026.05.04,보안
151394,2026학년도 하계계절학기 학점교류 신청 안내 (한국항공대학교),https://www.hongik.ac.kr/kr/newscenter/notice.do?mode=view&articleNo=151394&article.offset=180&articleLimit=10&noCat=500,2026.05.04,학사
151393,2026학년도 하계계절학기 학점교류 신청 안내 (한국외국어대학교),https://www.hongik.ac.kr/kr/newscenter/notice.do?mode=view&articleNo=151393&article.offset=190&articleLimit=10&noCat=500,2026.05.04,학사
151391,2026학년도 하계계절학기 학점교류 신청 안내 (중앙대학교),https://www.hongik.ac.kr/kr/newscenter/notice.do?mode=view&articleNo=151391&article.offset=190&articleLimit=10&noCat=500,2026.05.04,학사
151338,표준현장실습 참여학생 모집 안내 (2026학년도 하계 계절학기),https://www.hongik.ac.kr/kr/newscenter/notice.do?mode=view&articleNo=151338&article.offset=190&articleLimit=10&noCat=396,2026.04.30,취창업
151311,[대학혁신지원사업/(서울)학생상담센터] 26-1 마음건강 특강 <대인관계 의사소통 : 나와 너를 연결하는 마음의 언어>,https://www.hongik.ac.kr/kr/newscenter/notice.do?mode=view&articleNo=151311&article.offset=190&articleLimit=10&noCat=29,2026.04.29,일반
151302,[바이오헬스 혁신융합대학] [모집 마감] 2026 제5회 CO-WEEK Academy 안내,https://www.hongik.ac.kr/kr/newscenter/notice.do?mode=view&articleNo=151302&article.offset=190&articleLimit=10&noCat=29,2026.04.29,일반
151277,(서울캠퍼스) 2026학년도 하계 계절학기 일정 안내,https://www.hongik.ac.kr/kr/newscenter/notice.do?mode=view&articleNo=151277&article.offset=190&articleLimit=10&noCat=500,2026.04.28,학사
151248,[국세청] 2025년 귀속 근로장려금 자녀장려금 정기신청 안내,https://www.hongik.ac.kr/kr/newscenter/notice.do?mode=view&articleNo=151248&article.offset=190&articleLimit=10&noCat=501,2026.04.28,장학
151238,2026학년도 하계계절학기 학점교류 신청 안내 (서경대학교),https://www.hongik.ac.kr/kr/newscenter/notice.do?mode=view&articleNo=151238&article.offset=190&articleLimit=10&noCat=500,2026.04.28,학사
151235,2026학년도 하계계절학기 학점교류 신청 안내 (건국대학교),https://www.hongik.ac.kr/kr/newscenter/notice.do?mode=view&articleNo=151235&article.offset=190&articleLimit=10&noCat=500,2026.04.28,학사
151165,[입학사정관실] 2026 HI-UP 멘토랑 모집(기간 연장),https://www.hongik.ac.kr/kr/newscenter/notice.do?mode=view&articleNo=151165&article.offset=200&articleLimit=10&noCat=514,2026.04.24,학생활동
151158,[재공지] 2026 홍익인 창업 페스티벌 모집,https://www.hongik.ac.kr/kr/newscenter/notice.do?mode=view&articleNo=151158&article.offset=200&articleLimit=10&noCat=29,2026.04.24,일반
151156,[서울/취업진로지원센터] 2026학년도 1학기 2차 어학인증시험 응시장학금 지원 안내(2026.04.26~2026.07.25),https://www.hongik.ac.kr/kr/newscenter/notice.do?mode=view&articleNo=151156&article.offset=200&articleLimit=10&noCat=396,2026.04.24,취창업
151126,[서울캠퍼스]2026년도 1학기 사회봉사활동 실적 등록 안내,https://www.hongik.ac.kr/kr/newscenter/notice.do?mode=view&articleNo=151126&article.offset=200&articleLimit=10&noCat=501,2026.04.24,장학
151108,[입학사정관실] 2026 HI-UP 멘토랑 모집(기간 연장),https://www.hongik.ac.kr/kr/newscenter/notice.do?mode=view&articleNo=151108&article.offset=200&articleLimit=10&noCat=514,2026.04.23,학생활동
151091,2026학년도 하계계절학기 학점교류 신청 안내 (동국대학교),https://www.hongik.ac.kr/kr/newscenter/notice.do?mode=view&articleNo=151091&article.offset=200&articleLimit=10&noCat=500,2026.04.23,학사
151087,2026학년도 하계계절학기 학점교류 신청 안내 (서울시립대학교),https://www.hongik.ac.kr/kr/newscenter/notice.do?mode=view&articleNo=151087&article.offset=200&articleLimit=10&noCat=500,2026.04.23,학사
151084,2026학년도 하계계절학기 학점교류 신청 안내 (상명대학교),https://www.hongik.ac.kr/kr/newscenter/notice.do?mode=view&articleNo=151084&article.offset=210&articleLimit=10&noCat=500,2026.04.23,학사
151083,2026학년도 하계계절학기 학점교류 신청 안내 (삼육대학교),https://www.hongik.ac.kr/kr/newscenter/notice.do?mode=view&articleNo=151083&article.offset=210&articleLimit=10&noCat=500,2026.04.23,학사
151082,2026학년도 하계계절학기 학점교류 신청 안내 (숙명여자대학교),https://www.hongik.ac.kr/kr/newscenter/notice.do?mode=view&articleNo=151082&article.offset=210&articleLimit=10&noCat=500,2026.04.23,학사
151075,2026학년도 하계계절학기 학점교류 신청 안내 (동덕여자대학교),https://www.hongik.ac.kr/kr/newscenter/notice.do?mode=view&articleNo=151075&article.offset=210&articleLimit=10&noCat=500,2026.04.23,학사
151073,2026학년도 하계계절학기 학점교류 신청 안내 (성신여자대학교),https://www.hongik.ac.kr/kr/newscenter/notice.do?mode=view&articleNo=151073&article.offset=210&articleLimit=10&noCat=500,2026.04.23,학사
151067,[입학사정관실] 2026 HI-UP 멘토랑 모집,https://www.hongik.ac.kr/kr/newscenter/notice.do?mode=view&articleNo=151067&article.offset=210&articleLimit=10&noCat=514,2026.04.23,학생활동
151027,2026학년도 하계계절학기 학점교류 신청 안내 (서울대학교),https://www.hongik.ac.kr/kr/newscenter/notice.do?mode=view&articleNo=151027&article.offset=210&articleLimit=10&noCat=500,2026.04.22,학사
151023,[바이오헬스 혁신융합대학사업단] 2026학년도 하계 계절학기 학사일정 및 수강신청 안내,https://www.hongik.ac.kr/kr/newscenter/notice.do?mode=view&articleNo=151023&article.offset=210&articleLimit=10&noCat=29,2026.04.22,일반
151000,[한국고등교육재단] 인재림 제6기 장학생 선발,https://www.hongik.ac.kr/kr/newscenter/notice.do?mode=view&articleNo=151000&article.offset=210&articleLimit=10&noCat=501,2026.04.21,장학
150965,2026년 5월 각 군 현역병 모집계획,https://www.hongik.ac.kr/kr/newscenter/notice.do?mode=view&articleNo=150965&article.offset=210&articleLimit=10&noCat=500,2026.04.21,학사
150948,⭐[서울캠퍼스] 2026 온라인 폭력 예방교육⭐,https://www.hongik.ac.kr/kr/newscenter/notice.do?mode=view&articleNo=150948&article.offset=220&articleLimit=10&noCat=500,2026.04.21,학사
150935,[서울미래인재재단] 서울 독립유공자 후손장학금 장학생 선발 공고,https://www.hongik.ac.kr/kr/newscenter/notice.do?mode=view&articleNo=150935&article.offset=220&articleLimit=10&noCat=501,2026.04.20,장학
150929,[장애학생지원센터] 제46회 장애인의날 인식개선교육 이수캠페인(4/29(수)),https://www.hongik.ac.kr/kr/newscenter/notice.do?mode=view&articleNo=150929&article.offset=220&articleLimit=10&noCat=514,2026.04.20,학생활동
150924,[입학사정관실] 2026 HI-UP 멘토랑 모집,https://www.hongik.ac.kr/kr/newscenter/notice.do?mode=view&articleNo=150924&article.offset=220&articleLimit=10&noCat=514,2026.04.20,학생활동
150876,2026학년도 1학기 학위청구 논문 및 개별연구과제 양식 확인 및 심사 관련 안내,https://www.hongik.ac.kr/kr/newscenter/notice.do/kr/education/notice-grad.do?mode=view&articleNo=150876&noCat=377,2026.04.17,졸업
150875,[익산시] 2026년 상반기 다다익산 장학생 선발 공고,https://www.hongik.ac.kr/kr/newscenter/notice.do?mode=view&articleNo=150875&article.offset=220&articleLimit=10&noCat=501,2026.04.17,장학
150856,[건축도시대학] OMA x 홍익대학교 축소도시 특별강연 시리즈,https://www.hongik.ac.kr/kr/newscenter/notice.do?mode=view&articleNo=150856&article.offset=220&articleLimit=10&noCat=29,2026.04.17,일반
150821,[구미시] 2026년도 구미시장학재단 장학생 선발,https://www.hongik.ac.kr/kr/newscenter/notice.do?mode=view&articleNo=150821&article.offset=220&articleLimit=10&noCat=501,2026.04.16,장학
150819,2026학년도 2학기 재입학 신청 안내(학부생)(5.18~5.29 16:00),https://www.hongik.ac.kr/kr/newscenter/notice.do?mode=view&articleNo=150819&article.offset=220&articleLimit=10&noCat=500,2026.04.16,학사
150768,[중앙도서관x전북대학교 외국학술지지원센터] '농·축산·수의학' 분야 외국학술지 무료 원문복사 신청 안내(+우수이용자 이벤트 안내),https://www.hongik.ac.kr/kr/newscenter/notice.do?mode=view&articleNo=150768&article.offset=220&articleLimit=10&noCat=29,2026.04.15,일반
150767,[중앙도서관x충남대학교 외국학술지지원센터]  '행정 경영 법학' 분야 외국학술지 무료 원문복사 신청 안내,https://www.hongik.ac.kr/kr/newscenter/notice.do?mode=view&articleNo=150767&article.offset=230&articleLimit=10&noCat=29,2026.04.15,일반
150689,"2026년 대학원 대통령과학장학금 신규장학생 선발 안내(한국장학재단, 국가우수 장학금)",https://www.hongik.ac.kr/kr/newscenter/notice.do/kr/education/notice-grad.do?mode=view&articleNo=150689&noCat=379,2026.04.13,장학
150675,2026년 교내 모의토익 & 토익스피킹 공지,https://www.hongik.ac.kr/kr/newscenter/notice.do/kr/education/notice-undergrad.do?mode=view&articleNo=150675&noCat=23,2026.04.13,학사
150671,대학원 교학팀 내국인 입시 단기 근로학생 모집(~4.19),https://www.hongik.ac.kr/kr/newscenter/notice.do/kr/education/notice-grad.do?mode=view&articleNo=150671&noCat=381,2026.04.13,입시
150662,[장학팀] 교내장학생 선발시 사회봉사시간 기준 변경,https://www.hongik.ac.kr/kr/newscenter/notice.do?mode=view&articleNo=150662&article.offset=230&articleLimit=10&noCat=501,2026.04.13,장학
150577,[조교 채용] 대학원 교학팀 행정조교 모집(~4.10.(금)),https://www.hongik.ac.kr/kr/newscenter/notice.do/kr/education/notice-grad.do?mode=view&articleNo=150577&noCat=383,2026.04.09,기타
150575,[대학혁신지원사업] 2026-1학기 자율전공 러닝메이트 선정 결과 안내,https://www.hongik.ac.kr/kr/newscenter/notice.do?mode=view&articleNo=150575&article.offset=230&articleLimit=10&noCat=513,2026.04.09,대학교육혁신사업단
150557,2026년 대통령과학장학금 신규장학생 신청 안내,https://www.hongik.ac.kr/kr/newscenter/notice.do?mode=view&articleNo=150557&article.offset=230&articleLimit=10&noCat=501,2026.04.08,장학
150538,"[교수학습지원센터(서울)]2026학습법워크숍(ON) 가치를 잇다, 성장을 짓다 팀 협력 학습법1-4",https://www.hongik.ac.kr/kr/newscenter/notice.do?mode=view&articleNo=150538&article.offset=230&articleLimit=10&noCat=511,2026.04.08,교수학습지원
150536,[교수학습지원센터(서울)]2026학습법 워크숍(ON)  갓생러을 위한 뇌를 속이는 공부법1~4,https://www.hongik.ac.kr/kr/newscenter/notice.do?mode=view&articleNo=150536&article.offset=240&articleLimit=10&noCat=511,2026.04.08,교수학습지원
150470,[사회봉사시간 2시간] 26-1 재학생 지능정보서비스(인터넷·스마트폰) 과의존 예방교육,https://www.hongik.ac.kr/kr/newscenter/notice.do?mode=view&articleNo=150470&article.offset=240&articleLimit=10&noCat=514,2026.04.06,학생활동
150469,[사회봉사시간 3시간] 26-1 재학생 장애 인식개선 교육,https://www.hongik.ac.kr/kr/newscenter/notice.do?mode=view&articleNo=150469&article.offset=240&articleLimit=10&noCat=514,2026.04.06,학생활동
150418,"[취업진로지원센터] 온라인 취업솔루션(기업분석자료,자기소개서,면접) 서비스 이용안내",https://www.hongik.ac.kr/kr/newscenter/notice.do?mode=view&articleNo=150418&article.offset=240&articleLimit=10&noCat=396,2026.04.03,취창업
150417,[건강진료센터] (4월) 이달의 건강정보,https://www.hongik.ac.kr/kr/newscenter/notice.do?mode=view&articleNo=150417&article.offset=240&articleLimit=10&noCat=514,2026.04.03,학생활동
150416,[취업진로지원센터] 2026학년도 잡플래닛 제휴대학 서비스 이용안내,https://www.hongik.ac.kr/kr/newscenter/notice.do?mode=view&articleNo=150416&article.offset=240&articleLimit=10&noCat=396,2026.04.03,취창업
150387,[마포인재육성장학재단] 2026 상반기 장학생 선발계획 공고,https://www.hongik.ac.kr/kr/newscenter/notice.do?mode=view&articleNo=150387&article.offset=240&articleLimit=10&noCat=501,2026.04.02,장학
150386,[유쾌한반란] 카카오뱅크 스칼라십 장학생 모집,https://www.hongik.ac.kr/kr/newscenter/notice.do?mode=view&articleNo=150386&article.offset=240&articleLimit=10&noCat=501,2026.04.02,장학
150385,[인천인재평생교육진흥원] 2026년도 대학생 해외연수 장학생 선발 공고,https://www.hongik.ac.kr/kr/newscenter/notice.do?mode=view&articleNo=150385&article.offset=240&articleLimit=10&noCat=501,2026.04.02,장학
150367,"[대학혁신지원사업] 26-1 마음건강 특강 <대인관계 의사소통 : 나와 너를 연결하는 마음의 언어, 비폭력대화>",https://www.hongik.ac.kr/kr/newscenter/notice.do?mode=view&articleNo=150367&article.offset=240&articleLimit=10&noCat=29,2026.04.02,일반
150337,[조교채용] 세종캠퍼스 교무입시팀 조교 모집,https://www.hongik.ac.kr/kr/newscenter/notice.do?mode=view&articleNo=150337&article.offset=250&articleLimit=10&noCat=35,2026.04.01,채용/모집
150306,[대학혁신지원사업] 옴니핏 스트레스 검사 안내,https://www.hongik.ac.kr/kr/newscenter/notice.do?mode=view&articleNo=150306&article.offset=250&articleLimit=10&noCat=29,2026.04.01,일반
150293,[学生咨询中心] 留学生咨询及心理检查支援,https://www.hongik.ac.kr/kr/newscenter/notice.do?mode=view&articleNo=150293&article.offset=250&articleLimit=10&noCat=29,2026.03.31,일반
150292,[Student Counseling Center] Support for counseling and psychological tests for international students,https://www.hongik.ac.kr/kr/newscenter/notice.do?mode=view&articleNo=150292&article.offset=250&articleLimit=10&noCat=29,2026.03.31,일반
150282,[주의] 교직원 사칭 사기 주의 안내,https://www.hongik.ac.kr/kr/newscenter/notice.do?mode=view&articleNo=150282&article.offset=250&articleLimit=10&noCat=29,2026.03.31,일반
150269,[창업교육센터] 2026 창업 특강 안내,https://www.hongik.ac.kr/kr/newscenter/notice.do?mode=view&articleNo=150269&article.offset=250&articleLimit=10&noCat=29,2026.03.31,일반
150260,2026학년도 1학기 사이버강좌 중간고사 시행안내,https://www.hongik.ac.kr/kr/newscenter/notice.do?mode=view&articleNo=150260&article.offset=250&articleLimit=10&noCat=500,2026.03.31,학사
150240,[우양재단] 기명.기타 장학생 모집,https://www.hongik.ac.kr/kr/newscenter/notice.do?mode=view&articleNo=150240&article.offset=250&articleLimit=10&noCat=501,2026.03.30,장학
150219,[전북특별자치도] 2026년도 향토인재 장학생 선발,https://www.hongik.ac.kr/kr/newscenter/notice.do?mode=view&articleNo=150219&article.offset=260&articleLimit=10&noCat=501,2026.03.30,장학
150200,"2027학년도 법학적성시험(LEET) 전국순회설명회 개최_ 4월 10일(금) 14:00, 홍문관 가람홀",https://www.hongik.ac.kr/kr/newscenter/notice.do?mode=view&articleNo=150200&article.offset=260&articleLimit=10&noCat=514,2026.03.30,학생활동
150198,2026학년도 1학기 강의중간평가 시행 안내,https://www.hongik.ac.kr/kr/newscenter/notice.do?mode=view&articleNo=150198&article.offset=260&articleLimit=10&noCat=33,2026.03.30,교강사
150192,2026학년도 1학기 강의중간평가 시행 안내,https://www.hongik.ac.kr/kr/newscenter/notice.do?mode=view&articleNo=150192&article.offset=260&articleLimit=10&noCat=500,2026.03.30,학사
150170,(마감) (추가모집) [대학혁신지원사업] 2026-1 자율전공 러닝메이트 프로그램 (*멘티) 모집,https://www.hongik.ac.kr/kr/newscenter/notice.do?mode=view&articleNo=150170&article.offset=260&articleLimit=10&noCat=513,2026.03.27,대학교육혁신사업단
150152,[서울/학부 및 대학원]2026학년도 온라인 폭력예방교육 실시,https://www.hongik.ac.kr/kr/newscenter/notice.do?mode=view&articleNo=150152&article.offset=260&articleLimit=10&noCat=508,2026.03.27,기타
150151,[서울/학부 및 대학원]2026학년도 온라인 폭력예방교육 실시,https://www.hongik.ac.kr/kr/newscenter/notice.do?mode=view&articleNo=150151&article.offset=260&articleLimit=10&noCat=500,2026.03.27,학사
150121,[홍보][KOTRA홍콩무역관] '2026 마카오 글로벌호텔 해외취업 온라인 채용설명회,https://www.hongik.ac.kr/kr/newscenter/notice.do?mode=view&articleNo=150121&article.offset=260&articleLimit=10&noCat=396,2026.03.26,취창업
150115,[바이오헬스 혁신융합대학사업] 2026학년도 1학기 다전공 신청 안내,https://www.hongik.ac.kr/kr/newscenter/notice.do?mode=view&articleNo=150115&article.offset=260&articleLimit=10&noCat=29,2026.03.26,일반
150112,[춘천인재육성장학재단] 2026년도 상반기 봄내장학생 선발공고,https://www.hongik.ac.kr/kr/newscenter/notice.do?mode=view&articleNo=150112&article.offset=260&articleLimit=10&noCat=501,2026.03.26,장학
150110,[인천인재평생교육진흥원] 2026년도 상반기 장학생 선발,https://www.hongik.ac.kr/kr/newscenter/notice.do?mode=view&articleNo=150110&article.offset=270&articleLimit=10&noCat=501,2026.03.26,장학
150108,[서울미래인재재단] 서울임팩트프로젝트 선발 공고,https://www.hongik.ac.kr/kr/newscenter/notice.do?mode=view&articleNo=150108&article.offset=270&articleLimit=10&noCat=501,2026.03.26,장학
150107,[달서인재육성장학재단] 2026년 진학장학생 선발 공고,https://www.hongik.ac.kr/kr/newscenter/notice.do?mode=view&articleNo=150107&article.offset=270&articleLimit=10&noCat=501,2026.03.26,장학
150080,[세종캠퍼스] 2026학년도 1학기 사이버강좌 중간고사 시험감독 보조요원 모집,https://www.hongik.ac.kr/kr/newscenter/notice.do?mode=view&articleNo=150080&article.offset=270&articleLimit=10&noCat=504,2026.03.25,장학
150075,2026학년도 1학기 사이버강좌 중간고사 시험감독 보조요원 모집,https://www.hongik.ac.kr/kr/newscenter/notice.do?mode=view&articleNo=150075&article.offset=270&articleLimit=10&noCat=504,2026.03.25,장학
150036,(창업교육센터_서울) 2026 창업 특강 개최,https://www.hongik.ac.kr/kr/newscenter/notice.do?mode=view&articleNo=150036&article.offset=270&articleLimit=10&noCat=514,2026.03.24,학생활동
149932,2026학년도 학술연구진흥비 신청 안내,https://www.hongik.ac.kr/kr/newscenter/notice.do?mode=view&articleNo=149932&article.offset=270&articleLimit=10&noCat=33,2026.03.22,교강사
149916,[우덕재단] 우(友)장학생 모집 (생활비),https://www.hongik.ac.kr/kr/newscenter/notice.do?mode=view&articleNo=149916&article.offset=270&articleLimit=10&noCat=501,2026.03.20,장학
149909,2026학년도 1학기 논문 및 개별연구과제 심사 신청 안내(4.6.(월)~4.10.(금)),https://www.hongik.ac.kr/kr/newscenter/notice.do/kr/education/notice-grad.do?mode=view&articleNo=149909&noCat=377,2026.03.20,졸업
149901,2026년 4월 각 군 현역병 모집계획,https://www.hongik.ac.kr/kr/newscenter/notice.do?mode=view&articleNo=149901&article.offset=280&articleLimit=10&noCat=500,2026.03.20,학사
149894,[홍보] [한남대] 2026년 「반도체 공정 입문교육 및 전문가 과정」 안내,https://www.hongik.ac.kr/kr/newscenter/notice.do?mode=view&articleNo=149894&article.offset=280&articleLimit=10&noCat=396,2026.03.19,취창업
149885,2026학년도 후기 대학원 신입생 모집 안내,https://www.hongik.ac.kr/kr/newscenter/notice.do/kr/education/notice-grad.do?mode=view&articleNo=149885&noCat=381,2026.03.19,입시
149883,[취업진로지원센터] 🔥신청기간 연장🔥 2026년 1학기 중소기업 취업연계 장학사업(희망사다리 Ⅰ유형) 신규장학생 신청 안내,https://www.hongik.ac.kr/kr/newscenter/notice.do?mode=view&articleNo=149883&article.offset=280&articleLimit=10&noCat=501,2026.03.19,장학
149852,2026-1학기 학기초과자 및 미등록자 최종 등록 안내(3.26~3.30) (대학원),https://www.hongik.ac.kr/kr/newscenter/notice.do/kr/education/notice-grad.do?mode=view&articleNo=149852&noCat=380,2026.03.18,학적
149846,[서울미래인재재단] 서울인재대학장학금 장학생 선발 (생활비),https://www.hongik.ac.kr/kr/newscenter/notice.do?mode=view&articleNo=149846&article.offset=280&articleLimit=10&noCat=501,2026.03.18,장학
149844,[교수학습지원센터-세종] 기초학습클리닉 영어 관련 9개 강좌 참여 학생 모집,https://www.hongik.ac.kr/kr/newscenter/notice.do?mode=view&articleNo=149844&article.offset=280&articleLimit=10&noCat=511,2026.03.18,교수학습지원
149843,[중앙도서관x강원대학교 외국학술지지원센터] 생명공학 분야 외국학술지 무료 원문복사 신청 안내(+우수이용자 이벤트 안내),https://www.hongik.ac.kr/kr/newscenter/notice.do?mode=view&articleNo=149843&article.offset=280&articleLimit=10&noCat=29,2026.03.18,일반
149816,[중앙도서관] MacOS 환경 교외접속 시 로그인 풀림 현상 조치 방법 안내,https://www.hongik.ac.kr/kr/newscenter/notice.do?mode=view&articleNo=149816&article.offset=280&articleLimit=10&noCat=29,2026.03.18,일반
149813,[홍보] 2026년 대학생 홍보대사  WE CAN 1기 참여자 모집,https://www.hongik.ac.kr/kr/newscenter/notice.do?mode=view&articleNo=149813&article.offset=290&articleLimit=10&noCat=396,2026.03.17,취창업
149790,2027학년도 전과 전형 안내(수정),https://www.hongik.ac.kr/kr/newscenter/notice.do?mode=view&articleNo=149790&article.offset=290&articleLimit=10&noCat=500,2026.03.17,학사
149789,[도서관] 3월 도서관 이용교육(도서관 투어 & 연구방법론 교육 등),https://www.hongik.ac.kr/kr/newscenter/notice.do?mode=view&articleNo=149789&article.offset=290&articleLimit=10&noCat=29,2026.03.17,일반
149752,[도서관] RISS 학술연구정보서비스 이용 안내,https://www.hongik.ac.kr/kr/newscenter/notice.do?mode=view&articleNo=149752&article.offset=290&articleLimit=10&noCat=29,2026.03.16,일반
149747,[대학혁신지원사업] 2026 생명지킴이(게이트키퍼) 양성교육 참여자 모집,https://www.hongik.ac.kr/kr/newscenter/notice.do?mode=view&articleNo=149747&article.offset=290&articleLimit=10&noCat=29,2026.03.16,일반
149693,(마감) [대학혁신지원사업] 2026-1 러닝메이트 프로그램 (*멘토) 모집 ⚝⚝홍익대학교 서울캠퍼스 전체 재학생 대상⚝⚝ (마감),https://www.hongik.ac.kr/kr/newscenter/notice.do?mode=view&articleNo=149693&article.offset=290&articleLimit=10&noCat=513,2026.03.16,대학교육혁신사업단
149674,2026-1 유학생 도우미 프로그램 신청 안내,https://www.hongik.ac.kr/kr/newscenter/notice.do/kr/education/notice-grad.do?mode=view&articleNo=149674&noCat=379,2026.03.13,장학
149662,"[홍보]2026년 대학생 홍보대사 ""WE CAN"" 1기 참여자 모집 공고",https://www.hongik.ac.kr/kr/newscenter/notice.do?mode=view&articleNo=149662&article.offset=290&articleLimit=10&noCat=29,2026.03.13,일반
149661,(연구생 필독) 수료생 도서관 이용 안내,https://www.hongik.ac.kr/kr/newscenter/notice.do/kr/education/notice-grad.do?mode=view&articleNo=149661&noCat=377,2026.03.13,졸업
149630,[월곡주얼리산업진흥재단] 2026 월곡장학생 모집 안내,https://www.hongik.ac.kr/kr/newscenter/notice.do?mode=view&articleNo=149630&article.offset=300&articleLimit=10&noCat=501,2026.03.12,장학
149616,[경영대학] (모집완료) 2026-1학기 대학원 TAS(강의보조) 2차 모집(대학원생 대상),https://www.hongik.ac.kr/kr/newscenter/notice.do?mode=view&articleNo=149616&article.offset=300&articleLimit=10&noCat=504,2026.03.12,장학
149615,2026년 (사)맑고 향기롭게 제 7기 대학 장학생 선발 안내,https://www.hongik.ac.kr/kr/newscenter/notice.do?mode=view&articleNo=149615&article.offset=300&articleLimit=10&noCat=501,2026.03.12,장학
149608,[전학년 필독] (서울캠퍼스)2026학년도 1학기 폐강 강좌 안내,https://www.hongik.ac.kr/kr/newscenter/notice.do?mode=view&articleNo=149608&article.offset=300&articleLimit=10&noCat=500,2026.03.12,학사
149607,[Student Counseling Center] Support for counseling and psychological tests for international students,https://www.hongik.ac.kr/kr/newscenter/notice.do?mode=view&articleNo=149607&article.offset=300&articleLimit=10&noCat=29,2026.03.12,일반
149594,2026학년도 ' SW/데이터활용역량인증제 교과목 개발 지원 사업 시행' 공모 및 시행 신청 안내,https://www.hongik.ac.kr/kr/newscenter/notice.do/kr/education/notice-undergrad.do?mode=view&articleNo=149594&noCat=536,2026.03.12,대학혁신지원사업
149592,[대학혁신지원사업] 2026-1 Global Graduate School Academic Support (1:1 Tutor/Tutee) - Application,https://www.hongik.ac.kr/kr/newscenter/notice.do/kr/education/notice-grad.do?mode=view&articleNo=149592&noCat=379,2026.03.12,장학
149536,[대구동구교육재단] 2026년 대구동구교육재단 장학생 선발 안내,https://www.hongik.ac.kr/kr/newscenter/notice.do?mode=view&articleNo=149536&article.offset=300&articleLimit=10&noCat=501,2026.03.11,장학
149533,[광진복지재단] 2026 미래도약 장학지원 사업 공고 (생활비-대학추천),https://www.hongik.ac.kr/kr/newscenter/notice.do?mode=view&articleNo=149533&article.offset=300&articleLimit=10&noCat=501,2026.03.11,장학
149528,[学生咨询中心] 留学生咨询及心理检查支援,https://www.hongik.ac.kr/kr/newscenter/notice.do?mode=view&articleNo=149528&article.offset=310&articleLimit=10&noCat=29,2026.03.11,일반
149527,[취업진로지원센터] 2026년 1학기 중소기업 취업연계 장학사업(희망사다리 Ⅰ유형) 신규장학생 신청 안내,https://www.hongik.ac.kr/kr/newscenter/notice.do?mode=view&articleNo=149527&article.offset=310&articleLimit=10&noCat=501,2026.03.11,장학
149500,[바이오헬스 혁신융합대학사업단] 홍푸름 서포터즈 6기 모집,https://www.hongik.ac.kr/kr/newscenter/notice.do?mode=view&articleNo=149500&article.offset=310&articleLimit=10&noCat=514,2026.03.11,학생활동
149464,[서울/취업진로지원센터] ESG 전문가 교육과정 및 자격 프로그램 운영 안내,https://www.hongik.ac.kr/kr/newscenter/notice.do?mode=view&articleNo=149464&article.offset=310&articleLimit=10&noCat=396,2026.03.10,취창업
149445,[홍대신문사] 홍대신문사 취재부 61기 수습기자를 모집합니다.,https://www.hongik.ac.kr/kr/newscenter/notice.do?mode=view&articleNo=149445&article.offset=310&articleLimit=10&noCat=514,2026.03.10,학생활동
149430,[조교 채용] 교육대학원 행정조교 모집(~3.11.(수)),https://www.hongik.ac.kr/kr/newscenter/notice.do/kr/education/notice-grad.do?mode=view&articleNo=149430&noCat=383,2026.03.09,기타
149429,[유한재단] 2026학년도 1학기 장학생 모집(생활비),https://www.hongik.ac.kr/kr/newscenter/notice.do?mode=view&articleNo=149429&article.offset=310&articleLimit=10&noCat=501,2026.03.09,장학
149361,올바른 개인정보 관리 습관이 모여 개인정보 사고를 막는다!,https://www.hongik.ac.kr/kr/newscenter/notice.do?mode=view&articleNo=149361&article.offset=310&articleLimit=10&noCat=34,2026.03.06,보안
149282,[사단법인 점프] 2026 우아한 사장님 자녀 장학금 지원,https://www.hongik.ac.kr/kr/newscenter/notice.do?mode=view&articleNo=149282&article.offset=310&articleLimit=10&noCat=501,2026.03.05,장학
149279,[논산시] 2026년도 상반기 재단법인 논산시장학회 장학생 선발 공고,https://www.hongik.ac.kr/kr/newscenter/notice.do?mode=view&articleNo=149279&article.offset=310&articleLimit=10&noCat=501,2026.03.05,장학
149163,(대학원 재학생)어학성적증명서 제출/ Submit Result of Language Proficiency Test/ 语言成绩单提交处,https://www.hongik.ac.kr/kr/newscenter/notice.do/kr/education/notice-grad.do?mode=view&articleNo=149163&noCat=377,2026.03.04,졸업
149158,[대학혁신지원사업] 2026 신입 유학생 온라인 심리검강검사(FCPI) 실시,https://www.hongik.ac.kr/kr/newscenter/notice.do?mode=view&articleNo=149158&article.offset=320&articleLimit=10&noCat=29,2026.03.04,일반
149157,"[대학혁신지원사업] 2026 유학생 상담 및 심리검사 운영 및 신청 안내(영어, 중국어)",https://www.hongik.ac.kr/kr/newscenter/notice.do?mode=view&articleNo=149157&article.offset=320&articleLimit=10&noCat=29,2026.03.04,일반
149146,"[홍보] 💥""수료생 전원"" 신입채용 서류부터 코딩테스트까지 모두 면제💥 LG유플러스 유레카 SW 교육과정 4기 수강생 모집 중👀(~3/16(월), 13시까지)",https://www.hongik.ac.kr/kr/newscenter/notice.do?mode=view&articleNo=149146&article.offset=320&articleLimit=10&noCat=396,2026.03.04,취창업
149143,2026학년도 1학기 학점포기 신청 안내,https://www.hongik.ac.kr/kr/newscenter/notice.do?mode=view&articleNo=149143&article.offset=320&articleLimit=10&noCat=500,2026.03.04,학사
149140,2026학년도 1학기 재수강 선삭제 신청 안내,https://www.hongik.ac.kr/kr/newscenter/notice.do?mode=view&articleNo=149140&article.offset=320&articleLimit=10&noCat=500,2026.03.04,학사
149138,[홍대신문사] 홍대신문사에서 만평 기자를 모집합니다.,https://www.hongik.ac.kr/kr/newscenter/notice.do?mode=view&articleNo=149138&article.offset=320&articleLimit=10&noCat=514,2026.03.04,학생활동
149131,(마감) [대학혁신지원사업] 2026-1 자율전공 러닝메이트 프로그램 (*멘티) 모집 (마감),https://www.hongik.ac.kr/kr/newscenter/notice.do?mode=view&articleNo=149131&article.offset=320&articleLimit=10&noCat=513,2026.03.03,대학교육혁신사업단
149084,"[국제언어교육원] 2026학년도 봄 학기 정규 어학(대체강좌,맞춤형,법률영어,토익관련) 강좌 안내",https://www.hongik.ac.kr/kr/newscenter/notice.do/kr/education/notice-undergrad.do?mode=view&articleNo=149084&noCat=23,2026.03.03,학사
149078,"2026학년도 1학기 교내 외국어과정 [토익,토플,토스] 대면 및 비대면 강좌 안내",https://www.hongik.ac.kr/kr/newscenter/notice.do/kr/education/notice-undergrad.do?mode=view&articleNo=149078&noCat=23,2026.03.03,학사
149045,[세아해암학술장학재단] 2026년도 제5기 커리어챌린지 장학생 모집,https://www.hongik.ac.kr/kr/newscenter/notice.do?mode=view&articleNo=149045&article.offset=330&articleLimit=10&noCat=501,2026.02.27,장학
149032,[일주학술문화재단] 34기 국내학사 장학생 선발,https://www.hongik.ac.kr/kr/newscenter/notice.do?mode=view&articleNo=149032&article.offset=330&articleLimit=10&noCat=501,2026.02.27,장학
149006,2026-1학기 재학생 추가등록 및 분납 등록금 납부 안내 (3.12~3.16) (대학원),https://www.hongik.ac.kr/kr/newscenter/notice.do/kr/education/notice-grad.do?mode=view&articleNo=149006&noCat=380,2026.02.27,학적
149002,2026학년도 1학기 휴학·휴학 연장 추가(최종) 신청 안내(대학원),https://www.hongik.ac.kr/kr/newscenter/notice.do/kr/education/notice-grad.do?mode=view&articleNo=149002&noCat=380,2026.02.27,학적
148994,2026학년도 1학기  박사학위 청구 논문대상자 공개발표회 평가보고서 제출 안내(~3.31.(화)),https://www.hongik.ac.kr/kr/newscenter/notice.do/kr/education/notice-grad.do?mode=view&articleNo=148994&noCat=377,2026.02.26,졸업
148991,[한국선원복지고용센터] 2026년 선원가족 장학생 모집,https://www.hongik.ac.kr/kr/newscenter/notice.do?mode=view&articleNo=148991&article.offset=330&articleLimit=10&noCat=501,2026.02.26,장학
148990,[울산연구원] 2026년 상반기 장학생 선발계획 공고,https://www.hongik.ac.kr/kr/newscenter/notice.do?mode=view&articleNo=148990&article.offset=330&articleLimit=10&noCat=501,2026.02.26,장학
148987,[상아장학재단] 2026년 4기 장학생 모집 (기한연장),https://www.hongik.ac.kr/kr/newscenter/notice.do?mode=view&articleNo=148987&article.offset=340&articleLimit=10&noCat=501,2026.02.26,장학
148986,[MG 새마을금고] 2026 청년누리 장학생 모집,https://www.hongik.ac.kr/kr/newscenter/notice.do?mode=view&articleNo=148986&article.offset=340&articleLimit=10&noCat=501,2026.02.26,장학
148985,[삼원장학재단] 제24기 전기(2026년 1학기) 삼원장학생 선발 안내,https://www.hongik.ac.kr/kr/newscenter/notice.do?mode=view&articleNo=148985&article.offset=340&articleLimit=10&noCat=501,2026.02.26,장학
148977,[학부생] 2026학년도 1학기 추가 휴학 및 휴학 연장 신청 안내 (3.12~3.16),https://www.hongik.ac.kr/kr/newscenter/notice.do?mode=view&articleNo=148977&article.offset=340&articleLimit=10&noCat=500,2026.02.26,학사
148970,2026 외국인 유학생 건강보험 제도 안내,https://www.hongik.ac.kr/kr/newscenter/notice.do/kr/education/notice-grad.do?mode=view&articleNo=148970&noCat=383,2026.02.26,기타
148969,제7회 ISF(International Student Futures) 외국인유학생 취업·창업·진학 페어 및 스타트업 포럼 Career Fair and Startup Forum,https://www.hongik.ac.kr/kr/newscenter/notice.do/kr/education/notice-grad.do?mode=view&articleNo=148969&noCat=383,2026.02.26,기타
148934,[홍보] 청년 로컬 창업 포럼(서울과 지역의 창업 기회 연결) 접수,https://www.hongik.ac.kr/kr/newscenter/notice.do?mode=view&articleNo=148934&article.offset=340&articleLimit=10&noCat=29,2026.02.26,일반
148916,2026학년도 1학기 석사학위청구방법 신청(변경) 안내(3.3.(화)~3.13.(금) *추가기간 없음),https://www.hongik.ac.kr/kr/newscenter/notice.do/kr/education/notice-grad.do?mode=view&articleNo=148916&noCat=377,2026.02.25,졸업
148909,2026학년도 1학기 논문지도교수 신청(변경) 안내(3.3.(화)~3.13.(금) *추가기간 없음),https://www.hongik.ac.kr/kr/newscenter/notice.do/kr/education/notice-grad.do?mode=view&articleNo=148909&noCat=377,2026.02.25,졸업
148888,[장학팀] 2026학년도 1학기 서울캠퍼스 주거안정장학금 우선지원기준 안내,https://www.hongik.ac.kr/kr/newscenter/notice.do/kr/education/notice-undergrad.do?mode=view&articleNo=148888&noCat=24,2026.02.25,장학
148884,2026학년도 1학기 대학원 수강신청 정정 기간 안내(인원초과 과목 신청 안내 포함),https://www.hongik.ac.kr/kr/newscenter/notice.do/kr/education/notice-grad.do?mode=view&articleNo=148884&noCat=595,2026.02.25,수강
148877,[경영대학] 2026-1학기 대학원 TAS(강의보조) 2차 모집(대학원생 대상),https://www.hongik.ac.kr/kr/newscenter/notice.do?mode=view&articleNo=148877&article.offset=350&articleLimit=10&noCat=504,2026.02.25,장학
148866,2026학년도 1학기 논문 및 개별연구과제 심사 안내 책자(학과별 석사학위청구방법 현황 포함),https://www.hongik.ac.kr/kr/newscenter/notice.do/kr/education/notice-grad.do?mode=view&articleNo=148866&noCat=377,2026.02.24,졸업
148863,2026학년도 1학기 연구윤리교육 안내,https://www.hongik.ac.kr/kr/newscenter/notice.do/kr/education/notice-grad.do?mode=view&articleNo=148863&noCat=377,2026.02.24,졸업
148851,[장학팀] 2026년 1학기 푸른등대 기부장학금 신청 안내,https://www.hongik.ac.kr/kr/newscenter/notice.do/kr/education/notice-undergrad.do?mode=view&articleNo=148851&noCat=24,2026.02.24,장학
148847,2026-1학기 섬유미술패션디자인과 외국인 통역 지원 T/A 장학생 모집 공고,https://www.hongik.ac.kr/kr/newscenter/notice.do/kr/education/notice-grad.do?mode=view&articleNo=148847&noCat=379,2026.02.24,장학
148844,2026학년도 1학기 대학원 장학금 2차 신청 안내,https://www.hongik.ac.kr/kr/newscenter/notice.do/kr/education/notice-grad.do?mode=view&articleNo=148844&noCat=379,2026.02.24,장학
148838,2026학년도 1학기 사이버강좌 운영보조장학생 모집,https://www.hongik.ac.kr/kr/newscenter/notice.do?mode=view&articleNo=148838&article.offset=350&articleLimit=10&noCat=504,2026.02.24,장학
148831,2026학년도 1학기 사이버강좌 시험장소 선택 안내,https://www.hongik.ac.kr/kr/newscenter/notice.do?mode=view&articleNo=148831&article.offset=350&articleLimit=10&noCat=500,2026.02.24,학사
148812,2026학년도 1학기 등록금 분할납부 추가신청 안내 (대학원)(최종),https://www.hongik.ac.kr/kr/newscenter/notice.do/kr/education/notice-grad.do?mode=view&articleNo=148812&noCat=380,2026.02.23,학적
148801,2026학년도 1학기 사이버강좌 출석 및 수강방법 안내,https://www.hongik.ac.kr/kr/newscenter/notice.do?mode=view&articleNo=148801&article.offset=360&articleLimit=10&noCat=500,2026.02.23,학사
148787,[홍대신문사] 홍대신문사에서 만평 기자를 모집합니다.,https://www.hongik.ac.kr/kr/newscenter/notice.do?mode=view&articleNo=148787&article.offset=360&articleLimit=10&noCat=514,2026.02.23,학생활동
148744,2026학년도 1학기 학점교류 신청 안내 (국립공주대학교),https://www.hongik.ac.kr/kr/newscenter/notice.do?mode=view&articleNo=148744&article.offset=360&articleLimit=10&noCat=500,2026.02.20,학사
148736,2026학년도 1학기 등록금 분할납부 추가신청안내 (학부) (최종),https://www.hongik.ac.kr/kr/newscenter/notice.do?mode=view&articleNo=148736&article.offset=360&articleLimit=10&noCat=500,2026.02.20,학사
148689,[학점교류](타대학 → 홍대 학점교류생 필독)2026학년도 1학기 학점교류 관련 안내,https://www.hongik.ac.kr/kr/newscenter/notice.do/kr/education/notice-grad.do?mode=view&articleNo=148689&noCat=378,2026.02.20,수업
148527,"2026학년도 1학기 교양학점 초과자 및 학기초과자 수강신청, 등록 안내(학부)",https://www.hongik.ac.kr/kr/newscenter/notice.do?mode=view&articleNo=148527&article.offset=360&articleLimit=10&noCat=500,2026.02.13,학사
148525,[통영시] 2026년 1학기 통영시 대학생 등록금 전액 지원 사업 홍보,https://www.hongik.ac.kr/kr/newscenter/notice.do?mode=view&articleNo=148525&article.offset=360&articleLimit=10&noCat=501,2026.02.13,장학
148524,[강남구] 2026년 상반기 강남구 장학생 선발,https://www.hongik.ac.kr/kr/newscenter/notice.do?mode=view&articleNo=148524&article.offset=360&articleLimit=10&noCat=501,2026.02.13,장학
148522,2026학년도 1학기 대학원 봉사장학생 선발,https://www.hongik.ac.kr/kr/newscenter/notice.do/kr/education/notice-grad.do?mode=view&articleNo=148522&noCat=379,2026.02.12,장학
148517,학자금 지원 구간 개편 안내(2027년 예정),https://www.hongik.ac.kr/kr/newscenter/notice.do/kr/education/notice-undergrad.do?mode=view&articleNo=148517&noCat=24,2026.02.12,장학
148503,2026학년도 편입생 오리엔테이션 안내(세종캠퍼스),https://www.hongik.ac.kr/kr/newscenter/notice.do/kr/education/notice-undergrad.do?mode=view&articleNo=148503&noCat=23,2026.02.11,학사
148483,[패션대학원] 2026학년도 1학기 대학원 봉사장학생 선발,https://www.hongik.ac.kr/kr/newscenter/notice.do/kr/education/notice-grad.do?mode=view&articleNo=148483&noCat=379,2026.02.11,장학
148475,[재단법인 지관] 인문 지혜 장학생 판플러스(PAN+) 모집,https://www.hongik.ac.kr/kr/newscenter/notice.do?mode=view&articleNo=148475&article.offset=370&articleLimit=10&noCat=501,2026.02.11,장학
148472,[학부] 2026학년도 폭력예방교육 이수에 따른 사회봉사 시간 인정 제도 폐지 안내,https://www.hongik.ac.kr/kr/newscenter/notice.do?mode=view&articleNo=148472&article.offset=370&articleLimit=10&noCat=500,2026.02.11,학사
148430,2026학년도 1학기 학점교류 학생 학번조회 안내(안),https://www.hongik.ac.kr/kr/newscenter/notice.do?mode=view&articleNo=148430&article.offset=370&articleLimit=10&noCat=500,2026.02.10,학사
148403,2026春季学号查询以及新生向导,https://www.hongik.ac.kr/kr/newscenter/notice.do/kr/education/notice-grad.do?mode=view&articleNo=148403&noCat=382,2026.02.10,외국인입시
148402,2026 Spring Semester Students ID & Orientation Article,https://www.hongik.ac.kr/kr/newscenter/notice.do/kr/education/notice-grad.do?mode=view&articleNo=148402&noCat=382,2026.02.10,외국인입시
148358,2026학년도 학생증 신청안내,https://www.hongik.ac.kr/kr/newscenter/notice.do?mode=view&articleNo=148358&article.offset=370&articleLimit=10&noCat=500,2026.02.09,학사
148351,[세아해암학술장학재단] 2026년도 제5기 커리어챌린지 장학생 모집,https://www.hongik.ac.kr/kr/newscenter/notice.do?mode=view&articleNo=148351&article.offset=370&articleLimit=10&noCat=501,2026.02.09,장학
148298,‘털린 내정보’ 이메일 주소로도 확인할 수 있다,https://www.hongik.ac.kr/kr/newscenter/notice.do?mode=view&articleNo=148298&article.offset=370&articleLimit=10&noCat=34,2026.02.07,보안
148284,(수료생 필독) 2026학년도 1학기 연구등록금/연구생증명비 납부 안내,https://www.hongik.ac.kr/kr/newscenter/notice.do/kr/education/notice-grad.do?mode=view&articleNo=148284&noCat=377,2026.02.06,졸업
148281,【外籍结业（预定）学生必填】回国或在韩停留情况调查,https://www.hongik.ac.kr/kr/newscenter/notice.do/kr/education/notice-grad.do?mode=view&articleNo=148281&noCat=377,2026.02.06,졸업
148279,[Required for International Completion (Expected) Students] Survey on Return or Stay Status,https://www.hongik.ac.kr/kr/newscenter/notice.do/kr/education/notice-grad.do?mode=view&articleNo=148279&noCat=377,2026.02.06,졸업
148277,[외국국적 수료(예정)자 필수] 귀국 혹은 체류 여부 설문 조사 필수 참여,https://www.hongik.ac.kr/kr/newscenter/notice.do/kr/education/notice-grad.do?mode=view&articleNo=148277&noCat=377,2026.02.06,졸업
148263,2026년 제1차 서울시 학자금대출이자 지원 사업 안내,https://www.hongik.ac.kr/kr/newscenter/notice.do/kr/education/notice-undergrad.do?mode=view&articleNo=148263&noCat=24,2026.02.06,장학
148252,2026학년도 1학기 학기초과자(수업연한초과자) 및 수료수강생 등록금 납부 안내,https://www.hongik.ac.kr/kr/newscenter/notice.do/kr/education/notice-grad.do?mode=view&articleNo=148252&noCat=595,2026.02.06,수강
148244,[상아장학재단] 2026년 IT&게임 4기 장학생 선발,https://www.hongik.ac.kr/kr/newscenter/notice.do?mode=view&articleNo=148244&article.offset=380&articleLimit=10&noCat=501,2026.02.05,장학
148231,서울미래인재재단(서울장학재단) 비전선포식 개최 안내,https://www.hongik.ac.kr/kr/newscenter/notice.do?mode=view&articleNo=148231&article.offset=380&articleLimit=10&noCat=501,2026.02.05,장학
148230,졸업가운 대여 및 졸업물품 배부 안내(서울캠퍼스 학부생),https://www.hongik.ac.kr/kr/newscenter/notice.do?mode=view&articleNo=148230&article.offset=380&articleLimit=10&noCat=500,2026.02.05,학사
148222,2026학년도 1학기 학점교류 신청 안내 (광운대학교),https://www.hongik.ac.kr/kr/newscenter/notice.do?mode=view&articleNo=148222&article.offset=380&articleLimit=10&noCat=500,2026.02.05,학사
148203,2026학년도 전기 신입생 학점인정 관련 서류 제출 안내​(학·석사 연계과정 포함),https://www.hongik.ac.kr/kr/newscenter/notice.do/kr/education/notice-grad.do?mode=view&articleNo=148203&noCat=378,2026.02.04,수업
148202,교내 안전을 위한 개인형 이동장치 출입 연관 안내 및 협조,https://www.hongik.ac.kr/kr/newscenter/notice.do?mode=view&articleNo=148202&article.offset=390&articleLimit=10&noCat=29,2026.02.04,일반
148194,2026학년도 1학기 학자금 대출 신청 안내,https://www.hongik.ac.kr/kr/newscenter/notice.do/kr/education/notice-grad.do?mode=view&articleNo=148194&noCat=383,2026.02.04,기타
148178,2026학년도 1학기 휴학 및 휴학 연장 신청 안내 (대학원),https://www.hongik.ac.kr/kr/newscenter/notice.do/kr/education/notice-grad.do?mode=view&articleNo=148178&noCat=380,2026.02.04,학적
148169,(대학원)2026학년도 1학기 추가 복학 신청 안내 (2.5~2.10),https://www.hongik.ac.kr/kr/newscenter/notice.do/kr/education/notice-grad.do?mode=view&articleNo=148169&noCat=380,2026.02.04,학적
148167,2026-1학기 최종 복학 및 휴학(연장) 신청 안내,https://www.hongik.ac.kr/kr/newscenter/notice.do?mode=view&articleNo=148167&article.offset=390&articleLimit=10&noCat=500,2026.02.04,학사
148166,2026학년도 1학기 등록금 분할납부 신청안내(학부),https://www.hongik.ac.kr/kr/newscenter/notice.do?mode=view&articleNo=148166&article.offset=390&articleLimit=10&noCat=500,2026.02.04,학사
148160,2026학년도 1학기 재학생 등록 및 등록금 납부 안내 (대학원),https://www.hongik.ac.kr/kr/newscenter/notice.do/kr/education/notice-grad.do?mode=view&articleNo=148160&noCat=380,2026.02.04,학적
148159,2026학년도 1학기 등록금 분할납부 신청 안내 (대학원),https://www.hongik.ac.kr/kr/newscenter/notice.do/kr/education/notice-grad.do?mode=view&articleNo=148159&noCat=380,2026.02.04,학적
148154,[학점교류]2026학년도 1학기 서강대학교 일반대학원 학점교류 신청 안내(에너지인력양성사업 해당),https://www.hongik.ac.kr/kr/newscenter/notice.do/kr/education/notice-grad.do?mode=view&articleNo=148154&noCat=378,2026.02.03,수업
148107,2026학년도 1학기 학기재수강 추가 신청 안내,https://www.hongik.ac.kr/kr/newscenter/notice.do?mode=view&articleNo=148107&article.offset=400&articleLimit=10&noCat=500,2026.02.03,학사
148102,[서울캠퍼스] 2026년도 1학기 국가근로 및 교내봉사 장학생 선발안내,https://www.hongik.ac.kr/kr/newscenter/notice.do?mode=view&articleNo=148102&article.offset=400&articleLimit=10&noCat=501,2026.02.03,장학
148086,2026학년도 1학기 학점교류 신청 안내 (추계예술대학교),https://www.hongik.ac.kr/kr/newscenter/notice.do?mode=view&articleNo=148086&article.offset=400&articleLimit=10&noCat=500,2026.02.03,학사
148073,[DB김준기문화재단] 제16회 DB보험금융공모전(IFC) 개최 안내,https://www.hongik.ac.kr/kr/newscenter/notice.do?mode=view&articleNo=148073&article.offset=400&articleLimit=10&noCat=501,2026.02.02,장학
148064,2026학년도 1학기 학점교류 신청 안내 (숭실대학교),https://www.hongik.ac.kr/kr/newscenter/notice.do?mode=view&articleNo=148064&article.offset=400&articleLimit=10&noCat=500,2026.02.02,학사
148043,2026년 2월 졸업대상자 졸업사정결과 조회 안내(학부),https://www.hongik.ac.kr/kr/newscenter/notice.do?mode=view&articleNo=148043&article.offset=400&articleLimit=10&noCat=500,2026.02.02,학사
148035,[사단법인 점프] 모두의 멘토링 사업 안내,https://www.hongik.ac.kr/kr/newscenter/notice.do?mode=view&articleNo=148035&article.offset=400&articleLimit=10&noCat=501,2026.02.02,장학
147936,[제주삼다수재단] 2026년도 삼다수 장학생 모집 공고,https://www.hongik.ac.kr/kr/newscenter/notice.do?mode=view&articleNo=147936&article.offset=400&articleLimit=10&noCat=501,2026.01.29,장학
147927,2026학년도 1학기 학점교류 신청 안내 (서경대학교),https://www.hongik.ac.kr/kr/newscenter/notice.do?mode=view&articleNo=147927&article.offset=400&articleLimit=10&noCat=500,2026.01.28,학사
147926,2026학년도 1학기 학점교류 신청 안내 (한국항공대학교),https://www.hongik.ac.kr/kr/newscenter/notice.do?mode=view&articleNo=147926&article.offset=400&articleLimit=10&noCat=500,2026.01.28,학사
147925,2026학년도 1학기 학점교류 신청 안내 (한성대학교),https://www.hongik.ac.kr/kr/newscenter/notice.do?mode=view&articleNo=147925&article.offset=410&articleLimit=10&noCat=500,2026.01.28,학사
147924,2026학년도 1학기 학점교류 신청 안내 (동덕여자대학교),https://www.hongik.ac.kr/kr/newscenter/notice.do?mode=view&articleNo=147924&article.offset=410&articleLimit=10&noCat=500,2026.01.28,학사
147919,[장학팀] 2026년 1학기 국가장학금 2차 신청 안내(2.3~3.17),https://www.hongik.ac.kr/kr/newscenter/notice.do/kr/education/notice-undergrad.do?mode=view&articleNo=147919&noCat=24,2026.01.28,장학
147909,(재공고)[제25-72호]정년퇴임교원 기념품(금반지) 제작,https://www.hongik.ac.kr/kr/newscenter/notice.do?mode=view&articleNo=147909&article.offset=410&articleLimit=10&noCat=36,2026.01.28,입찰
147908,2026학년도 1학기 2차 주거안정장학금 신청 안내,https://www.hongik.ac.kr/kr/newscenter/notice.do/kr/education/notice-undergrad.do?mode=view&articleNo=147908&noCat=24,2026.01.28,장학
147887,[KT] 2026년 KT디지털인재장학생 선발 안내문,https://www.hongik.ac.kr/kr/newscenter/notice.do?mode=view&articleNo=147887&article.offset=410&articleLimit=10&noCat=501,2026.01.27,장학
147880,2026학년도 교직과정 이수신청서 접수안내,https://www.hongik.ac.kr/kr/newscenter/notice.do?mode=view&articleNo=147880&article.offset=410&articleLimit=10&noCat=500,2026.01.27,학사
147861,2026학년도 1학기 수강신청 부정행위 관리 시행 안내,https://www.hongik.ac.kr/kr/newscenter/notice.do?mode=view&articleNo=147861&article.offset=410&articleLimit=10&noCat=500,2026.01.27,학사
147859,[교육대학원] 실험참가자 모집 공고문 - 그림도판에 대한 내러티브 반응 실험,https://www.hongik.ac.kr/kr/newscenter/notice.do?mode=view&articleNo=147859&article.offset=410&articleLimit=10&noCat=29,2026.01.27,일반
147843,2026학년도 1학기 학점교류 신청 안내 (서강대학교),https://www.hongik.ac.kr/kr/newscenter/notice.do?mode=view&articleNo=147843&article.offset=410&articleLimit=10&noCat=500,2026.01.26,학사
147833,재병역판정검사 일자 및 장소 본인선택 안내,https://www.hongik.ac.kr/kr/newscenter/notice.do?mode=view&articleNo=147833&article.offset=420&articleLimit=10&noCat=500,2026.01.26,학사
147826,[홍보] 💥KB국민은행 서류면제 혜택 + 약300만원 상당 지원금 제공💥  KB IT's Your Life7기 수강생 2차 모집 중👀(~2/9(월) 09시까지),https://www.hongik.ac.kr/kr/newscenter/notice.do?mode=view&articleNo=147826&article.offset=420&articleLimit=10&noCat=396,2026.01.26,취창업
147821,[학점교류]2026학년도 1학기 서울여자대학교 일반대학원 학점교류 신청 안내,https://www.hongik.ac.kr/kr/newscenter/notice.do/kr/education/notice-grad.do?mode=view&articleNo=147821&noCat=378,2026.01.26,수업
147796,2026학년도 1학기 학점교류 신청 안내 (성신여자대학교),https://www.hongik.ac.kr/kr/newscenter/notice.do?mode=view&articleNo=147796&article.offset=420&articleLimit=10&noCat=500,2026.01.23,학사
147760,[제25-66호] 서울캠퍼스 25-2차 교육환경개선 전동스크린 등 7종 구입,https://www.hongik.ac.kr/kr/newscenter/notice.do?mode=view&articleNo=147760&article.offset=420&articleLimit=10&noCat=36,2026.01.22,입찰
147753,[재단법인은평구민장학재단] 2026 지역사회기여 장학생 모집 안내,https://www.hongik.ac.kr/kr/newscenter/notice.do?mode=view&articleNo=147753&article.offset=420&articleLimit=10&noCat=501,2026.01.22,장학
147747,2026학년도 1학기 학점교류 신청 안내 (삼육대학교),https://www.hongik.ac.kr/kr/newscenter/notice.do?mode=view&articleNo=147747&article.offset=420&articleLimit=10&noCat=500,2026.01.22,학사
147745,2026학년도 1학기 논문제출시한 경과자 특례조치(제출시한 연장) 및 소급적용 신청 안내(2.2.(월)~20.(금)),https://www.hongik.ac.kr/kr/newscenter/notice.do/kr/education/notice-grad.do?mode=view&articleNo=147745&noCat=377,2026.01.22,졸업
147744,2026학년도 1학기 수료생의 교과목 수강 및 교과목 이수학점 졸업 신청 안내(2.2.(월)~20.(금)),https://www.hongik.ac.kr/kr/newscenter/notice.do/kr/education/notice-grad.do?mode=view&articleNo=147744&noCat=377,2026.01.22,졸업
147713,[학점교류]2026학년도 1학기 서울시립대학교 일반대학원 학점교류 신청 안내,https://www.hongik.ac.kr/kr/newscenter/notice.do/kr/education/notice-grad.do?mode=view&articleNo=147713&noCat=378,2026.01.21,수업
147709,바이오헬스 혁신융합대학 2025학년도 2학기 성과형 장학금 신청 안내,https://www.hongik.ac.kr/kr/newscenter/notice.do?mode=view&articleNo=147709&article.offset=430&articleLimit=10&noCat=29,2026.01.21,일반
147703,[학점교류]2026학년도 1학기 건국대학교 일반대학원 학점교류 신청 안내,https://www.hongik.ac.kr/kr/newscenter/notice.do/kr/education/notice-grad.do?mode=view&articleNo=147703&noCat=378,2026.01.21,수업
147668,2026학년도 전기 신입생 오리엔테이션 안내 책자 및 수강신청 안내문,https://www.hongik.ac.kr/kr/newscenter/notice.do/kr/education/notice-grad.do?mode=view&articleNo=147668&noCat=381,2026.01.20,입시
147664,[학점교류]2026학년도 1학기 세종대학교 일반대학원 학점교류 신청 안내(우주분야 전문인력양성사업 해당),https://www.hongik.ac.kr/kr/newscenter/notice.do/kr/education/notice-grad.do?mode=view&articleNo=147664&noCat=378,2026.01.20,수업
147660,2026학년도 1학기 학점교류 신청 안내 (상명대학교),https://www.hongik.ac.kr/kr/newscenter/notice.do?mode=view&articleNo=147660&article.offset=430&articleLimit=10&noCat=500,2026.01.20,학사
147658,2026학년도 1학기 학점교류 신청 안내 (명지대학교),https://www.hongik.ac.kr/kr/newscenter/notice.do?mode=view&articleNo=147658&article.offset=430&articleLimit=10&noCat=500,2026.01.20,학사
147640,2026학년도 학생증 발급 신청 안내,https://www.hongik.ac.kr/kr/newscenter/notice.do/kr/education/notice-grad.do?mode=view&articleNo=147640&noCat=383,2026.01.20,기타
147639,2025학년도 전기 학위수여식(제76회) 및 학위기 배부 ·석사학위가운 대여 안내,https://www.hongik.ac.kr/kr/newscenter/notice.do/kr/education/notice-grad.do?mode=view&articleNo=147639&noCat=377,2026.01.20,졸업
147638,2026년 2월 대학원 졸업예정자 졸업사정결과 조회 안내(1.20.(화)~2.6.(금)),https://www.hongik.ac.kr/kr/newscenter/notice.do/kr/education/notice-grad.do?mode=view&articleNo=147638&noCat=377,2026.01.20,졸업
147636,[신라문화장학재단] 2026년도 신라문화장학재단 신규장학생 공개 선발,https://www.hongik.ac.kr/kr/newscenter/notice.do?mode=view&articleNo=147636&article.offset=430&articleLimit=10&noCat=501,2026.01.20,장학
147615,2026학년도 신입생 입학식 안내,https://www.hongik.ac.kr/kr/newscenter/notice.do?mode=view&articleNo=147615&article.offset=440&articleLimit=10&noCat=500,2026.01.19,학사
147614,(제76회) 2025학년도 전기 학위수여식 참석 안내(학부),https://www.hongik.ac.kr/kr/newscenter/notice.do?mode=view&articleNo=147614&article.offset=440&articleLimit=10&noCat=500,2026.01.19,학사
147612,2026학년도 1학기 학점교류 신청 안내 (중앙대학교),https://www.hongik.ac.kr/kr/newscenter/notice.do?mode=view&articleNo=147612&article.offset=440&articleLimit=10&noCat=500,2026.01.19,학사
147605,2026년 2월 대학원 졸업예정자 세부전공명/학위명 선택 안내(1.19.(월)~1.26.(월)),https://www.hongik.ac.kr/kr/newscenter/notice.do/kr/education/notice-grad.do?mode=view&articleNo=147605&noCat=377,2026.01.19,졸업
147604,[학점교류]2026학년도 1학기 경희대학교(국제캠퍼스) 일반대학원 학점교류 신청 안내(에너지인력양성사업 해당),https://www.hongik.ac.kr/kr/newscenter/notice.do/kr/education/notice-grad.do?mode=view&articleNo=147604&noCat=378,2026.01.19,수업
147598,2026학년도 1학기 대학원 수강신청 일정 및 방법 안내,https://www.hongik.ac.kr/kr/newscenter/notice.do/kr/education/notice-grad.do?mode=view&articleNo=147598&noCat=595,2026.01.19,수강
147562,영문학위기 발행을 위한 영문이름 정정 안내 (수정기간: 1/16 ~ 1/26),https://www.hongik.ac.kr/kr/newscenter/notice.do/kr/education/notice-grad.do?mode=view&articleNo=147562&noCat=377,2026.01.16,졸업
147560,[제25-61호] 2025학년도 학위수여식 학생 포상 메달 제작,https://www.hongik.ac.kr/kr/newscenter/notice.do?mode=view&articleNo=147560&article.offset=440&articleLimit=10&noCat=36,2026.01.16,입찰
147552,[학점교류]2026학년도 1학기 한성대학교 일반대학원 학점교류 신청 안내,https://www.hongik.ac.kr/kr/newscenter/notice.do/kr/education/notice-grad.do?mode=view&articleNo=147552&noCat=378,2026.01.16,수업
147551,2026학년도 1학기 학점교류 신청 안내 (세종대학교),https://www.hongik.ac.kr/kr/newscenter/notice.do?mode=view&articleNo=147551&article.offset=440&articleLimit=10&noCat=500,2026.01.16,학사
147550,2026학년도 1학기 학점교류 신청 안내 (숙명여자대학교),https://www.hongik.ac.kr/kr/newscenter/notice.do?mode=view&articleNo=147550&article.offset=450&articleLimit=10&noCat=500,2026.01.16,학사
147549,[조교 채용] 사범대학 행정실 조교 모집,https://www.hongik.ac.kr/kr/newscenter/notice.do?mode=view&articleNo=147549&article.offset=450&articleLimit=10&noCat=35,2026.01.16,채용/모집
147546,[학점교류]2026학년도 1학기 숙명여자대학교 일반대학원 학점교류 신청 안내,https://www.hongik.ac.kr/kr/newscenter/notice.do/kr/education/notice-grad.do?mode=view&articleNo=147546&noCat=378,2026.01.16,수업
147545,[학점교류]2026학년도 1학기 경희대학교 일반대학원 학점교류 신청 안내,https://www.hongik.ac.kr/kr/newscenter/notice.do/kr/education/notice-grad.do?mode=view&articleNo=147545&noCat=378,2026.01.16,수업
147544,[학점교류]2026학년도 1학기 한국외국어대학교 일반대학원 학점교류 신청 안내,https://www.hongik.ac.kr/kr/newscenter/notice.do/kr/education/notice-grad.do?mode=view&articleNo=147544&noCat=378,2026.01.16,수업
147543,[학점교류]2026학년도 1학기 한양대학교 일반대학원 학점교류 신청 안내,https://www.hongik.ac.kr/kr/newscenter/notice.do/kr/education/notice-grad.do?mode=view&articleNo=147543&noCat=378,2026.01.16,수업
147541,[학점교류]2026학년도 1학기 조선대학교 일반대학원 학점교류 신청 안내(에너지인력양성사업 해당),https://www.hongik.ac.kr/kr/newscenter/notice.do/kr/education/notice-grad.do?mode=view&articleNo=147541&noCat=378,2026.01.16,수업
147535,2026-1학기 복학‧휴학 신청 안내_ 자주 묻는 QnA,https://www.hongik.ac.kr/kr/newscenter/notice.do?mode=view&articleNo=147535&article.offset=450&articleLimit=10&noCat=500,2026.01.16,학사
147534,"2026-1학기 복학‧휴학 신청 안내_ 문의처, 반드시 알아야 할 사항(전학년 필독), 주요 학사일정, 휴/복학 신청 방법",https://www.hongik.ac.kr/kr/newscenter/notice.do?mode=view&articleNo=147534&article.offset=450&articleLimit=10&noCat=500,2026.01.16,학사
147521,[조교 채용] 서울캠퍼스 자율전공 행정실 조교 모집,https://www.hongik.ac.kr/kr/newscenter/notice.do?mode=view&articleNo=147521&article.offset=450&articleLimit=10&noCat=35,2026.01.15,채용/모집
147514,2026학년도 1학기 학기재수강 신청 안내,https://www.hongik.ac.kr/kr/newscenter/notice.do?mode=view&articleNo=147514&article.offset=460&articleLimit=10&noCat=500,2026.01.15,학사
147476,"[홍보] ""SoC설계코어드라이브과정"" 교육생 모집",https://www.hongik.ac.kr/kr/newscenter/notice.do?mode=view&articleNo=147476&article.offset=460&articleLimit=10&noCat=396,2026.01.14,취창업
147467,2026학년도 1학기 학점교류 신청 안내 (계명대학교),https://www.hongik.ac.kr/kr/newscenter/notice.do?mode=view&articleNo=147467&article.offset=460&articleLimit=10&noCat=500,2026.01.14,학사
147466,2026학년도 1학기 학점교류 신청 안내 (한국외국어대학교),https://www.hongik.ac.kr/kr/newscenter/notice.do?mode=view&articleNo=147466&article.offset=460&articleLimit=10&noCat=500,2026.01.14,학사
147461,(대학원)2026학년도 1학기 복학 신청 안내,https://www.hongik.ac.kr/kr/newscenter/notice.do/kr/education/notice-grad.do?mode=view&articleNo=147461&noCat=380,2026.01.14,학적
147328,2026년 Power Engineering School(PES) Winter Camp(33기) 참가대학생 모집,https://www.hongik.ac.kr/kr/newscenter/notice.do?mode=view&articleNo=147328&article.offset=460&articleLimit=10&noCat=501,2026.01.09,장학
147327,[세종캠퍼스] 2025학년도 전기(2026년 2월) 졸업예정자 전공명 선택 안내(2차),https://www.hongik.ac.kr/kr/newscenter/notice.do?mode=view&articleNo=147327&article.offset=460&articleLimit=10&noCat=500,2026.01.09,학사
147322,[우양재단] 2026년 우양재단 신규 장학생(마루ㆍ나래ㆍ다솜) 모집,https://www.hongik.ac.kr/kr/newscenter/notice.do?mode=view&articleNo=147322&article.offset=460&articleLimit=10&noCat=501,2026.01.09,장학
147311,[패션대학원] 대학원생 봉사장학생 모집 공고,https://www.hongik.ac.kr/kr/newscenter/notice.do/kr/education/notice-grad.do?mode=view&articleNo=147311&noCat=379,2026.01.09,장학
147280,[서울캠퍼스] 2025학년도 전기(2026년 2월) 졸업예정자 전공명 선택 안내(2차),https://www.hongik.ac.kr/kr/newscenter/notice.do?mode=view&articleNo=147280&article.offset=460&articleLimit=10&noCat=500,2026.01.09,학사
147223,2026학년도 1학기 학점교류 신청 안내 (서울여자대학교),https://www.hongik.ac.kr/kr/newscenter/notice.do?mode=view&articleNo=147223&article.offset=470&articleLimit=10&noCat=500,2026.01.08,학사
147220,2026학년도 1학기 학점교류 신청 안내 (서울시립대학교),https://www.hongik.ac.kr/kr/newscenter/notice.do?mode=view&articleNo=147220&article.offset=470&articleLimit=10&noCat=500,2026.01.08,학사
147199,2025학년도 동계계절학기 성적조회 안내,https://www.hongik.ac.kr/kr/newscenter/notice.do?mode=view&articleNo=147199&article.offset=470&articleLimit=10&noCat=500,2026.01.08,학사
147196,2025학년도 동계계절학기 성적 처리 안내,https://www.hongik.ac.kr/kr/newscenter/notice.do?mode=view&articleNo=147196&article.offset=470&articleLimit=10&noCat=33,2026.01.08,교강사
147165,[취업진로지원센터] 2026년도 전국 지역인재 7급 수습직원 추천대상자 선발 안내,https://www.hongik.ac.kr/kr/newscenter/notice.do?mode=view&articleNo=147165&article.offset=470&articleLimit=10&noCat=396,2026.01.07,취창업
147164,"동계방학 도서관 정기교육 안내(SCI 저널 논문 검색법 등, 맞춤 교육 신청 환영!)",https://www.hongik.ac.kr/kr/newscenter/notice.do/kr/education/notice-grad.do?mode=view&articleNo=147164&noCat=377,2026.01.07,졸업
147148,2026학년도 1학기 학점교류 신청 안내 (성공회대학교),https://www.hongik.ac.kr/kr/newscenter/notice.do?mode=view&articleNo=147148&article.offset=470&articleLimit=10&noCat=500,2026.01.07,학사
147146,2026학년도 1학기 학점교류 신청 안내 (가톨릭대학교),https://www.hongik.ac.kr/kr/newscenter/notice.do?mode=view&articleNo=147146&article.offset=470&articleLimit=10&noCat=500,2026.01.07,학사
147125,2026학년도 1학기 학점교류 신청 안내 (동국대학교),https://www.hongik.ac.kr/kr/newscenter/notice.do?mode=view&articleNo=147125&article.offset=470&articleLimit=10&noCat=500,2026.01.06,학사
147124,2026학년도 1학기 학점교류 신청 안내 (서울과학기술대학교),https://www.hongik.ac.kr/kr/newscenter/notice.do?mode=view&articleNo=147124&article.offset=470&articleLimit=10&noCat=500,2026.01.06,학사
147116,2026학년도 1학기 대학원 재학생 장학금 1차 신청 안내,https://www.hongik.ac.kr/kr/newscenter/notice.do/kr/education/notice-grad.do?mode=view&articleNo=147116&noCat=379,2026.01.06,장학
147111,2026학년도 1학기 대학원 신입생 장학금 신청 안내,https://www.hongik.ac.kr/kr/newscenter/notice.do/kr/education/notice-grad.do?mode=view&articleNo=147111&noCat=379,2026.01.06,장학
147097,2026년 1학기 농촌출신대학(원)생 학자금대출,https://www.hongik.ac.kr/kr/newscenter/notice.do/kr/education/notice-undergrad.do?mode=view&articleNo=147097&noCat=24,2026.01.06,장학
147092,[홍보] 2026년 매력일자리 AI활용 공간정보구축사업 참여 안내,https://www.hongik.ac.kr/kr/newscenter/notice.do?mode=view&articleNo=147092&article.offset=480&articleLimit=10&noCat=396,2026.01.06,취창업
147086,[법학도서관] 법학도서관 휴관 안내,https://www.hongik.ac.kr/kr/newscenter/notice.do?mode=view&articleNo=147086&article.offset=480&articleLimit=10&noCat=29,2026.01.06,일반
147067,2025학년도 2학기 학생 포상 신청 안내,https://www.hongik.ac.kr/kr/newscenter/notice.do/kr/education/notice-grad.do?mode=view&articleNo=147067&noCat=383,2026.01.06,기타
147049,2026년 상반기 경기도 대학생 학자금 대출이자 지원사업,https://www.hongik.ac.kr/kr/newscenter/notice.do/kr/education/notice-undergrad.do?mode=view&articleNo=147049&noCat=24,2026.01.05,장학
147044,2026학년도 1학기 「서울영커리언스 인턴십(봄학기)」참여자 모집 공고,https://www.hongik.ac.kr/kr/newscenter/notice.do?mode=view&articleNo=147044&article.offset=480&articleLimit=10&noCat=396,2026.01.05,취창업
146980,2026학년도 1학기 ​학·석사 연계과정 모집,https://www.hongik.ac.kr/kr/newscenter/notice.do/kr/education/notice-undergrad.do?mode=view&articleNo=146980&noCat=23,2026.01.02,학사
146917,2025학년도 동계계절학기 사이버강좌 기말고사 시행 안내,https://www.hongik.ac.kr/kr/newscenter/notice.do?mode=view&articleNo=146917&article.offset=490&articleLimit=10&noCat=500,2025.12.31,학사
146905,2026학년도 1학기 공연예술 융합전공 신청 안내,https://www.hongik.ac.kr/kr/newscenter/notice.do?mode=view&articleNo=146905&article.offset=490&articleLimit=10&noCat=500,2025.12.31,학사
146876,[홍보] [한남대] 「기업 맞춤형 반도체 취업전략」 과정 홍보,https://www.hongik.ac.kr/kr/newscenter/notice.do?mode=view&articleNo=146876&article.offset=490&articleLimit=10&noCat=396,2025.12.30,취창업
146872,2025학년도 전기(2026년 2월) 졸업예정자 부전공 및 융합전공 졸업 자격취득 신청 안내,https://www.hongik.ac.kr/kr/newscenter/notice.do?mode=view&articleNo=146872&article.offset=490&articleLimit=10&noCat=500,2025.12.30,학사
146861,"(세종캠퍼스)2026학년도 1학기 주전공 선택 및 변경, 자율전공 학생의 학과진입 신청 안내",https://www.hongik.ac.kr/kr/newscenter/notice.do/kr/education/notice-undergrad.do?mode=view&articleNo=146861&noCat=23,2025.12.30,학사
146855,"2026학년도 1학기 복수전공, 부전공, 융합전공, 미세전공 신청 안내",https://www.hongik.ac.kr/kr/newscenter/notice.do?mode=view&articleNo=146855&article.offset=490&articleLimit=10&noCat=500,2025.12.30,학사
146851,"(서울캠퍼스) 2026학년도 1학기 주전공 신청 및 변경,  자율전공 학생의 학과진입 신청 안내",https://www.hongik.ac.kr/kr/newscenter/notice.do?mode=view&articleNo=146851&article.offset=490&articleLimit=10&noCat=500,2025.12.30,학사
146844,2026학년도 1학기 학점교류 신청 안내 (서울대학교),https://www.hongik.ac.kr/kr/newscenter/notice.do?mode=view&articleNo=146844&article.offset=490&articleLimit=10&noCat=500,2025.12.30,학사
146799,"[신입생 필독] 학적변동(군휴학, 휴학, 제적, 전과, 재입학 등) 안내",https://www.hongik.ac.kr/kr/newscenter/notice.do?mode=view&articleNo=146799&article.offset=490&articleLimit=10&noCat=500,2025.12.29,학사
146794,[(재)부산진구장학회] 제30회 (재)부산진구장학회 일반장학생 선발계획,https://www.hongik.ac.kr/kr/newscenter/notice.do?mode=view&articleNo=146794&article.offset=490&articleLimit=10&noCat=501,2025.12.29,장학
146793,[(재)엔지니어링인재육성재단] 2026년도 제1기 장학생 선발 공고,https://www.hongik.ac.kr/kr/newscenter/notice.do?mode=view&articleNo=146793&article.offset=500&articleLimit=10&noCat=501,2025.12.29,장학
146787,2026년도 홍익대 첨단산업 인재양성 (반도체)부트캠프사업 수혜학생 신규선발 안내,https://www.hongik.ac.kr/kr/newscenter/notice.do?mode=view&articleNo=146787&article.offset=500&articleLimit=10&noCat=514,2025.12.29,학생활동
146695,간단한 하루 루틴으로 지키는 생활속 개인정보 보호,https://www.hongik.ac.kr/kr/newscenter/notice.do?mode=view&articleNo=146695&article.offset=500&articleLimit=10&noCat=34,2025.12.24,보안
146669,2025학년도 동계계절학기 사이버강좌 출석 및 수강방법 안내,https://www.hongik.ac.kr/kr/newscenter/notice.do?mode=view&articleNo=146669&article.offset=500&articleLimit=10&noCat=500,2025.12.24,학사
146578,2026학년도 전기 수시전형 대학원 신입생 모집 (군위탁전형 포함),https://www.hongik.ac.kr/kr/newscenter/notice.do/kr/education/notice-grad.do?mode=view&articleNo=146578&noCat=381,2025.12.22,입시
146549,[세아해암학술장학재단] 2026년도 제34기 세아해암 장학생 모집,https://www.hongik.ac.kr/kr/newscenter/notice.do?mode=view&articleNo=146549&article.offset=500&articleLimit=10&noCat=501,2025.12.22,장학
146524,[제25–55호] (세종)영상·애니메이션학부 줌렌즈 등 18종 구입,https://www.hongik.ac.kr/kr/newscenter/notice.do?mode=view&articleNo=146524&article.offset=500&articleLimit=10&noCat=36,2025.12.22,입찰
146471,(세종캠퍼스) 2025 동계 계절학기 폐강과목 공지 및 수강철회/환불신청 안내(~12.22 16시까지),https://www.hongik.ac.kr/kr/newscenter/notice.do?mode=view&articleNo=146471&article.offset=500&articleLimit=10&noCat=500,2025.12.19,학사
146466,(서울캠퍼스) 2025 동계 계절학기 폐강과목 공지 및 수강철회/환불신청 안내(~12.22 16시까지),https://www.hongik.ac.kr/kr/newscenter/notice.do?mode=view&articleNo=146466&article.offset=500&articleLimit=10&noCat=500,2025.12.19,학사
146420,병역판정검사 일자 및 장소 본인선택 안내,https://www.hongik.ac.kr/kr/newscenter/notice.do?mode=view&articleNo=146420&article.offset=500&articleLimit=10&noCat=500,2025.12.18,학사
146369,2026년 상반기 「ICT 학점연계 프로젝트 인턴십」 글로벌 과정 참여 학생 모집,https://www.hongik.ac.kr/kr/newscenter/notice.do?mode=view&articleNo=146369&article.offset=510&articleLimit=10&noCat=396,2025.12.17,취창업
146335,[DB김준기문화재단] 드림리더 3기 장학생 모집,https://www.hongik.ac.kr/kr/newscenter/notice.do?mode=view&articleNo=146335&article.offset=510&articleLimit=10&noCat=501,2025.12.17,장학
146315,2026학년도 2학기 해외대학 파견 Outbound 교류학생 지원자 모집 및 선발(~26년 1월 23일 금 16시),https://www.hongik.ac.kr/kr/newscenter/notice.do?mode=view&articleNo=146315&article.offset=510&articleLimit=10&noCat=508,2025.12.16,기타
146314,2026학년도 2학기 해외대학 파견 Outbound 교류학생 지원자 모집 및 선발(~26년 1월 23일 금 16시),https://www.hongik.ac.kr/kr/newscenter/notice.do?mode=view&articleNo=146314&article.offset=510&articleLimit=10&noCat=500,2025.12.16,학사
146296,홍익대학교 ‘HI전공체험(홍익 방문의 날)’ 개최 및 신청 안내,https://www.hongik.ac.kr/kr/newscenter/notice.do?mode=view&articleNo=146296&article.offset=510&articleLimit=10&noCat=29,2025.12.16,일반
146277,[인슐레이션코리아 드림재단] 2026년도 장학생 선발 공고,https://www.hongik.ac.kr/kr/newscenter/notice.do?mode=view&articleNo=146277&article.offset=510&articleLimit=10&noCat=501,2025.12.16,장학
146261,2026학년도 전과 면접전형 안내(세종캠퍼스),https://www.hongik.ac.kr/kr/newscenter/notice.do/kr/education/notice-undergrad.do?mode=view&articleNo=146261&noCat=23,2025.12.16,학사
146259,표준현장실습학기제 운영 안내 (2026학년도 1학기),https://www.hongik.ac.kr/kr/newscenter/notice.do?mode=view&articleNo=146259&article.offset=510&articleLimit=10&noCat=396,2025.12.16,취창업
146258,2026학년도 전과 면접전형 안내(서울캠퍼스),https://www.hongik.ac.kr/kr/newscenter/notice.do?mode=view&articleNo=146258&article.offset=510&articleLimit=10&noCat=500,2025.12.16,학사
146229,[제25-54호] (전기전자공학부) 실험실습용 전기소자 및 기타 소모품 40종 구입,https://www.hongik.ac.kr/kr/newscenter/notice.do?mode=view&articleNo=146229&article.offset=510&articleLimit=10&noCat=36,2025.12.15,입찰
146228,[저탄소/에너지 기술 컨소시엄] 2025 동계 교육 프로그램 안내 및 모집: 반도체 엔지니어 취업을 위한 반도체 입문/기초 및 심화 교육,https://www.hongik.ac.kr/kr/newscenter/notice.do?mode=view&articleNo=146228&article.offset=520&articleLimit=10&noCat=29,2025.12.15,일반
146226,[저탄소/에너지 기술 컨소시엄] 2025 동계 교육 프로그램 안내 및 모집: 에너지 AI 워크플로우 교육&해커톤,https://www.hongik.ac.kr/kr/newscenter/notice.do?mode=view&articleNo=146226&article.offset=520&articleLimit=10&noCat=29,2025.12.15,일반
146223,해외파견 Outbound 교류프로그램 설문조사 관련 공통 질의 안내,https://www.hongik.ac.kr/kr/newscenter/notice.do?mode=view&articleNo=146223&article.offset=520&articleLimit=10&noCat=514,2025.12.15,학생활동
146210,[한국농어촌희망재단] 2026년 1학기 농림축산식품부 대학장학금 선발안내,https://www.hongik.ac.kr/kr/newscenter/notice.do?mode=view&articleNo=146210&article.offset=520&articleLimit=10&noCat=501,2025.12.15,장학
146189,2026학년도 1학기 재입학 신청 안내,https://www.hongik.ac.kr/kr/newscenter/notice.do/kr/education/notice-grad.do?mode=view&articleNo=146189&noCat=380,2025.12.15,학적
146188,2026학년도 1학기 ​석·박사학위통합과정 전환 및 포기 신청 안내,https://www.hongik.ac.kr/kr/newscenter/notice.do/kr/education/notice-grad.do?mode=view&articleNo=146188&noCat=380,2025.12.15,학적
146136,"2026년 2월 졸업예정자 ""교원자격무시험검정원서"" 접수(~26.1.23)",https://www.hongik.ac.kr/kr/newscenter/notice.do?mode=view&articleNo=146136&article.offset=520&articleLimit=10&noCat=500,2025.12.12,학사
146126,[바이오헬스 혁신융합대학사업단] 홍익대학교 재학생 대상 실험 참여자 모집 (1만원 지급),https://www.hongik.ac.kr/kr/newscenter/notice.do?mode=view&articleNo=146126&article.offset=520&articleLimit=10&noCat=29,2025.12.12,일반
146108,[대학혁신지원사업] 2025-동계 기초학습역량강화(미술) 학생 모집,https://www.hongik.ac.kr/kr/newscenter/notice.do?mode=view&articleNo=146108&article.offset=520&articleLimit=10&noCat=511,2025.12.12,교수학습지원
146102,2025학년도 2학기 강의개선보고서(CQI) 입력 안내,https://www.hongik.ac.kr/kr/newscenter/notice.do?mode=view&articleNo=146102&article.offset=520&articleLimit=10&noCat=33,2025.12.12,교강사
146052,[대학혁신지원사업] 2025-동계방학 교과연계 워크숍 학생 모집,https://www.hongik.ac.kr/kr/newscenter/notice.do?mode=view&articleNo=146052&article.offset=530&articleLimit=10&noCat=511,2025.12.11,교수학습지원
146030,[한국장학재단] 통합학생지원정보로 안내,https://www.hongik.ac.kr/kr/newscenter/notice.do/kr/education/notice-undergrad.do?mode=view&articleNo=146030&noCat=24,2025.12.11,장학
146004,[홍보] [멀티캠퍼스] 25년까지만 교육비 전액 무료😱 12월 멀티캠퍼스 부트캠프 수강생 모집 안내💻,https://www.hongik.ac.kr/kr/newscenter/notice.do?mode=view&articleNo=146004&article.offset=530&articleLimit=10&noCat=396,2025.12.10,취창업
145979,[홍보] ❗참가비 무료❗코원 취업캠프(20기) 참여자 모집 안내(~12/19),https://www.hongik.ac.kr/kr/newscenter/notice.do?mode=view&articleNo=145979&article.offset=530&articleLimit=10&noCat=396,2025.12.10,취창업
145932,25학년도 교직원 대상 장애인식개선교육 실시,https://www.hongik.ac.kr/kr/newscenter/notice.do?mode=view&articleNo=145932&article.offset=530&articleLimit=10&noCat=33,2025.12.09,교강사
145928,대학 「학칙」 개정(안) 공고,https://www.hongik.ac.kr/kr/newscenter/notice.do?mode=view&articleNo=145928&article.offset=530&articleLimit=10&noCat=29,2025.12.09,일반
145888,[홍보] 디지털서비스 서밋 2025 with PlugFest,https://www.hongik.ac.kr/kr/newscenter/notice.do?mode=view&articleNo=145888&article.offset=530&articleLimit=10&noCat=29,2025.12.09,일반
145831,[홍보] Advancing AI for Young Talents 'LG Aimers' 모집,https://www.hongik.ac.kr/kr/newscenter/notice.do?mode=view&articleNo=145831&article.offset=530&articleLimit=10&noCat=29,2025.12.08,일반
145807,2025학년도 2학기 성적조회 안내,https://www.hongik.ac.kr/kr/newscenter/notice.do?mode=view&articleNo=145807&article.offset=530&articleLimit=10&noCat=500,2025.12.08,학사
145806,2025학년도 2학기 성적 처리 안내,https://www.hongik.ac.kr/kr/newscenter/notice.do?mode=view&articleNo=145806&article.offset=530&articleLimit=10&noCat=33,2025.12.08,교강사
145772,"[국제언어교육원] 2025학년도 겨울 학기 정규 어학(대체강좌,맞춤형,영어집중과정,토익관련) 강좌 안내",https://www.hongik.ac.kr/kr/newscenter/notice.do/kr/education/notice-undergrad.do?mode=view&articleNo=145772&noCat=23,2025.12.05,학사
145760,"제35회 와우영상제, ‘만들어진 세계’ 주제로 12월 10일부터 개최",https://www.hongik.ac.kr/kr/newscenter/notice.do?mode=view&articleNo=145760&article.offset=540&articleLimit=10&noCat=29,2025.12.05,일반
145751,"2025 한국장학재단 석사우수장학생(이공계) ""일시지원"" 모집 공고",https://www.hongik.ac.kr/kr/newscenter/notice.do/kr/education/notice-grad.do?mode=view&articleNo=145751&noCat=379,2025.12.04,장학
145735,[취업진로지원센터] 2026년 취업지원 프로그램 개편을 위한 요구도 조사 실시,https://www.hongik.ac.kr/kr/newscenter/notice.do?mode=view&articleNo=145735&article.offset=540&articleLimit=10&noCat=396,2025.12.04,취창업
145694,12월 도서관 정기교육 안내(학위논문 작성체제 및 dCollection 업로드 교육 등),https://www.hongik.ac.kr/kr/newscenter/notice.do/kr/education/notice-grad.do?mode=view&articleNo=145694&noCat=377,2025.12.03,졸업
145690,[중앙도서관x서울대학교 외국학술지지원센터] 자연과학 분야 외국학술지 무료 원문복사 신청 안내,https://www.hongik.ac.kr/kr/newscenter/notice.do?mode=view&articleNo=145690&article.offset=540&articleLimit=10&noCat=29,2025.12.03,일반
145671,2025학년도 동계계절학기 학점교류 학생 학번조회 안내,https://www.hongik.ac.kr/kr/newscenter/notice.do?mode=view&articleNo=145671&article.offset=540&articleLimit=10&noCat=500,2025.12.02,학사
145670,기간연장 [바이오헬스 혁신융합대학] 2026 Global Honors Program 참가자 모집 안내,https://www.hongik.ac.kr/kr/newscenter/notice.do?mode=view&articleNo=145670&article.offset=540&articleLimit=10&noCat=29,2025.12.02,일반
145655,[제25-50호] 2026년도 해외(서양서) 정기간행물(인쇄본) 구독 예약 업체 선정,https://www.hongik.ac.kr/kr/newscenter/notice.do?mode=view&articleNo=145655&article.offset=540&articleLimit=10&noCat=36,2025.12.02,입찰
145634,제16회 DB보험금융공모전(IFC) 개최 안내,https://www.hongik.ac.kr/kr/newscenter/notice.do?mode=view&articleNo=145634&article.offset=550&articleLimit=10&noCat=501,2025.12.01,장학
145633,[협성문화재단] 2026년 신규 협성장학생 선발계획 공고 안내,https://www.hongik.ac.kr/kr/newscenter/notice.do?mode=view&articleNo=145633&article.offset=550&articleLimit=10&noCat=501,2025.12.01,장학
145611,"[홍보] [멀티캠퍼스] ""SSAFY출신 강사진의 최신 AI 부트캠프"" 생각하는 AI 서비스 개발자 양성 과정 수강생 모집(~12/14)",https://www.hongik.ac.kr/kr/newscenter/notice.do?mode=view&articleNo=145611&article.offset=550&articleLimit=10&noCat=396,2025.12.01,취창업
145580,★★2025학년도 2학기 인준 논문 및 개별연구과제 제출 안내(12.9.(화)~1.5.(월)) / Guidelines for submission of thesis (Dec 9 ~ Jan 5)★★,https://www.hongik.ac.kr/kr/newscenter/notice.do/kr/education/notice-grad.do?mode=view&articleNo=145580&noCat=377,2025.11.28,졸업
145579,턴잇인을 활용한 논문 유사도 검사 진행 방법(How to Use Turnitin to Check Plagiarism),https://www.hongik.ac.kr/kr/newscenter/notice.do/kr/education/notice-grad.do?mode=view&articleNo=145579&noCat=377,2025.11.28,졸업
145574,"2025학년도 겨울학기 교내 외국어과정모집[토익,토스,토플[비대면]]",https://www.hongik.ac.kr/kr/newscenter/notice.do?mode=view&articleNo=145574&article.offset=550&articleLimit=10&noCat=514,2025.11.28,학생활동
145568,★신입생 반드시 필독★학번 확인/클래스넷 로그인★ 2026학년도 신입생 수강신청 안내,https://www.hongik.ac.kr/kr/newscenter/notice.do?mode=view&articleNo=145568&article.offset=550&articleLimit=10&noCat=500,2025.11.28,학사
145565,2026학년도 전과 전형 시행 안내,https://www.hongik.ac.kr/kr/newscenter/notice.do?mode=view&articleNo=145565&article.offset=550&articleLimit=10&noCat=500,2025.11.28,학사
145564,"[신입생, 전학년 필독] 2026학년도 1학기 개강 후 주요 안내-수강정정/수강철회/폐강",https://www.hongik.ac.kr/kr/newscenter/notice.do?mode=view&articleNo=145564&article.offset=550&articleLimit=10&noCat=500,2025.11.28,학사
145561,[전학년 필독] 2026-1학기 수강신청 안내- 수강신청/정정/철회 관련 자주 묻는 사항(Q&A) ③,https://www.hongik.ac.kr/kr/newscenter/notice.do?mode=view&articleNo=145561&article.offset=550&articleLimit=10&noCat=500,2025.11.28,학사
145556,"[전학년 필독] 2026-1학기 수강신청 안내- 수강신청, 정정, 철회, 폐강정정 방법 ②",https://www.hongik.ac.kr/kr/newscenter/notice.do?mode=view&articleNo=145556&article.offset=560&articleLimit=10&noCat=500,2025.11.28,학사
145555,"[전학년 필독] 2026-1학기 수강신청 안내- 문의처, 전학년 알아야할 사항, 주요 학사일정 ①",https://www.hongik.ac.kr/kr/newscenter/notice.do?mode=view&articleNo=145555&article.offset=560&articleLimit=10&noCat=500,2025.11.28,학사
145538,[삼성드림클래스] 2026년 대학생 멘토 선발 공고,https://www.hongik.ac.kr/kr/newscenter/notice.do?mode=view&articleNo=145538&article.offset=560&articleLimit=10&noCat=501,2025.11.28,장학
145510,[서울/취업진로지원센터] KT AIVLE SCHOOL 9기 모집 및 ❗비대면❗ 설명회 개최 안내,https://www.hongik.ac.kr/kr/newscenter/notice.do?mode=view&articleNo=145510&article.offset=560&articleLimit=10&noCat=396,2025.11.27,취창업
145479,2026년 2월 조기졸업 신청서 제출 안내,https://www.hongik.ac.kr/kr/newscenter/notice.do?mode=view&articleNo=145479&article.offset=560&articleLimit=10&noCat=500,2025.11.26,학사
145430,홍익대학교 교직원 모집,https://www.hongik.ac.kr/kr/newscenter/notice.do?mode=view&articleNo=145430&article.offset=560&articleLimit=10&noCat=35,2025.11.26,채용/모집
145411,"[홍보] 글로벌·대기업 재능기부 취업 멘토링(12.10(수) 18:00, Keynote 특강자 : Microsoft 김성미 이사)",https://www.hongik.ac.kr/kr/newscenter/notice.do?mode=view&articleNo=145411&article.offset=560&articleLimit=10&noCat=396,2025.11.25,취창업
145381,[세종캠퍼스] 2026학년도 1학기 재입학 추가 접수 안내(학부),https://www.hongik.ac.kr/kr/newscenter/notice.do/kr/education/notice-undergrad.do?mode=view&articleNo=145381&noCat=23,2025.11.25,학사
145302,*추천* 계열별 논문작성 및 우수 연구자 노하우 특강(11.27.~28.),https://www.hongik.ac.kr/kr/newscenter/notice.do/kr/education/notice-grad.do?mode=view&articleNo=145302&noCat=377,2025.11.21,졸업
145301,❗사전신청자 커피쿠폰 지급❗[취업진로지원센터(서울)] [교육설명회] LG CNS KDT AM 전문가 과정 교육설명회 / 11.24(월) 17:00~18:00 / K201,https://www.hongik.ac.kr/kr/newscenter/notice.do?mode=view&articleNo=145301&article.offset=570&articleLimit=10&noCat=396,2025.11.21,취창업
145282,(마감) [모집] 2025-2학기 경영대학 기말고사 시험감독 보조요원,https://www.hongik.ac.kr/kr/newscenter/notice.do/kr/education/notice-undergrad.do?mode=view&articleNo=145282&noCat=24,2025.11.21,장학
145253,[홍보] [동덕여자대학교-졸업생 특화프로그램]  Career Fit 면접역량 강화편 참여자 모집,https://www.hongik.ac.kr/kr/newscenter/notice.do?mode=view&articleNo=145253&article.offset=570&articleLimit=10&noCat=396,2025.11.20,취창업
145210,홍익대학교 교직원 모집,https://www.hongik.ac.kr/kr/newscenter/notice.do?mode=view&articleNo=145210&article.offset=570&articleLimit=10&noCat=35,2025.11.19,채용/모집
145209,[유하푸른재단] 2026년도 제 9기 유하푸른재단 장학생 선발,https://www.hongik.ac.kr/kr/newscenter/notice.do?mode=view&articleNo=145209&article.offset=570&articleLimit=10&noCat=501,2025.11.19,장학
145197,[거창군] 2025년 2학기 거창군 지역출신 대학생 등록금 지원 안내,https://www.hongik.ac.kr/kr/newscenter/notice.do?mode=view&articleNo=145197&article.offset=570&articleLimit=10&noCat=501,2025.11.19,장학
145193,2025학년도 동계계절학기 학점교류 신청 안내 (명지대학교),https://www.hongik.ac.kr/kr/newscenter/notice.do?mode=view&articleNo=145193&article.offset=570&articleLimit=10&noCat=500,2025.11.19,학사
145169,[세종캠퍼스] 2025학년도 2학기 사이버강좌 기말고사 시험감독 보조요원 모집,https://www.hongik.ac.kr/kr/newscenter/notice.do?mode=view&articleNo=145169&article.offset=570&articleLimit=10&noCat=29,2025.11.18,일반
145159,[교육설명회] LG CNS KDT AM 전문가 과정 교육 설명회 / 11.24(월) 17:00~18:00 / K동 201호,https://www.hongik.ac.kr/kr/newscenter/notice.do?mode=view&articleNo=145159&article.offset=570&articleLimit=10&noCat=29,2025.11.18,일반
145157,(마감) [모집] 2025-2학기 경영대학 기말고사 시험감독 보조요원,https://www.hongik.ac.kr/kr/newscenter/notice.do?mode=view&articleNo=145157&article.offset=570&articleLimit=10&noCat=29,2025.11.18,일반
145155,2025학년도 2학기 사이버강좌 기말고사 시행 안내,https://www.hongik.ac.kr/kr/newscenter/notice.do?mode=view&articleNo=145155&article.offset=580&articleLimit=10&noCat=500,2025.11.18,학사
145153,[서울캠퍼스]2026년 1학기 국가근로장학금 1차 신청 안내,https://www.hongik.ac.kr/kr/newscenter/notice.do?mode=view&articleNo=145153&article.offset=580&articleLimit=10&noCat=501,2025.11.18,장학
145125,2025학년도 동계계절학기 학점교류 신청 안내 (계명대학교),https://www.hongik.ac.kr/kr/newscenter/notice.do?mode=view&articleNo=145125&article.offset=580&articleLimit=10&noCat=500,2025.11.17,학사
145123,2025학년도 2학기 핵심역량진단검사 안내,https://www.hongik.ac.kr/kr/newscenter/notice.do?mode=view&articleNo=145123&article.offset=580&articleLimit=10&noCat=500,2025.11.17,학사
145122,2025학년도 2학기 강의평가 시행 안내,https://www.hongik.ac.kr/kr/newscenter/notice.do?mode=view&articleNo=145122&article.offset=580&articleLimit=10&noCat=500,2025.11.17,학사
145107,[서울] 2025-2학기 학생 포상 추천 접수,https://www.hongik.ac.kr/kr/newscenter/notice.do?mode=view&articleNo=145107&article.offset=580&articleLimit=10&noCat=514,2025.11.17,학생활동
145102,[장학] 2025-2학기 신용카드수수료장학금 신청 안내,https://www.hongik.ac.kr/kr/newscenter/notice.do?mode=view&articleNo=145102&article.offset=580&articleLimit=10&noCat=501,2025.11.17,장학
145047,2026년 1학기 국가장학금 신청 (11.20~),https://www.hongik.ac.kr/kr/newscenter/notice.do/kr/education/notice-undergrad.do?mode=view&articleNo=145047&noCat=24,2025.11.14,장학
145040,2025학년도 2학기 대학원 분납 등록금 납부 안내 (11.26~11.28),https://www.hongik.ac.kr/kr/newscenter/notice.do/kr/education/notice-grad.do?mode=view&articleNo=145040&noCat=380,2025.11.14,학적
145015,2025년 한국마사회와 함께하는 대학생 봉사자 연계 지역돌봄 지원사업(KRA지역돌봄) 참여 대학생 선발안내(겨울방학),https://www.hongik.ac.kr/kr/newscenter/notice.do?mode=view&articleNo=145015&article.offset=580&articleLimit=10&noCat=501,2025.11.13,장학
145008,[홍보] 선배에게 듣는 금융권 IT 취업 특강,https://www.hongik.ac.kr/kr/newscenter/notice.do?mode=view&articleNo=145008&article.offset=590&articleLimit=10&noCat=396,2025.11.13,취창업
144982,2025 대학혁신지원사업 수기 공모전 개최 안내,https://www.hongik.ac.kr/kr/newscenter/notice.do/kr/education/notice-undergrad.do?mode=view&articleNo=144982&noCat=536,2025.11.12,대학혁신지원사업
144968,[홍보] [멀티캠퍼스] 11월 데이터 분석가 부트캠프 교육과정 수강생 모집안내(~11/16),https://www.hongik.ac.kr/kr/newscenter/notice.do?mode=view&articleNo=144968&article.offset=590&articleLimit=10&noCat=396,2025.11.12,취창업
144880,2026학년도 1학기 1차 주거안정장학금 신청 안내,https://www.hongik.ac.kr/kr/newscenter/notice.do/kr/education/notice-undergrad.do?mode=view&articleNo=144880&noCat=24,2025.11.10,장학
144877,2025학년도 2학기 대학원 강의평가 및 성적 조회 안내,https://www.hongik.ac.kr/kr/newscenter/notice.do/kr/education/notice-grad.do?mode=view&articleNo=144877&noCat=378,2025.11.10,수업
144865,2025학년도 동계계절학기 학점교류 신청 안내 (한성대학교),https://www.hongik.ac.kr/kr/newscenter/notice.do?mode=view&articleNo=144865&article.offset=590&articleLimit=10&noCat=500,2025.11.10,학사
144853,[대학혁신지원사업] 2025-2학기 비전특강 참여 학생 모집,https://www.hongik.ac.kr/kr/newscenter/notice.do?mode=view&articleNo=144853&article.offset=590&articleLimit=10&noCat=511,2025.11.10,교수학습지원
144852,[인천인재평생교육진흥원] 2025년도 하반기 북한이탈주민 장학생 선발 (추가모집),https://www.hongik.ac.kr/kr/newscenter/notice.do?mode=view&articleNo=144852&article.offset=590&articleLimit=10&noCat=501,2025.11.10,장학
144846,2025학년도 동계계절학기 학점교류 신청 안내 (삼육대학교),https://www.hongik.ac.kr/kr/newscenter/notice.do?mode=view&articleNo=144846&article.offset=600&articleLimit=10&noCat=500,2025.11.10,학사
144844,2025학년도 2학기 강의평가 시행 안내,https://www.hongik.ac.kr/kr/newscenter/notice.do?mode=view&articleNo=144844&article.offset=600&articleLimit=10&noCat=33,2025.11.10,교강사
144777,2025학년도 동계계절학기 학점교류 신청 안내 (가톨릭대학교),https://www.hongik.ac.kr/kr/newscenter/notice.do?mode=view&articleNo=144777&article.offset=600&articleLimit=10&noCat=500,2025.11.06,학사
144776,2025학년도 동계계절학기 학점교류 신청 안내 (세종대학교),https://www.hongik.ac.kr/kr/newscenter/notice.do?mode=view&articleNo=144776&article.offset=600&articleLimit=10&noCat=500,2025.11.06,학사
144768,2025 동계 독일 전공연계 해외파견 프로그램(오프라인) 참가 학생 모집 기한 연장(~11.10.),https://www.hongik.ac.kr/kr/newscenter/notice.do?mode=view&articleNo=144768&article.offset=600&articleLimit=10&noCat=513,2025.11.06,대학교육혁신사업단
144764,[대학혁신지원사업] 생성형 AI를 활용한 프롬프트 엔지니어링 실습 (~11.16 마감),https://www.hongik.ac.kr/kr/newscenter/notice.do?mode=view&articleNo=144764&article.offset=600&articleLimit=10&noCat=511,2025.11.06,교수학습지원
144710,[한국고등교육재단] 인재림 제5기 장학생 선발,https://www.hongik.ac.kr/kr/newscenter/notice.do?mode=view&articleNo=144710&article.offset=600&articleLimit=10&noCat=501,2025.11.05,장학
144702,[세종캠퍼스] 2025학년도 전기(2026년 2월) 졸업예정자 전공명 선택 안내,https://www.hongik.ac.kr/kr/newscenter/notice.do/kr/education/notice-undergrad.do?mode=view&articleNo=144702&noCat=23,2025.11.05,학사
144689,[서울캠퍼스]2025년 국가근로 동계방학 집중근로 희망근로지 신청 안내,https://www.hongik.ac.kr/kr/newscenter/notice.do?mode=view&articleNo=144689&article.offset=600&articleLimit=10&noCat=501,2025.11.04,장학
144687,[관정재단] 2026년 관정 국내대학 장학생 선발 (대학추천),https://www.hongik.ac.kr/kr/newscenter/notice.do?mode=view&articleNo=144687&article.offset=600&articleLimit=10&noCat=501,2025.11.04,장학
144685,2025학년도 동계계절학기 학점교류 신청 안내 (서강대학교),https://www.hongik.ac.kr/kr/newscenter/notice.do?mode=view&articleNo=144685&article.offset=610&articleLimit=10&noCat=500,2025.11.04,학사
144675,(세종캠퍼스) 2025학년도 동계 계절학기 일정 안내,https://www.hongik.ac.kr/kr/newscenter/notice.do?mode=view&articleNo=144675&article.offset=610&articleLimit=10&noCat=500,2025.11.04,학사
144659,[서울캠퍼스] 2025학년도 전기(2026년 2월) 졸업예정자 전공명 선택 안내,https://www.hongik.ac.kr/kr/newscenter/notice.do?mode=view&articleNo=144659&article.offset=610&articleLimit=10&noCat=500,2025.11.04,학사
144619,대학생 해외 취업 피해 예방을 위한 안내,https://www.hongik.ac.kr/kr/newscenter/notice.do?mode=view&articleNo=144619&article.offset=610&articleLimit=10&noCat=29,2025.11.03,일반
144615,(서울캠퍼스) 2025학년도 동계 계절학기 일정 안내,https://www.hongik.ac.kr/kr/newscenter/notice.do?mode=view&articleNo=144615&article.offset=610&articleLimit=10&noCat=500,2025.11.03,학사
144591,[홍보] [Intel] 엣지 AI SW 아카데미 9기 교육생 모집 - 취업연계과정,https://www.hongik.ac.kr/kr/newscenter/notice.do?mode=view&articleNo=144591&article.offset=610&articleLimit=10&noCat=396,2025.10.31,취창업
144590,"[홍보] [한화로보틱스, 로보티즈] AI융합 로봇 SW개발자 2기 교육생모집 - 취업연계과정",https://www.hongik.ac.kr/kr/newscenter/notice.do?mode=view&articleNo=144590&article.offset=610&articleLimit=10&noCat=396,2025.10.31,취창업
144584,11월 도서관 정기교육 안내(자료 검색 및 활용법 등),https://www.hongik.ac.kr/kr/newscenter/notice.do/kr/education/notice-grad.do?mode=view&articleNo=144584&noCat=377,2025.10.31,졸업
144576,2025학년도 동계계절학기 학점교류 신청 안내 (한국외국어대학교),https://www.hongik.ac.kr/kr/newscenter/notice.do?mode=view&articleNo=144576&article.offset=610&articleLimit=10&noCat=500,2025.10.31,학사
144575,2025학년도 동계계절학기 학점교류 신청 안내 (중앙대학교),https://www.hongik.ac.kr/kr/newscenter/notice.do?mode=view&articleNo=144575&article.offset=610&articleLimit=10&noCat=500,2025.10.31,학사
144573,2025학년도 동계계절학기 학점교류 신청 안내 (성신여자대학교),https://www.hongik.ac.kr/kr/newscenter/notice.do?mode=view&articleNo=144573&article.offset=620&articleLimit=10&noCat=500,2025.10.31,학사
144562,2025 한국장학재단 석사우수장학생(이공계) 모집 공고,https://www.hongik.ac.kr/kr/newscenter/notice.do/kr/education/notice-grad.do?mode=view&articleNo=144562&noCat=379,2025.10.31,장학
144540,2025학년도 졸업사진 추가촬영 안내(서울캠퍼스),https://www.hongik.ac.kr/kr/newscenter/notice.do?mode=view&articleNo=144540&article.offset=620&articleLimit=10&noCat=500,2025.10.30,학사
144531,[대한산업보건협회] 산재 노동자 자녀 성장지원사업 홍보 협조 요청,https://www.hongik.ac.kr/kr/newscenter/notice.do?mode=view&articleNo=144531&article.offset=620&articleLimit=10&noCat=501,2025.10.30,장학
144478,[서울캠퍼스]2025년도 2학기 사회봉사활동 실적 등록 안내,https://www.hongik.ac.kr/kr/newscenter/notice.do?mode=view&articleNo=144478&article.offset=620&articleLimit=10&noCat=501,2025.10.29,장학
144457,[(재)전기공사공제조합장학회] 2026년도 제21기 장학생 선발 공고,https://www.hongik.ac.kr/kr/newscenter/notice.do?mode=view&articleNo=144457&article.offset=620&articleLimit=10&noCat=501,2025.10.28,장학
144456,[(재)익산사랑장학재단] 2025년 2학기 다다익산 장학생 선발 공고,https://www.hongik.ac.kr/kr/newscenter/notice.do?mode=view&articleNo=144456&article.offset=620&articleLimit=10&noCat=501,2025.10.28,장학
144455,[한국고등교육재단] 문우림 제5기 장학생 선발 모집,https://www.hongik.ac.kr/kr/newscenter/notice.do?mode=view&articleNo=144455&article.offset=620&articleLimit=10&noCat=501,2025.10.28,장학
144454,[강화군] 2025년도 하반기 강화군 대학생 등록금 지원사업 홍보 요청,https://www.hongik.ac.kr/kr/newscenter/notice.do?mode=view&articleNo=144454&article.offset=620&articleLimit=10&noCat=501,2025.10.28,장학
144452,[통영시] 2025년도 통영시 저소득 대학생 장학금 지원대상자 선발 공고,https://www.hongik.ac.kr/kr/newscenter/notice.do?mode=view&articleNo=144452&article.offset=630&articleLimit=10&noCat=501,2025.10.28,장학
144450,[인천인재평생교육진흥원] 2025년도 공익인재 장학생 선발 재공고(기간 연장),https://www.hongik.ac.kr/kr/newscenter/notice.do?mode=view&articleNo=144450&article.offset=630&articleLimit=10&noCat=501,2025.10.28,장학
144439,학사학위취득유예 신청 일정 안내(2026년 2월 졸업대상자),https://www.hongik.ac.kr/kr/newscenter/notice.do?mode=view&articleNo=144439&article.offset=630&articleLimit=10&noCat=500,2025.10.28,학사
144404,[조교채용] 사무처 구매팀 조교 모집 공고,https://www.hongik.ac.kr/kr/newscenter/notice.do?mode=view&articleNo=144404&article.offset=630&articleLimit=10&noCat=35,2025.10.28,채용/모집
144400,[대학혁신지원사업] 2025-2학기 포트폴리오 워크숍 <미술대학 재학생> 모집,https://www.hongik.ac.kr/kr/newscenter/notice.do?mode=view&articleNo=144400&article.offset=630&articleLimit=10&noCat=511,2025.10.28,교수학습지원
144352,2025학년도 동계계절학기 학점교류 신청 안내 (동덕여자대학교),https://www.hongik.ac.kr/kr/newscenter/notice.do?mode=view&articleNo=144352&article.offset=630&articleLimit=10&noCat=500,2025.10.27,학사
144351,2025학년도 동계계절학기 학점교류 신청 안내 (상명대학교),https://www.hongik.ac.kr/kr/newscenter/notice.do?mode=view&articleNo=144351&article.offset=630&articleLimit=10&noCat=500,2025.10.27,학사
144350,2025학년도 동계계절학기 학점교류 신청 안내 (숭실대학교),https://www.hongik.ac.kr/kr/newscenter/notice.do?mode=view&articleNo=144350&article.offset=630&articleLimit=10&noCat=500,2025.10.27,학사
144233,[교육설명회] LG CNS KDT AM 전문가 과정 교육 설명회 / 11.24(월) 17:00~18:00 / K동 201호,https://www.hongik.ac.kr/kr/newscenter/notice.do?mode=view&articleNo=144233&article.offset=640&articleLimit=10&noCat=396,2025.10.23,취창업
144219,"[유한재단] 2025학년도 2학기 생활비 장학생 신청 (대학추천) -기한연장, 서류수정",https://www.hongik.ac.kr/kr/newscenter/notice.do?mode=view&articleNo=144219&article.offset=640&articleLimit=10&noCat=501,2025.10.22,장학
144182,2025학년도 2학기 학위청구논문/개별연구과제 양식 확인 및 심사 관련 안내,https://www.hongik.ac.kr/kr/newscenter/notice.do/kr/education/notice-grad.do?mode=view&articleNo=144182&noCat=377,2025.10.22,졸업
144166,[안산시] 2025년 2학기 안산시 대학생 본인부담 등록금 반값지원,https://www.hongik.ac.kr/kr/newscenter/notice.do?mode=view&articleNo=144166&article.offset=640&articleLimit=10&noCat=501,2025.10.22,장학
144165,[대산농촌재단]2026년도 대산농촌재단 장학생 선발 안내,https://www.hongik.ac.kr/kr/newscenter/notice.do?mode=view&articleNo=144165&article.offset=640&articleLimit=10&noCat=501,2025.10.22,장학
144156,[한국지도자육성장학재단] 2026년도 신규 장학생 선발 안내 (대학추천),https://www.hongik.ac.kr/kr/newscenter/notice.do?mode=view&articleNo=144156&article.offset=640&articleLimit=10&noCat=501,2025.10.21,장학
144082,[홍보] 인하대학교 대학일자리플러스센터 거점형 특화 프로그램 항공산업 권역별 멘토링 홍보,https://www.hongik.ac.kr/kr/newscenter/notice.do?mode=view&articleNo=144082&article.offset=640&articleLimit=10&noCat=396,2025.10.20,취창업
144081,[홍보] 2025 마포구 일자리 박람회·청년창업데이 안내,https://www.hongik.ac.kr/kr/newscenter/notice.do?mode=view&articleNo=144081&article.offset=640&articleLimit=10&noCat=396,2025.10.20,취창업
144071,2025학년도 동계계절학기 학점교류 신청 안내 (동국대학교),https://www.hongik.ac.kr/kr/newscenter/notice.do?mode=view&articleNo=144071&article.offset=640&articleLimit=10&noCat=500,2025.10.20,학사
144070,2025학년도 동계계절학기 학점교류 신청 안내 (서울시립대학교),https://www.hongik.ac.kr/kr/newscenter/notice.do?mode=view&articleNo=144070&article.offset=640&articleLimit=10&noCat=500,2025.10.20,학사
144067,2025학년도 동계계절학기 학점교류 신청 안내 (건국대학교),https://www.hongik.ac.kr/kr/newscenter/notice.do?mode=view&articleNo=144067&article.offset=650&articleLimit=10&noCat=500,2025.10.20,학사
143989,[대학혁신지원사업] 2025-2학기 포트폴리오 워크숍(서울) 학생 모집,https://www.hongik.ac.kr/kr/newscenter/notice.do?mode=view&articleNo=143989&article.offset=650&articleLimit=10&noCat=511,2025.10.17,교수학습지원
143926,2025학년도 2학기 계열별 주임교수 정기 간담회(서울캠퍼스 자율전공),https://www.hongik.ac.kr/kr/newscenter/notice.do?mode=view&articleNo=143926&article.offset=650&articleLimit=10&noCat=500,2025.10.16,학사
143918,2025학년도 동계계절학기 학점교류 신청 안내 (숙명여자대학교),https://www.hongik.ac.kr/kr/newscenter/notice.do?mode=view&articleNo=143918&article.offset=650&articleLimit=10&noCat=500,2025.10.16,학사
143916,2025학년도 동계계절학기 학점교류 신청 안내 (한국항공대학교),https://www.hongik.ac.kr/kr/newscenter/notice.do?mode=view&articleNo=143916&article.offset=650&articleLimit=10&noCat=500,2025.10.16,학사
143883,[채용상담회] 인바디 / 10.21(화) 10:00 ~ 17:00 / 홍문관 로비,https://www.hongik.ac.kr/kr/newscenter/notice.do?mode=view&articleNo=143883&article.offset=650&articleLimit=10&noCat=396,2025.10.16,취창업
143875,[인천인재평생교육진흥원] 2025년도 (재)인천인재평생교육진흥원 하반기 장학생 선발 재공고,https://www.hongik.ac.kr/kr/newscenter/notice.do?mode=view&articleNo=143875&article.offset=650&articleLimit=10&noCat=501,2025.10.16,장학
143818,[유한재단] 2025학년도 2학기 유한재단 장학생 신청 안내(생활비성) [서울캠퍼스 해당],https://www.hongik.ac.kr/kr/newscenter/notice.do?mode=view&articleNo=143818&article.offset=650&articleLimit=10&noCat=501,2025.10.15,장학
143817,[두산연강재단] 2026년도 두산연강재단 대학 장학생 선발 안내 (생활비성),https://www.hongik.ac.kr/kr/newscenter/notice.do?mode=view&articleNo=143817&article.offset=650&articleLimit=10&noCat=501,2025.10.15,장학
143768,2025학년도 2학기 대학원 분납 등록금 납부 안내 (10.29~10.31),https://www.hongik.ac.kr/kr/newscenter/notice.do/kr/education/notice-grad.do?mode=view&articleNo=143768&noCat=380,2025.10.14,학적
143747,[홍보] 예술전공자 대상 심화 강좌 : 예술치료를 위한 신경예술학,https://www.hongik.ac.kr/kr/newscenter/notice.do?mode=view&articleNo=143747&article.offset=660&articleLimit=10&noCat=29,2025.10.14,일반
143704,미국 일리노이 공대(Illinois Institute of Technology) 교류 프로그램 온라인 설명회 참가 안내,https://www.hongik.ac.kr/kr/newscenter/notice.do?mode=view&articleNo=143704&article.offset=660&articleLimit=10&noCat=514,2025.10.13,학생활동
143700,2025학년도 동계계절학기 학점교류 신청 안내 (서울대학교),https://www.hongik.ac.kr/kr/newscenter/notice.do?mode=view&articleNo=143700&article.offset=660&articleLimit=10&noCat=500,2025.10.13,학사
143662,제50회 홍대 학‧예술상 당선작 공고,https://www.hongik.ac.kr/kr/newscenter/notice.do?mode=view&articleNo=143662&article.offset=660&articleLimit=10&noCat=514,2025.10.13,학생활동
143621,(마감)[경영대학] 2025-2학기 중간고사 시험감독 보조요원 구인,https://www.hongik.ac.kr/kr/newscenter/notice.do?mode=view&articleNo=143621&article.offset=660&articleLimit=10&noCat=29,2025.10.10,일반
143618,"[교육설명회] 새싹(SeSAC) 중랑캠퍼스 패션 산업 가상회사를 통한 13주로 6개월 경력쌓기, 인턴10 : 패션 브랜드 마케팅 실무과정 설명회 / 10.16(목) 17:00~18:00, Q307호",https://www.hongik.ac.kr/kr/newscenter/notice.do?mode=view&articleNo=143618&article.offset=660&articleLimit=10&noCat=396,2025.10.10,취창업
143613,[도서관] 10월 도서관 이용교육(논문작성 교육 포함),https://www.hongik.ac.kr/kr/newscenter/notice.do?mode=view&articleNo=143613&article.offset=660&articleLimit=10&noCat=29,2025.10.10,일반
143536,[대학혁신지원사업] 자료구조로 만나는 컴퓨터 과학 (~10.26 마감),https://www.hongik.ac.kr/kr/newscenter/notice.do?mode=view&articleNo=143536&article.offset=660&articleLimit=10&noCat=511,2025.10.02,교수학습지원
143533,[대학혁신지원사업] 법학 방법론 (~10.16 마감),https://www.hongik.ac.kr/kr/newscenter/notice.do?mode=view&articleNo=143533&article.offset=660&articleLimit=10&noCat=511,2025.10.02,교수학습지원
143531,2026학년도 1학기 재입학 신청 안내(학부생)(10.20~11.18 16:00),https://www.hongik.ac.kr/kr/newscenter/notice.do?mode=view&articleNo=143531&article.offset=670&articleLimit=10&noCat=500,2025.10.02,학사
143530,[대학혁신지원사업] 공학전공을 위한 수리기초 다지기 (~10.27 마감),https://www.hongik.ac.kr/kr/newscenter/notice.do?mode=view&articleNo=143530&article.offset=670&articleLimit=10&noCat=511,2025.10.02,교수학습지원
143527,"[대학혁신지원사업] 프레젠테이션 스피치 기초,실전 및 전략 (10/20,27)",https://www.hongik.ac.kr/kr/newscenter/notice.do?mode=view&articleNo=143527&article.offset=670&articleLimit=10&noCat=511,2025.10.02,교수학습지원
143525,2025년 대학생 지역발전 정책제안 발표대회 참가팀 모집,https://www.hongik.ac.kr/kr/newscenter/notice.do/kr/education/notice-undergrad.do?mode=view&articleNo=143525&noCat=24,2025.10.02,장학
143506,[대학혁신지원사업] 대학생을 위한 실무 엑셀 AI 활용 특강 (10/16-17),https://www.hongik.ac.kr/kr/newscenter/notice.do?mode=view&articleNo=143506&article.offset=670&articleLimit=10&noCat=511,2025.10.01,교수학습지원
143493,[조교채용] 세종캠퍼스 건축디자인전공 실습조교 모집,https://www.hongik.ac.kr/kr/newscenter/notice.do?mode=view&articleNo=143493&article.offset=670&articleLimit=10&noCat=35,2025.10.01,채용/모집
143480,[조교채용] 세종캠퍼스 건축공학전공 행정조교 모집,https://www.hongik.ac.kr/kr/newscenter/notice.do?mode=view&articleNo=143480&article.offset=670&articleLimit=10&noCat=35,2025.10.01,채용/모집
143454,10월 도서관 정기교육 안내(온라인 논문 특강),https://www.hongik.ac.kr/kr/newscenter/notice.do/kr/education/notice-grad.do?mode=view&articleNo=143454&noCat=377,2025.09.30,졸업
143452,「2026 겨울 유엔협회세계연맹(WFUNA) 유엔본부 한국 대학생 대표단」 프로그램 참여 학생 모집,https://www.hongik.ac.kr/kr/newscenter/notice.do?mode=view&articleNo=143452&article.offset=670&articleLimit=10&noCat=513,2025.09.30,대학교육혁신사업단
143439,[논산시장학회] 2025년도 하반기 재단법인 논산시장학회 장학생 선발 공고,https://www.hongik.ac.kr/kr/newscenter/notice.do?mode=view&articleNo=143439&article.offset=670&articleLimit=10&noCat=501,2025.09.30,장학
143413,홍익대학교 해외파견 Outbound 교류프로그램 설문조사,https://www.hongik.ac.kr/kr/newscenter/notice.do?mode=view&articleNo=143413&article.offset=680&articleLimit=10&noCat=29,2025.09.29,일반
143408,(마감)[경영대학] 2025-2학기 중간고사 시험감독 보조요원 구인,https://www.hongik.ac.kr/kr/newscenter/notice.do/kr/education/notice-undergrad.do?mode=view&articleNo=143408&noCat=537,2025.09.29,학생활동
143406,(마감)[경영대학] 2025-2학기 중간고사 시험감독 보조요원 구인,https://www.hongik.ac.kr/kr/newscenter/notice.do?mode=view&articleNo=143406&article.offset=680&articleLimit=10&noCat=29,2025.09.29,일반
143405,2025-2학기 논문 및 개별연구과제 심사 신청 안내(10.13.(월)~10.17.(금)),https://www.hongik.ac.kr/kr/newscenter/notice.do/kr/education/notice-grad.do?mode=view&articleNo=143405&noCat=377,2025.09.29,졸업
143355,[은평구] 2025년 하반기 은평구민 장학생 선발 공고,https://www.hongik.ac.kr/kr/newscenter/notice.do?mode=view&articleNo=143355&article.offset=680&articleLimit=10&noCat=501,2025.09.26,장학
143344,[울산연구원] 2025년 하반기 장학생 선발 계획 공고,https://www.hongik.ac.kr/kr/newscenter/notice.do?mode=view&articleNo=143344&article.offset=680&articleLimit=10&noCat=501,2025.09.26,장학
143339,[홍보] 한국건설기술인협회 2025 취업지원캠프 개최 홍보,https://www.hongik.ac.kr/kr/newscenter/notice.do?mode=view&articleNo=143339&article.offset=680&articleLimit=10&noCat=396,2025.09.26,취창업
143338,2026학년도 전기 대학원 신입생 모집 안내,https://www.hongik.ac.kr/kr/newscenter/notice.do/kr/education/notice-grad.do?mode=view&articleNo=143338&noCat=381,2025.09.26,입시
143336,[세종캠퍼스] 2025학년도 2학기 사이버강좌 중간고사 시험감독 보조요원 모집,https://www.hongik.ac.kr/kr/newscenter/notice.do?mode=view&articleNo=143336&article.offset=680&articleLimit=10&noCat=29,2025.09.26,일반
143315,[STX] 2026년 STX장학재단 장학생 선발,https://www.hongik.ac.kr/kr/newscenter/notice.do?mode=view&articleNo=143315&article.offset=680&articleLimit=10&noCat=501,2025.09.25,장학
143308,2025학년도 2학기 사이버강좌 중간고사 시행 안내,https://www.hongik.ac.kr/kr/newscenter/notice.do?mode=view&articleNo=143308&article.offset=690&articleLimit=10&noCat=500,2025.09.25,학사
143296,[대학혁신지원사업] 2025-2학기 학습전략강화워크숍 학생 모집,https://www.hongik.ac.kr/kr/newscenter/notice.do?mode=view&articleNo=143296&article.offset=690&articleLimit=10&noCat=511,2025.09.25,교수학습지원
143283,[도서관] 미술/예술 콘텐츠 박람회(1등- 에어팟),https://www.hongik.ac.kr/kr/newscenter/notice.do?mode=view&articleNo=143283&article.offset=690&articleLimit=10&noCat=29,2025.09.25,일반
143253,[대학혁신지원사업] 2025-2학기 독서스터디 그룹(팀) 학생 모집,https://www.hongik.ac.kr/kr/newscenter/notice.do?mode=view&articleNo=143253&article.offset=690&articleLimit=10&noCat=511,2025.09.24,교수학습지원
143252,[대학혁신지원사업] 2025-2학기 자율전공 러닝메이트(멘토)학생 모집,https://www.hongik.ac.kr/kr/newscenter/notice.do?mode=view&articleNo=143252&article.offset=690&articleLimit=10&noCat=511,2025.09.24,교수학습지원
143251,"[대학혁신지원사업] 2025-2학기 기초학습역량강화(수리,논리) 학생 모집",https://www.hongik.ac.kr/kr/newscenter/notice.do?mode=view&articleNo=143251&article.offset=690&articleLimit=10&noCat=511,2025.09.24,교수학습지원
143216,2025학년도 2학기 강의중간평가 시행 안내,https://www.hongik.ac.kr/kr/newscenter/notice.do?mode=view&articleNo=143216&article.offset=690&articleLimit=10&noCat=500,2025.09.23,학사
143215,2025학년도 2학기 강의중간평가 시행 안내,https://www.hongik.ac.kr/kr/newscenter/notice.do?mode=view&articleNo=143215&article.offset=690&articleLimit=10&noCat=33,2025.09.23,교강사
143203,2025학년도 2학기 천원의 아침밥 운영 안내 (서울캠퍼스),https://www.hongik.ac.kr/kr/newscenter/notice.do?mode=view&articleNo=143203&article.offset=690&articleLimit=10&noCat=500,2025.09.23,학사
143161,[대학혁신지원사업] 2025-2 Global Graduate School Academic Support (1:1 Tutor/Tutee) - Application,https://www.hongik.ac.kr/kr/newscenter/notice.do/kr/education/notice-grad.do?mode=view&articleNo=143161&noCat=383,2025.09.22,기타
143159,"[법과대학 ] 대학혁신지원사업-홍익미래인재양성사업 "" 법과대학 졸업생 멘토 초청 특강(법전공으로 사회 진출 Jump Up하기)",https://www.hongik.ac.kr/kr/newscenter/notice.do?mode=view&articleNo=143159&article.offset=700&articleLimit=10&noCat=29,2025.09.22,일반
143079,장학금 부정청구 자가점검 체크리스트,https://www.hongik.ac.kr/kr/newscenter/notice.do/kr/education/notice-undergrad.do?mode=view&articleNo=143079&noCat=24,2025.09.19,장학
143056,[대학혁신지원사업] 2025-2학기 학습전략강화워크숍(서울) 학생 모집,https://www.hongik.ac.kr/kr/newscenter/notice.do?mode=view&articleNo=143056&article.offset=700&articleLimit=10&noCat=511,2025.09.19,교수학습지원
143039,[대학혁신지원사업] 2025-2학기 자율전공 러닝메이트<멘토>모집,https://www.hongik.ac.kr/kr/newscenter/notice.do?mode=view&articleNo=143039&article.offset=700&articleLimit=10&noCat=511,2025.09.19,교수학습지원
143035,2025-2학기 학기초과자 및 미등록자 최종 등록 안내(9.25~9.29) (대학원),https://www.hongik.ac.kr/kr/newscenter/notice.do/kr/education/notice-grad.do?mode=view&articleNo=143035&noCat=380,2025.09.19,학적
142950,[강남구] 2025년 하반기 강남구 장학생 선발,https://www.hongik.ac.kr/kr/newscenter/notice.do?mode=view&articleNo=142950&article.offset=700&articleLimit=10&noCat=501,2025.09.17,장학
142941,[춘천시민장학재단] 2025년 하반기 봄내장학생 선발 공고,https://www.hongik.ac.kr/kr/newscenter/notice.do?mode=view&articleNo=142941&article.offset=700&articleLimit=10&noCat=501,2025.09.17,장학
142937,[교육설명회] 대한상공회의소 서울기술교육센터 취업연계 교육과정 설명회 / 9.24(수) 16:00~17:00 / Q307,https://www.hongik.ac.kr/kr/newscenter/notice.do?mode=view&articleNo=142937&article.offset=700&articleLimit=10&noCat=514,2025.09.17,학생활동
142870,[외부장학] 2025년 2학기 AI 서울테크 대학원 장학금 장학생 선발공고,https://www.hongik.ac.kr/kr/newscenter/notice.do/kr/education/notice-grad.do?mode=view&articleNo=142870&noCat=379,2025.09.16,장학
142838,2025-2 졸업앨범 사진 촬영 안내(서울캠퍼스),https://www.hongik.ac.kr/kr/newscenter/notice.do?mode=view&articleNo=142838&article.offset=710&articleLimit=10&noCat=514,2025.09.16,학생활동
142820,2025학년도 2학기 ‘방과후학교’ 사회봉사장학생 사회봉사 신청 안내(서울캠퍼스),https://www.hongik.ac.kr/kr/newscenter/notice.do?mode=view&articleNo=142820&article.offset=710&articleLimit=10&noCat=500,2025.09.16,학사
142609,[광산장학회] 2025년도 장학생 선발공고 안내 (기간연장),https://www.hongik.ac.kr/kr/newscenter/notice.do?mode=view&articleNo=142609&article.offset=710&articleLimit=10&noCat=501,2025.09.12,장학
142608,[홍보] 대한상공회의소 임베디드 시스템반도체 설계 엔지니어 교육과정 홍보,https://www.hongik.ac.kr/kr/newscenter/notice.do?mode=view&articleNo=142608&article.offset=710&articleLimit=10&noCat=396,2025.09.12,취창업
142542,2025학년도 2학기 계열별 취업스쿨 특강 안내,https://www.hongik.ac.kr/kr/newscenter/notice.do?mode=view&articleNo=142542&article.offset=710&articleLimit=10&noCat=396,2025.09.12,취창업
142458,[고속도로장학재단] 2025년 고속도로 장학생 모집,https://www.hongik.ac.kr/kr/newscenter/notice.do?mode=view&articleNo=142458&article.offset=710&articleLimit=10&noCat=501,2025.09.11,장학
142439,[전학년 필독] (세종캠퍼스)2025학년도 2학기 폐강 강좌 안내,https://www.hongik.ac.kr/kr/newscenter/notice.do?mode=view&articleNo=142439&article.offset=710&articleLimit=10&noCat=500,2025.09.11,학사
142432,[전학년 필독] (서울캠퍼스)2025학년도 2학기 폐강 강좌 안내,https://www.hongik.ac.kr/kr/newscenter/notice.do?mode=view&articleNo=142432&article.offset=720&articleLimit=10&noCat=500,2025.09.11,학사
142421,"[(재)대전청년내일재단]2025년 하반기 인재육성(청년희망, 거주비지원) 장학생 선발 안내",https://www.hongik.ac.kr/kr/newscenter/notice.do?mode=view&articleNo=142421&article.offset=720&articleLimit=10&noCat=501,2025.09.11,장학
142349,대학 「학칙」 개정(안) 공고,https://www.hongik.ac.kr/kr/newscenter/notice.do?mode=view&articleNo=142349&article.offset=720&articleLimit=10&noCat=29,2025.09.10,일반
142289,학교 메일 사용 관련 주요  문의에 대한 조치 방법 안내,https://www.hongik.ac.kr/kr/newscenter/notice.do?mode=view&articleNo=142289&article.offset=720&articleLimit=10&noCat=29,2025.09.10,일반
142212,"[대학혁신지원사업] 2025년 2학기 유학생 상담 및 심리검사(영어, 중국어) 운영 안내",https://www.hongik.ac.kr/kr/newscenter/notice.do?mode=view&articleNo=142212&article.offset=720&articleLimit=10&noCat=512,2025.09.09,학생상담
142174,2025-2 유학생 도우미 신청 안내,https://www.hongik.ac.kr/kr/newscenter/notice.do/kr/education/notice-grad.do?mode=view&articleNo=142174&noCat=383,2025.09.09,기타
142161,[중앙도서관] THE H Reading Lounge 휴실 안내(~9/28),https://www.hongik.ac.kr/kr/newscenter/notice.do?mode=view&articleNo=142161&article.offset=720&articleLimit=10&noCat=29,2025.09.09,일반
142088,[두을장학재단] 제28기 장학생 선발 모집 공고,https://www.hongik.ac.kr/kr/newscenter/notice.do?mode=view&articleNo=142088&article.offset=720&articleLimit=10&noCat=501,2025.09.08,장학
142027,[채용상담회] DB손해보험 / 9.11(목) 10:30 ~ 17:00 / 홍문관 로비,https://www.hongik.ac.kr/kr/newscenter/notice.do?mode=view&articleNo=142027&article.offset=720&articleLimit=10&noCat=396,2025.09.08,취창업
141976,[대학혁신지원사업] 2025년 2학기 유학생(신입생) FCPI 심리검사 실시 안내,https://www.hongik.ac.kr/kr/newscenter/notice.do?mode=view&articleNo=141976&article.offset=720&articleLimit=10&noCat=29,2025.09.05,일반
141975,함께 지키는 개인정보,https://www.hongik.ac.kr/kr/newscenter/notice.do?mode=view&articleNo=141975&article.offset=730&articleLimit=10&noCat=34,2025.09.05,보안
141971,책임있는 AI활용 개인정보 보호로부터 시작해요,https://www.hongik.ac.kr/kr/newscenter/notice.do?mode=view&articleNo=141971&article.offset=730&articleLimit=10&noCat=34,2025.09.05,보안
141969,"만화로 이해하는 개인정보보호, 재미도UP 지식도UP",https://www.hongik.ac.kr/kr/newscenter/notice.do?mode=view&articleNo=141969&article.offset=730&articleLimit=10&noCat=34,2025.09.05,보안
141911,[(재)인천인재평생교육진흥원] 2025년도 하반기 장학생 선발,https://www.hongik.ac.kr/kr/newscenter/notice.do?mode=view&articleNo=141911&article.offset=730&articleLimit=10&noCat=501,2025.09.04,장학
141909,[마포인재육성장학재단] 2025년도 하반기 장학생 선발 공고,https://www.hongik.ac.kr/kr/newscenter/notice.do?mode=view&articleNo=141909&article.offset=730&articleLimit=10&noCat=501,2025.09.04,장학
141896,"[법과대학 ] 대학혁신지원사업-홍익미래인재양성사업 "" 현직 교수 초청 PSAT & LEET 특강 개최 (""지금부터 준비해야 시험에 합격할 수 있다 "")",https://www.hongik.ac.kr/kr/newscenter/notice.do?mode=view&articleNo=141896&article.offset=730&articleLimit=10&noCat=29,2025.09.04,일반
141875,락스타의 작업일기 - 분쟁조정 사례편,https://www.hongik.ac.kr/kr/newscenter/notice.do?mode=view&articleNo=141875&article.offset=730&articleLimit=10&noCat=34,2025.09.04,보안
141850,"(제25-39호)서울캠퍼스 25-1차 교육환경개선 2개학과 강의실 책상,의자 구입",https://www.hongik.ac.kr/kr/newscenter/notice.do?mode=view&articleNo=141850&article.offset=730&articleLimit=10&noCat=36,2025.09.03,입찰
141848,[장학팀] 2025년도 2학기 고졸후학습자 장학사업(희망사다리Ⅱ유형) 신규장학생 신청 안내,https://www.hongik.ac.kr/kr/newscenter/notice.do?mode=view&articleNo=141848&article.offset=730&articleLimit=10&noCat=501,2025.09.03,장학
141846,[장학팀] 2025학년도 2학기 홍익대학교 서울캠퍼스 주거안정장학금 지급 기준 안내,https://www.hongik.ac.kr/kr/newscenter/notice.do?mode=view&articleNo=141846&article.offset=730&articleLimit=10&noCat=501,2025.09.03,장학
141830,[달서인재육성재단] 2025년도 하반기 장학생 선발 계획 공고,https://www.hongik.ac.kr/kr/newscenter/notice.do?mode=view&articleNo=141830&article.offset=740&articleLimit=10&noCat=501,2025.09.03,장학
141789,2025-2학기 재학생 추가등록 및 분납 등록금 납부 안내 (9.11~9.15) (대학원),https://www.hongik.ac.kr/kr/newscenter/notice.do/kr/education/notice-grad.do?mode=view&articleNo=141789&noCat=380,2025.09.03,학적
141753,[취업진로지원센터] 2025년 2학기 중소기업 취업연계 장학사업(희망사다리 Ⅰ유형) 신규장학생 신청 안내,https://www.hongik.ac.kr/kr/newscenter/notice.do?mode=view&articleNo=141753&article.offset=740&articleLimit=10&noCat=501,2025.09.02,장학
141736,[인권센터] 2025학년도 2학기 대학원 봉사장학생 선발,https://www.hongik.ac.kr/kr/newscenter/notice.do?mode=view&articleNo=141736&article.offset=740&articleLimit=10&noCat=504,2025.09.02,장학
141734,(재)경주시장학회 장학생(대학생) 선발 안내,https://www.hongik.ac.kr/kr/newscenter/notice.do?mode=view&articleNo=141734&article.offset=740&articleLimit=10&noCat=501,2025.09.02,장학
141710,[채용설명회] 넥슨 인턴십 프로그램 '넥토리얼' / 09.04(목) 12:00~13:00 / K동 101호,https://www.hongik.ac.kr/kr/newscenter/notice.do?mode=view&articleNo=141710&article.offset=740&articleLimit=10&noCat=396,2025.09.02,취창업
141682,MISSION-INFO.SSIBLE. 개인정보를 지켜LOCK,https://www.hongik.ac.kr/kr/newscenter/notice.do?mode=view&articleNo=141682&article.offset=740&articleLimit=10&noCat=34,2025.09.01,보안
141668,9월 도서관 정기교육 안내(온라인 논문 특강),https://www.hongik.ac.kr/kr/newscenter/notice.do/kr/education/notice-grad.do?mode=view&articleNo=141668&noCat=377,2025.09.01,졸업
141599,2025학년도 2학기 재수강 선삭제 신청 안내,https://www.hongik.ac.kr/kr/newscenter/notice.do?mode=view&articleNo=141599&article.offset=740&articleLimit=10&noCat=500,2025.09.01,학사
141596,2025학년도 2학기 학점포기 신청 안내,https://www.hongik.ac.kr/kr/newscenter/notice.do?mode=view&articleNo=141596&article.offset=740&articleLimit=10&noCat=500,2025.09.01,학사
141525,[도서관] 9월 도서관 이용교육(논문작성 교육 포함),https://www.hongik.ac.kr/kr/newscenter/notice.do?mode=view&articleNo=141525&article.offset=750&articleLimit=10&noCat=29,2025.08.29,일반
141522,[대학혁신지원사업] 2025-2학기 자율전공 러닝메이트 멘티 학생 모집(~9.18),https://www.hongik.ac.kr/kr/newscenter/notice.do?mode=view&articleNo=141522&article.offset=750&articleLimit=10&noCat=511,2025.08.29,교수학습지원
141495,2025학년도 2학기 사이버강좌 운영보조장학생 모집,https://www.hongik.ac.kr/kr/newscenter/notice.do?mode=view&articleNo=141495&article.offset=750&articleLimit=10&noCat=504,2025.08.29,장학
141480,2025학년도 2학기 등록금 분할납부 추가신청안내 (학부) (최종),https://www.hongik.ac.kr/kr/newscenter/notice.do?mode=view&articleNo=141480&article.offset=750&articleLimit=10&noCat=500,2025.08.29,학사
141425,2025학년도 2학기 휴학·휴학연장 추가(최종) 신청 안내 (대학원),https://www.hongik.ac.kr/kr/newscenter/notice.do/kr/education/notice-grad.do?mode=view&articleNo=141425&noCat=380,2025.08.29,학적
141399,[채용상담회] 현대건설 / 9.3(수) 10:00 ~ 17:00 / 홍문관 로비,https://www.hongik.ac.kr/kr/newscenter/notice.do?mode=view&articleNo=141399&article.offset=750&articleLimit=10&noCat=396,2025.08.28,취창업
141385,[통영시지속가능발전교육재단] 2025년 2학기 통영시 대학생 등록금 전액 지원사업,https://www.hongik.ac.kr/kr/newscenter/notice.do?mode=view&articleNo=141385&article.offset=750&articleLimit=10&noCat=501,2025.08.28,장학
141371,[포항시장학회] 2025년도 대학교 장학생 선발계획 안내,https://www.hongik.ac.kr/kr/newscenter/notice.do?mode=view&articleNo=141371&article.offset=750&articleLimit=10&noCat=501,2025.08.28,장학
141368,[경영대학] 2025-2학기 대학원 T/AS(강의보조) 2차 모집(대학원생 대상),https://www.hongik.ac.kr/kr/newscenter/notice.do?mode=view&articleNo=141368&article.offset=750&articleLimit=10&noCat=504,2025.08.28,장학
141363,[중앙도서관] 2025학년도 2학기 도서관 운영 안내,https://www.hongik.ac.kr/kr/newscenter/notice.do?mode=view&articleNo=141363&article.offset=750&articleLimit=10&noCat=29,2025.08.28,일반
141300,박사학위 청구 논문대상자 공개발표회 평가보고서 제출 안내(~9.26.(금)),https://www.hongik.ac.kr/kr/newscenter/notice.do/kr/education/notice-grad.do?mode=view&articleNo=141300&noCat=377,2025.08.27,졸업
141292,2025-2 기업분석을 통한 이력서 및 자기소개서 작성법(사기업/공기업) 특강 안내,https://www.hongik.ac.kr/kr/newscenter/notice.do?mode=view&articleNo=141292&article.offset=760&articleLimit=10&noCat=396,2025.08.27,취창업
141261,[익산사랑장학재단] 2025년도 익산사랑 장학생 선발 공고 안내,https://www.hongik.ac.kr/kr/newscenter/notice.do?mode=view&articleNo=141261&article.offset=760&articleLimit=10&noCat=501,2025.08.27,장학
141249,[패션대학원] 2025학년도 2학기 대학원 봉사장학생 선발,https://www.hongik.ac.kr/kr/newscenter/notice.do/kr/education/notice-grad.do?mode=view&articleNo=141249&noCat=379,2025.08.27,장학
141248,2025학년도 2학기 대학원 수강신청 정정 기간 안내(인원초과 과목 신청 안내 포함),https://www.hongik.ac.kr/kr/newscenter/notice.do/kr/education/notice-grad.do?mode=view&articleNo=141248&noCat=595,2025.08.27,수강
141227,2025학년도 2학기 대학원 장학금 2차 신청 안내,https://www.hongik.ac.kr/kr/newscenter/notice.do/kr/education/notice-grad.do?mode=view&articleNo=141227&noCat=379,2025.08.26,장학
141208,2025학년도 2학기 석사학위청구방법 신청(변경) 안내(9.1.(월)~12.(금)),https://www.hongik.ac.kr/kr/newscenter/notice.do/kr/education/notice-grad.do?mode=view&articleNo=141208&noCat=377,2025.08.26,졸업
141207,2025학년도 2학기 논문지도교수 신청(변경) 안내(9.1.(월)~12.(금)),https://www.hongik.ac.kr/kr/newscenter/notice.do/kr/education/notice-grad.do?mode=view&articleNo=141207&noCat=377,2025.08.26,졸업
141180,2025학년도 2학기 사이버강좌 시험장소 선택 안내,https://www.hongik.ac.kr/kr/newscenter/notice.do?mode=view&articleNo=141180&article.offset=760&articleLimit=10&noCat=500,2025.08.26,학사
141154,2025학년도 2학기 사이버강좌 출석 및 수강방법 안내,https://www.hongik.ac.kr/kr/newscenter/notice.do?mode=view&articleNo=141154&article.offset=760&articleLimit=10&noCat=500,2025.08.25,학사
141151,★2025학년도 2학기 논문 및 개별연구과제 심사 안내 책자(학과별 석사학위청구방법 현황 포함)★,https://www.hongik.ac.kr/kr/newscenter/notice.do/kr/education/notice-grad.do?mode=view&articleNo=141151&noCat=377,2025.08.25,졸업
141149,2025학년도 2학기 연구윤리교육 안내,https://www.hongik.ac.kr/kr/newscenter/notice.do/kr/education/notice-grad.do?mode=view&articleNo=141149&noCat=377,2025.08.25,졸업
141107,[광산장학회] 2025년도 장학생 선발공고 안내,https://www.hongik.ac.kr/kr/newscenter/notice.do?mode=view&articleNo=141107&article.offset=770&articleLimit=10&noCat=501,2025.08.25,장학
141096,2025-2학기 미래인재센터 제1관 학생 선발계획 공고,https://www.hongik.ac.kr/kr/newscenter/notice.do?mode=view&articleNo=141096&article.offset=770&articleLimit=10&noCat=29,2025.08.25,일반
141093,2025학년도 2학기 등록금 분할납부 추가신청 안내 (대학원)(최종),https://www.hongik.ac.kr/kr/newscenter/notice.do/kr/education/notice-grad.do?mode=view&articleNo=141093&noCat=380,2025.08.25,학적
141048,[서울지방병무청]각 군 현역병 모집일정(2025년9월) 안내,https://www.hongik.ac.kr/kr/newscenter/notice.do?mode=view&articleNo=141048&article.offset=770&articleLimit=10&noCat=500,2025.08.22,학사
140947,대학원 교학팀 내국인 입시 봉사학생 모집(~8.24),https://www.hongik.ac.kr/kr/newscenter/notice.do/kr/education/notice-grad.do?mode=view&articleNo=140947&noCat=381,2025.08.21,입시
140936,2025학년도 2학기 학점교류 신청 안내 (국립공주대학교),https://www.hongik.ac.kr/kr/newscenter/notice.do?mode=view&articleNo=140936&article.offset=770&articleLimit=10&noCat=500,2025.08.20,학사
140924,"[취업진로지원센터] 2025-2학기 취업교과목 (직업과 취업, 직무이해와 취업역량개발) 강의 안내",https://www.hongik.ac.kr/kr/newscenter/notice.do?mode=view&articleNo=140924&article.offset=770&articleLimit=10&noCat=396,2025.08.20,취창업
140912,[제25–32호](영상·커뮤니케이션대학원) OTT콘텐츠 특성화대학원 실기용 카메라 구입,https://www.hongik.ac.kr/kr/newscenter/notice.do?mode=view&articleNo=140912&article.offset=770&articleLimit=10&noCat=36,2025.08.20,입찰
140906,2025학년도 학생증 신청안내,https://www.hongik.ac.kr/kr/newscenter/notice.do?mode=view&articleNo=140906&article.offset=780&articleLimit=10&noCat=500,2025.08.20,학사
140887,[장학팀] 2025년 충청남도 학자금 대출이자 지원사업 안내,https://www.hongik.ac.kr/kr/newscenter/notice.do?mode=view&articleNo=140887&article.offset=780&articleLimit=10&noCat=501,2025.08.19,장학
140886,[장학팀] 2025년 하반기 군산시 대학생 학자금 이자 지원사업 안내,https://www.hongik.ac.kr/kr/newscenter/notice.do?mode=view&articleNo=140886&article.offset=780&articleLimit=10&noCat=501,2025.08.19,장학
140883,[대학혁신지원사업] 2025년 2학기 중국인 유학생 자기이해 집단상담 운영 / 中国留学生集体商谈,https://www.hongik.ac.kr/kr/newscenter/notice.do?mode=view&articleNo=140883&article.offset=780&articleLimit=10&noCat=29,2025.08.19,일반
140878,[세종인재평생교육진흥원] 2025년도 하반기 학자금 대출이자지원 신청 공고 안내,https://www.hongik.ac.kr/kr/newscenter/notice.do?mode=view&articleNo=140878&article.offset=780&articleLimit=10&noCat=501,2025.08.19,장학
140877,[세종인재평생교육진흥원] 2025년도 하반기 장학생 선발계획 공고 안내,https://www.hongik.ac.kr/kr/newscenter/notice.do?mode=view&articleNo=140877&article.offset=780&articleLimit=10&noCat=501,2025.08.19,장학
140851,[홍보] 관악 청년 취업멘토링 8~9월 프로그램 안내,https://www.hongik.ac.kr/kr/newscenter/notice.do?mode=view&articleNo=140851&article.offset=780&articleLimit=10&noCat=396,2025.08.18,취창업
140821,2025학년도 2학기 외국어시험 시행안내,https://www.hongik.ac.kr/kr/newscenter/notice.do/kr/education/notice-grad.do?mode=view&articleNo=140821&noCat=377,2025.08.18,졸업
140819,2025학년도 2학기 종합시험 시행안내,https://www.hongik.ac.kr/kr/newscenter/notice.do/kr/education/notice-grad.do?mode=view&articleNo=140819&noCat=377,2025.08.18,졸업
140802,2025학년도 2학기 수강신청 부정행위 관리 시행 안내,https://www.hongik.ac.kr/kr/newscenter/notice.do?mode=view&articleNo=140802&article.offset=780&articleLimit=10&noCat=500,2025.08.18,학사
140778,2025학년도 2학기 대학원 봉사장학생 선발,https://www.hongik.ac.kr/kr/newscenter/notice.do/kr/education/notice-grad.do?mode=view&articleNo=140778&noCat=379,2025.08.14,장학
140754,(건강진료센터)나의건강기록 앱 활용하기,https://www.hongik.ac.kr/kr/newscenter/notice.do?mode=view&articleNo=140754&article.offset=790&articleLimit=10&noCat=29,2025.08.14,일반
140742,(수료생 필독) 2025학년도 2학기 연구등록금/연구생증명비 납부 안내,https://www.hongik.ac.kr/kr/newscenter/notice.do/kr/education/notice-grad.do?mode=view&articleNo=140742&noCat=377,2025.08.14,졸업
140709,2025秋季学号查询以及新生向导,https://www.hongik.ac.kr/kr/newscenter/notice.do/kr/education/notice-grad.do?mode=view&articleNo=140709&noCat=382,2025.08.13,외국인입시
140708,2025 Fall Semester Students ID & Orientation Article,https://www.hongik.ac.kr/kr/newscenter/notice.do/kr/education/notice-grad.do?mode=view&articleNo=140708&noCat=382,2025.08.13,외국인입시
140707,[바이오헬스 혁신융합대학] 2025학년도 1학기 성과형 장학금 신청 안내,https://www.hongik.ac.kr/kr/newscenter/notice.do?mode=view&articleNo=140707&article.offset=790&articleLimit=10&noCat=29,2025.08.13,일반
140703,2025학년도 2학기 대기업 직무적성검사 대비 특강 안내,https://www.hongik.ac.kr/kr/newscenter/notice.do?mode=view&articleNo=140703&article.offset=790&articleLimit=10&noCat=396,2025.08.13,취창업
140691,2025학년도 2학기 학점교류 신청 안내 (광운대학교),https://www.hongik.ac.kr/kr/newscenter/notice.do?mode=view&articleNo=140691&article.offset=790&articleLimit=10&noCat=500,2025.08.13,학사
140654,"2025학년도 2학기 교양학점 초과자 및 학기초과자 수강신청, 등록 안내(학부)",https://www.hongik.ac.kr/kr/newscenter/notice.do?mode=view&articleNo=140654&article.offset=790&articleLimit=10&noCat=500,2025.08.12,학사
140651,[세종] 2025학년도 2학기 사회봉사 신청 안내,https://www.hongik.ac.kr/kr/newscenter/notice.do?mode=view&articleNo=140651&article.offset=790&articleLimit=10&noCat=500,2025.08.12,학사
140648,[홍보] 여의도 디지털금융 전문대학원 디지털금융 전문가 과정 교육생 모집,https://www.hongik.ac.kr/kr/newscenter/notice.do?mode=view&articleNo=140648&article.offset=800&articleLimit=10&noCat=396,2025.08.12,취창업
140647,[홍보] 2025 방학 직무역량강화 프로그램 12개 직무 현직자 특강 홍보,https://www.hongik.ac.kr/kr/newscenter/notice.do?mode=view&articleNo=140647&article.offset=800&articleLimit=10&noCat=396,2025.08.12,취창업
140595,2025학년도 2학기 학점교류 학생 학번조회 안내(안),https://www.hongik.ac.kr/kr/newscenter/notice.do?mode=view&articleNo=140595&article.offset=800&articleLimit=10&noCat=500,2025.08.11,학사
140553,2025학년도 2학기 휴학 및 휴학 연장 신청 안내,https://www.hongik.ac.kr/kr/newscenter/notice.do/kr/education/notice-grad.do?mode=view&articleNo=140553&noCat=380,2025.08.11,학적
140552,2025학년도 후기 신입생 학점인정 관련 서류 제출 안내​(학·석사 연계과정 포함),https://www.hongik.ac.kr/kr/newscenter/notice.do/kr/education/notice-grad.do?mode=view&articleNo=140552&noCat=378,2025.08.11,수업
140551,2025학년도 2학기 학기초과자(수업연한초과자) 및 수료수강생 등록금 납부 안내,https://www.hongik.ac.kr/kr/newscenter/notice.do/kr/education/notice-grad.do?mode=view&articleNo=140551&noCat=595,2025.08.11,수강
140515,[홍보] 대한상공회의소 서울기술교육센터 9월 로봇 SW 개발자 교육생 모집안내,https://www.hongik.ac.kr/kr/newscenter/notice.do?mode=view&articleNo=140515&article.offset=800&articleLimit=10&noCat=396,2025.08.08,취창업
140499,[장학팀] 2025년 2학기 국가장학금 2차 신청 안내,https://www.hongik.ac.kr/kr/newscenter/notice.do?mode=view&articleNo=140499&article.offset=800&articleLimit=10&noCat=501,2025.08.08,장학
140477,3D 제작 스킬 디벨롭을 위한 ‘Cinema4D X  Octane’ 특강 안내,https://www.hongik.ac.kr/kr/newscenter/notice.do?mode=view&articleNo=140477&article.offset=800&articleLimit=10&noCat=508,2025.08.07,기타
140465,[서울] 2025년도 2학기 국가근로 및 교내봉사 장학생 선발안내,https://www.hongik.ac.kr/kr/newscenter/notice.do?mode=view&articleNo=140465&article.offset=800&articleLimit=10&noCat=501,2025.08.07,장학
140457,2025년 8월 졸업대상자의 졸업사정 결과 조회 안내(학부),https://www.hongik.ac.kr/kr/newscenter/notice.do?mode=view&articleNo=140457&article.offset=810&articleLimit=10&noCat=500,2025.08.07,학사
140455,[장학팀] 2025년 제2차 서울시 학자금대출이자 지원,https://www.hongik.ac.kr/kr/newscenter/notice.do?mode=view&articleNo=140455&article.offset=810&articleLimit=10&noCat=501,2025.08.07,장학
140383,2025학년도 2학기 재학생 등록 및 등록금 납부 안내 (대학원),https://www.hongik.ac.kr/kr/newscenter/notice.do/kr/education/notice-grad.do?mode=view&articleNo=140383&noCat=380,2025.08.06,학적
140343,2025학년도 2학기 학점교류 신청 안내 (한성대학교),https://www.hongik.ac.kr/kr/newscenter/notice.do?mode=view&articleNo=140343&article.offset=810&articleLimit=10&noCat=500,2025.08.05,학사
140340,졸업가운 대여 및 졸업물품 배부 안내(서울캠퍼스 학부생),https://www.hongik.ac.kr/kr/newscenter/notice.do?mode=view&articleNo=140340&article.offset=810&articleLimit=10&noCat=500,2025.08.05,학사
140320,2025학년도 2학기 학점교류 신청 안내 (한국항공대학교),https://www.hongik.ac.kr/kr/newscenter/notice.do?mode=view&articleNo=140320&article.offset=810&articleLimit=10&noCat=500,2025.08.05,학사
140317,2025학년도 후기 신입생 오리엔테이션 안내 책자 및 수강신청 안내문,https://www.hongik.ac.kr/kr/newscenter/notice.do/kr/education/notice-grad.do?mode=view&articleNo=140317&noCat=381,2025.08.05,입시
140315,2025학년도 2학기 학점교류 신청 안내 (서경대학교),https://www.hongik.ac.kr/kr/newscenter/notice.do?mode=view&articleNo=140315&article.offset=810&articleLimit=10&noCat=500,2025.08.05,학사
140307,[손태희장학재단] 2025년 장학생 선발 공고 안내,https://www.hongik.ac.kr/kr/newscenter/notice.do?mode=view&articleNo=140307&article.offset=810&articleLimit=10&noCat=501,2025.08.05,장학
140298,"도서관 AI 연구 특강(AI 질적연구, AI 디자인 연구, AI 학술 글쓰기)",https://www.hongik.ac.kr/kr/newscenter/notice.do/kr/education/notice-grad.do?mode=view&articleNo=140298&noCat=377,2025.08.05,졸업
140244,[ 한국소아당뇨인협회] 2026년도 소아·청소년 당뇨인 푸른빛 희망 장학금 신청 공지 안내,https://www.hongik.ac.kr/kr/newscenter/notice.do?mode=view&articleNo=140244&article.offset=820&articleLimit=10&noCat=501,2025.08.04,장학
140231,2025학년도 2학기 군이러닝 수강신청 안내,https://www.hongik.ac.kr/kr/newscenter/notice.do?mode=view&articleNo=140231&article.offset=820&articleLimit=10&noCat=500,2025.08.04,학사
140228,[서울장학재단] 2025년 2학기 진로탐색(1학년) 분야  <서울희망 대학진로 장학금> 장학생 선발 공고 안내,https://www.hongik.ac.kr/kr/newscenter/notice.do?mode=view&articleNo=140228&article.offset=820&articleLimit=10&noCat=501,2025.08.04,장학
140225,2025학년도 2학기 등록금 분할납부 신청 안내 (대학원),https://www.hongik.ac.kr/kr/newscenter/notice.do/kr/education/notice-grad.do?mode=view&articleNo=140225&noCat=380,2025.08.04,학적
140216,도서관 AI 연구 특강(25-2차 연구력 강화 특강),https://www.hongik.ac.kr/kr/newscenter/notice.do?mode=view&articleNo=140216&article.offset=820&articleLimit=10&noCat=29,2025.08.04,일반
140205,(대학원)2025학년도 2학기 추가 복학 신청 안내,https://www.hongik.ac.kr/kr/newscenter/notice.do/kr/education/notice-grad.do?mode=view&articleNo=140205&noCat=380,2025.08.04,학적
140129,[전학년 필독] 2025-2학기 수강신청 안내- 수강신청/정정/철회 관련 자주 묻는 사항(Q&A) ③,https://www.hongik.ac.kr/kr/newscenter/notice.do?mode=view&articleNo=140129&article.offset=820&articleLimit=10&noCat=500,2025.07.29,학사
140128,"[전학년 필독] 2025-2학기 수강신청 안내- 수강신청, 정정, 철회, 폐강정정 방법 ②",https://www.hongik.ac.kr/kr/newscenter/notice.do?mode=view&articleNo=140128&article.offset=820&articleLimit=10&noCat=500,2025.07.29,학사
140125,"[전학년 필독] 2025-2학기 수강신청 안내- 문의처, 전학년 알아야할 사항, 주요 학사일정 ①",https://www.hongik.ac.kr/kr/newscenter/notice.do?mode=view&articleNo=140125&article.offset=820&articleLimit=10&noCat=500,2025.07.29,학사
140113,[제25–26호] V-Ray(ChaosGroup SITE TERM LICENSE) 임대 (3년),https://www.hongik.ac.kr/kr/newscenter/notice.do?mode=view&articleNo=140113&article.offset=820&articleLimit=10&noCat=36,2025.07.29,입찰
140112,2025학년도 2학기 학점교류 신청 안내 (성신여자대학교),https://www.hongik.ac.kr/kr/newscenter/notice.do?mode=view&articleNo=140112&article.offset=830&articleLimit=10&noCat=500,2025.07.29,학사
140111,[중앙도서관] 자료열람실 운영 시간 단축 안내 (8.2(토)),https://www.hongik.ac.kr/kr/newscenter/notice.do?mode=view&articleNo=140111&article.offset=830&articleLimit=10&noCat=29,2025.07.29,일반
140085,2025학년도 2학기 등록금 분할납부 신청안내(학부),https://www.hongik.ac.kr/kr/newscenter/notice.do?mode=view&articleNo=140085&article.offset=830&articleLimit=10&noCat=500,2025.07.28,학사
140083,[제25–25호] Microsoft CA 임대(2025.11.01.~2026.10.31.) 업체 선정,https://www.hongik.ac.kr/kr/newscenter/notice.do?mode=view&articleNo=140083&article.offset=830&articleLimit=10&noCat=36,2025.07.28,입찰
140080,2025학년도 2학기 학점교류 신청 안내 (세종대학교),https://www.hongik.ac.kr/kr/newscenter/notice.do?mode=view&articleNo=140080&article.offset=830&articleLimit=10&noCat=500,2025.07.28,학사
140079,2025학년도 2학기 학점교류 신청 안내 (명지대학교),https://www.hongik.ac.kr/kr/newscenter/notice.do?mode=view&articleNo=140079&article.offset=830&articleLimit=10&noCat=500,2025.07.28,학사
140045,[서울지방병무청]각 군 현역병 모집일정(2025년8월) 안내,https://www.hongik.ac.kr/kr/newscenter/notice.do?mode=view&articleNo=140045&article.offset=830&articleLimit=10&noCat=500,2025.07.25,학사
139961,[홍보] 멀티캠퍼스 LG유플러스 신입공채 서류면제혜택!_유레카 SW교육과정 3기 수강생 모집,https://www.hongik.ac.kr/kr/newscenter/notice.do?mode=view&articleNo=139961&article.offset=830&articleLimit=10&noCat=396,2025.07.24,취창업
139865,2025학년도 2학기 학기재수강 추가 신청 안내,https://www.hongik.ac.kr/kr/newscenter/notice.do?mode=view&articleNo=139865&article.offset=830&articleLimit=10&noCat=500,2025.07.23,학사
139852,[취업진로지원센터] 2025 YBM TOEIC Speaking 정기시험 응시료 할인 제공 혜택 안내,https://www.hongik.ac.kr/kr/newscenter/notice.do?mode=view&articleNo=139852&article.offset=830&articleLimit=10&noCat=396,2025.07.23,취창업
139851,[홍보] 관악청년 취업멘토링 7~8월 프로그램 홍보(홍대생 참여가능),https://www.hongik.ac.kr/kr/newscenter/notice.do?mode=view&articleNo=139851&article.offset=840&articleLimit=10&noCat=396,2025.07.23,취창업
139832,2025학년도 2학기 학점교류 신청 안내 (서강대학교),https://www.hongik.ac.kr/kr/newscenter/notice.do?mode=view&articleNo=139832&article.offset=840&articleLimit=10&noCat=500,2025.07.22,학사
139791,[홍보] 대한상공회의소 AI 융합 로봇 SW 개발자 (채용연계과정),https://www.hongik.ac.kr/kr/newscenter/notice.do?mode=view&articleNo=139791&article.offset=840&articleLimit=10&noCat=396,2025.07.21,취창업
139776,2024학년도 후기 학위수여식(제75회) 및 학위기 배부 ·석사학위가운 대여 안내,https://www.hongik.ac.kr/kr/newscenter/notice.do/kr/education/notice-grad.do?mode=view&articleNo=139776&noCat=377,2025.07.21,졸업
139775,2025년 8월 대학원 졸업예정자 졸업사정결과 조회 안내(7.21.(월)~8.8.(금)),https://www.hongik.ac.kr/kr/newscenter/notice.do/kr/education/notice-grad.do?mode=view&articleNo=139775&noCat=377,2025.07.21,졸업
139687,2025학년도 2학기 학점교류 신청 안내 (성공회대학교),https://www.hongik.ac.kr/kr/newscenter/notice.do?mode=view&articleNo=139687&article.offset=840&articleLimit=10&noCat=500,2025.07.18,학사
139683,2025학년도 2학기 학점교류 신청 안내 (동덕여자대학교),https://www.hongik.ac.kr/kr/newscenter/notice.do?mode=view&articleNo=139683&article.offset=840&articleLimit=10&noCat=500,2025.07.18,학사
139682,2025학년도 2학기 대학원 수강신청 일정 및 방법 안내,https://www.hongik.ac.kr/kr/newscenter/notice.do/kr/education/notice-grad.do?mode=view&articleNo=139682&noCat=595,2025.07.18,수강
139681,[장학팀] 2025년 2학기 푸른등대 기부장학금 신청 안내,https://www.hongik.ac.kr/kr/newscenter/notice.do?mode=view&articleNo=139681&article.offset=840&articleLimit=10&noCat=501,2025.07.18,장학
139628,2025년 8월 대학원 졸업예정자 세부전공명/학위명 선택 안내(7.18.(금)~7.25.(금)),https://www.hongik.ac.kr/kr/newscenter/notice.do/kr/education/notice-grad.do?mode=view&articleNo=139628&noCat=377,2025.07.17,졸업
139625,"[제25-23호][서울 기숙사] 상반기 서울 기숙사 대청소(사생실, 휴게실 소파, 매트리스)",https://www.hongik.ac.kr/kr/newscenter/notice.do?mode=view&articleNo=139625&article.offset=850&articleLimit=10&noCat=36,2025.07.17,입찰
139622,2025학년도 2학기 수료생의 교과목 수강 및 교과목 이수학점 졸업 신청 안내(8.4.(월)~8.18.(월)),https://www.hongik.ac.kr/kr/newscenter/notice.do/kr/education/notice-grad.do?mode=view&articleNo=139622&noCat=377,2025.07.17,졸업
139621,2025학년도 2학기 논문제출시한 경과자 특례조치(제출시한 연장) 및 소급적용 신청 안내 (8.4.(월) ~ 8.18.(월)),https://www.hongik.ac.kr/kr/newscenter/notice.do/kr/education/notice-grad.do?mode=view&articleNo=139621&noCat=377,2025.07.17,졸업
139568,영문학위기 발행을 위한 영문이름 정정 안내 (수정기간: 7/16 ~ 7/31),https://www.hongik.ac.kr/kr/newscenter/notice.do/kr/education/notice-grad.do?mode=view&articleNo=139568&noCat=377,2025.07.16,졸업
139562,2025학년도 2학기 학점교류 신청 안내 (건국대학교),https://www.hongik.ac.kr/kr/newscenter/notice.do?mode=view&articleNo=139562&article.offset=850&articleLimit=10&noCat=500,2025.07.16,학사
139561,2025학년도 2학기 학점교류 신청 안내 (가톨릭대학교),https://www.hongik.ac.kr/kr/newscenter/notice.do?mode=view&articleNo=139561&article.offset=850&articleLimit=10&noCat=500,2025.07.16,학사
139507,(대학원)2025학년도 2학기 복학 신청 안내,https://www.hongik.ac.kr/kr/newscenter/notice.do/kr/education/notice-grad.do?mode=view&articleNo=139507&noCat=380,2025.07.15,학적
139490,2025학년도 2학기 학기재수강 신청 안내,https://www.hongik.ac.kr/kr/newscenter/notice.do?mode=view&articleNo=139490&article.offset=850&articleLimit=10&noCat=500,2025.07.14,학사
139485,"[홍보] [멀티캠퍼스] LG유플러스, 토스뱅크 ""공채서류면제"" IT부트캠프 수강생 모집안내",https://www.hongik.ac.kr/kr/newscenter/notice.do?mode=view&articleNo=139485&article.offset=850&articleLimit=10&noCat=396,2025.07.14,취창업
139480,[5‧18기념재단] 2025년 5․18희망장학생 모집공고 안내,https://www.hongik.ac.kr/kr/newscenter/notice.do?mode=view&articleNo=139480&article.offset=850&articleLimit=10&noCat=501,2025.07.14,장학
139470,2025년 SIEMENS-PACE센터 하계 계절학기 (NX공학소프트웨어 특강) (~7월17일까지),https://www.hongik.ac.kr/kr/newscenter/notice.do?mode=view&articleNo=139470&article.offset=860&articleLimit=10&noCat=500,2025.07.14,학사
139433,2025년 SIEMENS-PACE센터 하계 계절학기 (NX공학소프트웨어 특강) (~17시까지),https://www.hongik.ac.kr/kr/newscenter/notice.do?mode=view&articleNo=139433&article.offset=860&articleLimit=10&noCat=500,2025.07.11,학사
139419,2025학년도 2학기 학점교류 신청 안내 (한국외국어대학교),https://www.hongik.ac.kr/kr/newscenter/notice.do?mode=view&articleNo=139419&article.offset=860&articleLimit=10&noCat=500,2025.07.11,학사
139418,2025학년도 2학기 학점교류 신청 안내 (숭실대학교),https://www.hongik.ac.kr/kr/newscenter/notice.do?mode=view&articleNo=139418&article.offset=860&articleLimit=10&noCat=500,2025.07.11,학사
139417,2025학년도 2학기 학점교류 신청 안내 (중앙대학교),https://www.hongik.ac.kr/kr/newscenter/notice.do?mode=view&articleNo=139417&article.offset=860&articleLimit=10&noCat=500,2025.07.11,학사
139416,2025학년도 2학기 학점교류 신청 안내 (계명대학교),https://www.hongik.ac.kr/kr/newscenter/notice.do?mode=view&articleNo=139416&article.offset=860&articleLimit=10&noCat=500,2025.07.11,학사
139415,2025학년도 2학기 학점교류 신청 안내 (서울과학기술대학교),https://www.hongik.ac.kr/kr/newscenter/notice.do?mode=view&articleNo=139415&article.offset=860&articleLimit=10&noCat=500,2025.07.11,학사
139414,(학부생)2025학년도 2학기 복학‧휴학 및 휴학 연장 신청 안내,https://www.hongik.ac.kr/kr/newscenter/notice.do?mode=view&articleNo=139414&article.offset=860&articleLimit=10&noCat=500,2025.07.11,학사
139413,2025학년도 2학기 학점교류 신청 안내 (삼육대학교),https://www.hongik.ac.kr/kr/newscenter/notice.do?mode=view&articleNo=139413&article.offset=860&articleLimit=10&noCat=500,2025.07.11,학사
139412,2025학년도 2학기 학점교류 신청 안내 (상명대학교),https://www.hongik.ac.kr/kr/newscenter/notice.do?mode=view&articleNo=139412&article.offset=860&articleLimit=10&noCat=500,2025.07.11,학사
139384,2024학년도 후기 학위수여식 (제75회) 참석 안내(학부),https://www.hongik.ac.kr/kr/newscenter/notice.do?mode=view&articleNo=139384&article.offset=870&articleLimit=10&noCat=500,2025.07.10,학사
139383,대학원 교학팀 내국인 입시 봉사학생 모집(~7.16),https://www.hongik.ac.kr/kr/newscenter/notice.do/kr/education/notice-grad.do?mode=view&articleNo=139383&noCat=381,2025.07.10,입시
139331,2025학년도 2학기 학점교류 신청 안내 (서울시립대학교 인공지능혁신융합대학),https://www.hongik.ac.kr/kr/newscenter/notice.do?mode=view&articleNo=139331&article.offset=870&articleLimit=10&noCat=500,2025.07.09,학사
139329,[취업진로지원센터] KOTRA 도쿄무역관 일본 온라인 잡페어 및 기업 설명회 홍보,https://www.hongik.ac.kr/kr/newscenter/notice.do?mode=view&articleNo=139329&article.offset=870&articleLimit=10&noCat=396,2025.07.09,취창업
139327,[외부장학] 재단법인 선현 장학생 모집 공고,https://www.hongik.ac.kr/kr/newscenter/notice.do/kr/education/notice-grad.do?mode=view&articleNo=139327&noCat=379,2025.07.09,장학
139326,2025학년도 2학기 학점교류 신청 안내 (숙명여자대학교),https://www.hongik.ac.kr/kr/newscenter/notice.do?mode=view&articleNo=139326&article.offset=870&articleLimit=10&noCat=500,2025.07.09,학사
139323,[홍보] 2025년 해외일경험 온라인 토크콘서트,https://www.hongik.ac.kr/kr/newscenter/notice.do?mode=view&articleNo=139323&article.offset=870&articleLimit=10&noCat=396,2025.07.09,취창업
139321,[모집] 2025 창의적 종합설계 경진대회(Capstone Design Fair),https://www.hongik.ac.kr/kr/newscenter/notice.do/kr/education/notice-undergrad.do?mode=view&articleNo=139321&noCat=537,2025.07.09,학생활동
139320,2025학년도 2학기 대학원 재학생 장학금 1차 신청 안내,https://www.hongik.ac.kr/kr/newscenter/notice.do/kr/education/notice-grad.do?mode=view&articleNo=139320&noCat=379,2025.07.09,장학
139319,2025학년도 2학기 대학원 신입생 장학금 신청 안내,https://www.hongik.ac.kr/kr/newscenter/notice.do/kr/education/notice-grad.do?mode=view&articleNo=139319&noCat=379,2025.07.09,장학
139294,[정읍시민장학재단] 2025년 장학생(우수인재 장학금) 선발계획 공고 안내,https://www.hongik.ac.kr/kr/newscenter/notice.do?mode=view&articleNo=139294&article.offset=880&articleLimit=10&noCat=501,2025.07.08,장학
139293,[세종캠퍼스] 2024학년도 후기(2025년 8월) 졸업예정자 전공명 선택 안내(2차),https://www.hongik.ac.kr/kr/newscenter/notice.do/kr/education/notice-undergrad.do?mode=view&articleNo=139293&noCat=23,2025.07.08,학사
139290,[롯데장학재단] ‘취업준비생장학생 7기’ 모집공고 안내,https://www.hongik.ac.kr/kr/newscenter/notice.do?mode=view&articleNo=139290&article.offset=880&articleLimit=10&noCat=501,2025.07.08,장학
139266,[대한상공회의소 서울기술교육센터] AI융합 로봇 SW 개발자 과정 교육생 모집 공고,https://www.hongik.ac.kr/kr/newscenter/notice.do?mode=view&articleNo=139266&article.offset=880&articleLimit=10&noCat=396,2025.07.08,취창업
139242,[바이오헬스 혁신융합대학] 2025학년도 2학기 학사일정 및 수강신청 안내,https://www.hongik.ac.kr/kr/newscenter/notice.do?mode=view&articleNo=139242&article.offset=880&articleLimit=10&noCat=29,2025.07.07,일반
139235,[서울캠퍼스] 2024학년도 후기(2025년 8월) 졸업예정자 전공명 선택 안내(2차),https://www.hongik.ac.kr/kr/newscenter/notice.do/kr/education/notice-undergrad.do?mode=view&articleNo=139235&noCat=23,2025.07.07,학사
139227,2025학년도 2학기 ​학·석사 연계과정 모집,https://www.hongik.ac.kr/kr/newscenter/notice.do/kr/education/notice-undergrad.do?mode=view&articleNo=139227&noCat=23,2025.07.07,학사
139220,2025학년도 2학기 학점교류 신청 안내 (동국대학교),https://www.hongik.ac.kr/kr/newscenter/notice.do?mode=view&articleNo=139220&article.offset=880&articleLimit=10&noCat=500,2025.07.07,학사
139213,2025학년도 2학기 학점교류 신청 안내 (서울시립대학교),https://www.hongik.ac.kr/kr/newscenter/notice.do?mode=view&articleNo=139213&article.offset=880&articleLimit=10&noCat=500,2025.07.07,학사
139208,2025학년도 2학기 학점교류 신청 안내 (서울여자대학교),https://www.hongik.ac.kr/kr/newscenter/notice.do?mode=view&articleNo=139208&article.offset=880&articleLimit=10&noCat=500,2025.07.07,학사
139181,[세계한민족여성재단] 2025 희망장학생 모집 공고 안내,https://www.hongik.ac.kr/kr/newscenter/notice.do?mode=view&articleNo=139181&article.offset=890&articleLimit=10&noCat=501,2025.07.04,장학
139178,[한국장애인재활협회] KB두드림스타  청년장학생 모집공고 안내,https://www.hongik.ac.kr/kr/newscenter/notice.do?mode=view&articleNo=139178&article.offset=890&articleLimit=10&noCat=501,2025.07.04,장학
139169,2025학년도 하계계절학기 사이버강좌 기말고사 시행 안내,https://www.hongik.ac.kr/kr/newscenter/notice.do?mode=view&articleNo=139169&article.offset=890&articleLimit=10&noCat=500,2025.07.04,학사
139162,2025학년도 하계계절학기 성적조회 안내,https://www.hongik.ac.kr/kr/newscenter/notice.do?mode=view&articleNo=139162&article.offset=890&articleLimit=10&noCat=500,2025.07.04,학사
139113,[외부장학] 3.1문화재단 장학생 모집 공고,https://www.hongik.ac.kr/kr/newscenter/notice.do/kr/education/notice-grad.do?mode=view&articleNo=139113&noCat=379,2025.07.03,장학
139112,2025학년도 하계계절학기 성적 처리 안내,https://www.hongik.ac.kr/kr/newscenter/notice.do?mode=view&articleNo=139112&article.offset=890&articleLimit=10&noCat=33,2025.07.03,교강사
139066,2025년 SIEMENS-PACE센터 하계 계절학기 (NX공학소프트웨어 특강),https://www.hongik.ac.kr/kr/newscenter/notice.do?mode=view&articleNo=139066&article.offset=890&articleLimit=10&noCat=500,2025.07.02,학사
139057,7-8월 도서관 정기교육 안내(맞춤교육 신청 가능),https://www.hongik.ac.kr/kr/newscenter/notice.do/kr/education/notice-grad.do?mode=view&articleNo=139057&noCat=377,2025.07.02,졸업
139056,2025학년도 2학기 공연예술 융합전공 신청 안내,https://www.hongik.ac.kr/kr/newscenter/notice.do?mode=view&articleNo=139056&article.offset=890&articleLimit=10&noCat=500,2025.07.02,학사
139035,"[제25-22호][서울 기숙사] 상반기 서울 기숙사 대청소(사생실, 휴게실 소파, 매트리스)",https://www.hongik.ac.kr/kr/newscenter/notice.do?mode=view&articleNo=139035&article.offset=890&articleLimit=10&noCat=36,2025.07.01,입찰
139013,2025학년도 2학기 학점교류 신청 안내 (서울대학교),https://www.hongik.ac.kr/kr/newscenter/notice.do?mode=view&articleNo=139013&article.offset=900&articleLimit=10&noCat=500,2025.07.01,학사
139008,2025학년도 2학기 주전공 신청 및 변경 안내 (세종캠퍼스),https://www.hongik.ac.kr/kr/newscenter/notice.do/kr/education/notice-undergrad.do?mode=view&articleNo=139008&noCat=23,2025.07.01,학사
139004,[장학팀] 2025년 하반기 경기도 대학생 학자금 대출이자 지원 안내,https://www.hongik.ac.kr/kr/newscenter/notice.do?mode=view&articleNo=139004&article.offset=900&articleLimit=10&noCat=501,2025.07.01,장학
138909,2025학년도 2학기 주전공 신청 및 변경 안내 (서울캠퍼스),https://www.hongik.ac.kr/kr/newscenter/notice.do?mode=view&articleNo=138909&article.offset=900&articleLimit=10&noCat=500,2025.06.30,학사
138906,"2025학년도 2학기 복수전공, 부전공, 융합전공, 미세전공 신청 안내",https://www.hongik.ac.kr/kr/newscenter/notice.do?mode=view&articleNo=138906&article.offset=900&articleLimit=10&noCat=500,2025.06.30,학사
138902,[장학팀] 2025년 제주특별자치도 학자금대출 신용회복 지원 안내,https://www.hongik.ac.kr/kr/newscenter/notice.do?mode=view&articleNo=138902&article.offset=900&articleLimit=10&noCat=501,2025.06.30,장학
138834,(서울캠퍼스) 2025 하계 계절학기 부분환불 신청 안내(~7.1),https://www.hongik.ac.kr/kr/newscenter/notice.do?mode=view&articleNo=138834&article.offset=900&articleLimit=10&noCat=500,2025.06.26,학사
138408,2026학년도 1학기 해외대학 파견 Outbound 교류학생 지원자 모집 및 선발(~25년 7월 21일 월 16시),https://www.hongik.ac.kr/kr/newscenter/notice.do?mode=view&articleNo=138408&article.offset=900&articleLimit=10&noCat=500,2025.06.24,학사
138402,2025학년도 하계계절학기 사이버강좌 출석 및 수강방법 안내,https://www.hongik.ac.kr/kr/newscenter/notice.do?mode=view&articleNo=138402&article.offset=900&articleLimit=10&noCat=500,2025.06.24,학사
138394,[홍보] 2025 국립한밭대 [거점특화 H-ACE] 데이터 분석 준전문가 과정(ADsP) 홍보,https://www.hongik.ac.kr/kr/newscenter/notice.do?mode=view&articleNo=138394&article.offset=900&articleLimit=10&noCat=396,2025.06.24,취창업
138148,[거창군장학회] 2025-1학기 거창군 지역출신 대학생 등록금 지원사업 공고 안내,https://www.hongik.ac.kr/kr/newscenter/notice.do?mode=view&articleNo=138148&article.offset=910&articleLimit=10&noCat=501,2025.06.23,장학
138121,2024학년도 후기(2025년 8월) 졸업예정자 부전공 및 융합전공 졸업 자격취득 신청 안내,https://www.hongik.ac.kr/kr/newscenter/notice.do?mode=view&articleNo=138121&article.offset=910&articleLimit=10&noCat=500,2025.06.23,학사
138106,2025학년도 1학기 학생 포상 신청 안내,https://www.hongik.ac.kr/kr/newscenter/notice.do/kr/education/notice-grad.do?mode=view&articleNo=138106&noCat=383,2025.06.20,기타
138086,[취업진로지원센터] 2025년 취업지원 프로그램 개편을 위한 요구도 설문조사 실시,https://www.hongik.ac.kr/kr/newscenter/notice.do?mode=view&articleNo=138086&article.offset=910&articleLimit=10&noCat=396,2025.06.20,취창업
138071,(세종캠퍼스) 2025 하계 계절학기 폐강과목 공지 및 수강철회/환불신청 안내(~6.24 16시까지),https://www.hongik.ac.kr/kr/newscenter/notice.do/kr/education/notice-undergrad.do?mode=view&articleNo=138071&noCat=23,2025.06.20,학사
138032,(서울캠퍼스) 2025 하계 계절학기 폐강과목 공지 및 수강철회/환불신청 안내(~6.24 16시까지),https://www.hongik.ac.kr/kr/newscenter/notice.do/kr/education/notice-undergrad.do?mode=view&articleNo=138032&noCat=23,2025.06.20,학사
138019,[서울지방병무청]각 군 현역병 모집일정(2025년7월) 안내,https://www.hongik.ac.kr/kr/newscenter/notice.do?mode=view&articleNo=138019&article.offset=910&articleLimit=10&noCat=500,2025.06.19,학사
138006,"2025년 8월 졸업예정자 ""교원자격무시험검정원서"" 접수(~25.7.23)",https://www.hongik.ac.kr/kr/newscenter/notice.do?mode=view&articleNo=138006&article.offset=910&articleLimit=10&noCat=500,2025.06.19,학사
137910,[대학혁신지원사업] 2025-하계 교과연계 워크숍 참여 학생 모집,https://www.hongik.ac.kr/kr/newscenter/notice.do?mode=view&articleNo=137910&article.offset=910&articleLimit=10&noCat=511,2025.06.17,교수학습지원
137903,2025년 청년인생설계학교 2기 참여자 모집,https://www.hongik.ac.kr/kr/newscenter/notice.do?mode=view&articleNo=137903&article.offset=910&articleLimit=10&noCat=396,2025.06.17,취창업
137900,[KOTRA] ‘대체시장 진출전략 릴레이 설명회’ 홍보,https://www.hongik.ac.kr/kr/newscenter/notice.do?mode=view&articleNo=137900&article.offset=920&articleLimit=10&noCat=396,2025.06.17,취창업
137899,2025학년도 2학기 재입학 신청 안내,https://www.hongik.ac.kr/kr/newscenter/notice.do/kr/education/notice-grad.do?mode=view&articleNo=137899&noCat=380,2025.06.17,학적
137898,2025학년도 2학기 ​석·박사학위통합과정 전환 및 포기 신청 안내,https://www.hongik.ac.kr/kr/newscenter/notice.do/kr/education/notice-grad.do?mode=view&articleNo=137898&noCat=380,2025.06.17,학적
137876,2025 홍익인을 위한 Me로 찾기 진로캠프,https://www.hongik.ac.kr/kr/newscenter/notice.do?mode=view&articleNo=137876&article.offset=920&articleLimit=10&noCat=512,2025.06.16,학생상담
137875,2025 홍익인을 위한 Me로 찾기 진로캠프,https://www.hongik.ac.kr/kr/newscenter/notice.do?mode=view&articleNo=137875&article.offset=920&articleLimit=10&noCat=513,2025.06.16,대학교육혁신사업단
137874,2025학년도 1학기 강의개선보고서(CQI) 입력 안내,https://www.hongik.ac.kr/kr/newscenter/notice.do?mode=view&articleNo=137874&article.offset=920&articleLimit=10&noCat=33,2025.06.16,교강사
137847,[한국농어촌희망재단] 2025년 2학기 농림축산식품부 청년창업농장학생 선발 공고 안내,https://www.hongik.ac.kr/kr/newscenter/notice.do?mode=view&articleNo=137847&article.offset=920&articleLimit=10&noCat=501,2025.06.13,장학
137778,2025년 SIEMENS-PACE센터 하계 계절학기 (NX공학소프트웨어 특강),https://www.hongik.ac.kr/kr/newscenter/notice.do?mode=view&articleNo=137778&article.offset=920&articleLimit=10&noCat=500,2025.06.12,학사
137776,[모집] 2025 저탄소/에너지 기술 컨소시엄 SUMMER SCHOOL,https://www.hongik.ac.kr/kr/newscenter/notice.do/kr/education/notice-undergrad.do?mode=view&articleNo=137776&noCat=537,2025.06.12,학생활동
137746,[모집] 2025 창의·융합 디자인 엔지니어링 캠프 참가 신청,https://www.hongik.ac.kr/kr/newscenter/notice.do?mode=view&articleNo=137746&article.offset=920&articleLimit=10&noCat=514,2025.06.11,학생활동
137730,2025학년도 하계 ‘방과후학교’ 사회봉사장학생 사회봉사 신청 안내(서울캠퍼스),https://www.hongik.ac.kr/kr/newscenter/notice.do?mode=view&articleNo=137730&article.offset=930&articleLimit=10&noCat=514,2025.06.11,학생활동
137722,[중앙도서관x강원대학교 외국학술지지원센터] 우수 이용자 선발 이벤트,https://www.hongik.ac.kr/kr/newscenter/notice.do?mode=view&articleNo=137722&article.offset=930&articleLimit=10&noCat=29,2025.06.11,일반
137708,[모집] 2025 창의적 종합설계 경진대회(Capstone Design Fair),https://www.hongik.ac.kr/kr/newscenter/notice.do/kr/education/notice-undergrad.do?mode=view&articleNo=137708&noCat=537,2025.06.11,학생활동
137694,[홍보] 한신대학교 취업준비 기초다지기_면접편,https://www.hongik.ac.kr/kr/newscenter/notice.do?mode=view&articleNo=137694&article.offset=930&articleLimit=10&noCat=396,2025.06.10,취창업
137680,[홍보] KOTRA 2025년 해외취업 멘토링 프로그램 안내,https://www.hongik.ac.kr/kr/newscenter/notice.do?mode=view&articleNo=137680&article.offset=930&articleLimit=10&noCat=396,2025.06.10,취창업
137677,[부마민주항쟁기념재단] 2025년 장학생 모집 공고 안내,https://www.hongik.ac.kr/kr/newscenter/notice.do?mode=view&articleNo=137677&article.offset=930&articleLimit=10&noCat=501,2025.06.10,장학
137661,[홍보] 서울 청년 예비인턴 사업 참여자 모집,https://www.hongik.ac.kr/kr/newscenter/notice.do?mode=view&articleNo=137661&article.offset=930&articleLimit=10&noCat=396,2025.06.10,취창업
137639,[취업진로지원센터] 코원 취업캠프(19기) 참여자 모집 안내(~6.16),https://www.hongik.ac.kr/kr/newscenter/notice.do?mode=view&articleNo=137639&article.offset=930&articleLimit=10&noCat=396,2025.06.09,취창업
137632,[홍보] 청년 예비 건설기술인을 위한 스마트 건설기술 교육 신청 안내,https://www.hongik.ac.kr/kr/newscenter/notice.do?mode=view&articleNo=137632&article.offset=930&articleLimit=10&noCat=396,2025.06.09,취창업
137608,[홍보] 2025 [삼육대학교 거점형 특화프로그램_2개 과정] 참여 홍보,https://www.hongik.ac.kr/kr/newscenter/notice.do?mode=view&articleNo=137608&article.offset=930&articleLimit=10&noCat=396,2025.06.09,취창업
137583,수강신청 부정행위 관리 시행 안내,https://www.hongik.ac.kr/kr/newscenter/notice.do?mode=view&articleNo=137583&article.offset=940&articleLimit=10&noCat=500,2025.06.09,학사
137573,2025학년도 1학기 성적조회 안내,https://www.hongik.ac.kr/kr/newscenter/notice.do?mode=view&articleNo=137573&article.offset=940&articleLimit=10&noCat=500,2025.06.09,학사
137533,[홍보] 025 서울청년 취업 멘토링 페스타 feat. 청년 정책 팝업스토어,https://www.hongik.ac.kr/kr/newscenter/notice.do?mode=view&articleNo=137533&article.offset=940&articleLimit=10&noCat=396,2025.06.05,취창업
137513,[홍보] 숙명여자대학교 대학일자리플러스센터 특화 프로그램 'Microsoft와 함께하는 2025 정보보안 인재 양성 과정',https://www.hongik.ac.kr/kr/newscenter/notice.do?mode=view&articleNo=137513&article.offset=940&articleLimit=10&noCat=396,2025.06.05,취창업
137461,"[홍보] 멀티캠퍼스 IT부트캠프_6월 교육 안내 (K-디지털트레이닝, 전액 무료)",https://www.hongik.ac.kr/kr/newscenter/notice.do?mode=view&articleNo=137461&article.offset=940&articleLimit=10&noCat=396,2025.06.04,취창업
137455,(홍보) SNS에서 발생할 수 있는 개인정보 유출사고! 예방해요!,https://www.hongik.ac.kr/kr/newscenter/notice.do?mode=view&articleNo=137455&article.offset=940&articleLimit=10&noCat=34,2025.06.04,보안
137447,[바이오헬스 혁신융합대학] Global Honors Program 참가자 모집 안내,https://www.hongik.ac.kr/kr/newscenter/notice.do?mode=view&articleNo=137447&article.offset=940&articleLimit=10&noCat=29,2025.06.04,일반
137436,[홍보] 숙명여자대학교 대학일자리플러스센터 특화 프로그램 'Microsoft와 함께하는 2025 정보보안 인재 양성 과정',https://www.hongik.ac.kr/kr/newscenter/notice.do?mode=view&articleNo=137436&article.offset=940&articleLimit=10&noCat=396,2025.06.04,취창업
137435,[홍보] 대학일자리플러스센터 2025년 하계방학 제약바이오 거점형 실무역량 양성과정,https://www.hongik.ac.kr/kr/newscenter/notice.do?mode=view&articleNo=137435&article.offset=940&articleLimit=10&noCat=396,2025.06.04,취창업
137407,[세종캠퍼스] 2025학년도 2학기 재입학 추가 접수 안내(학부),https://www.hongik.ac.kr/kr/newscenter/notice.do/kr/education/notice-undergrad.do?mode=view&articleNo=137407&noCat=23,2025.06.02,학사
137372,6월 도서관 정기교육 안내(학위논문 작성체제 교육 등),https://www.hongik.ac.kr/kr/newscenter/notice.do/kr/education/notice-grad.do?mode=view&articleNo=137372&noCat=377,2025.06.02,졸업
137357,2025년 8월 조기졸업 신청서 제출 안내,https://www.hongik.ac.kr/kr/newscenter/notice.do/kr/education/notice-undergrad.do?mode=view&articleNo=137357&noCat=23,2025.06.02,학사
137345,국립외교원 국민외교아카데미 제8기 대학생 외교 연수 과정 참가 안내,https://www.hongik.ac.kr/kr/newscenter/notice.do?mode=view&articleNo=137345&article.offset=950&articleLimit=10&noCat=514,2025.06.02,학생활동
137298,2025학년도 1학기 성적 처리 안내,https://www.hongik.ac.kr/kr/newscenter/notice.do?mode=view&articleNo=137298&article.offset=950&articleLimit=10&noCat=33,2025.06.02,교강사
137280,[홍보] 2025년 미래내일 일경험 사업(인턴형) 방학과정 참여청년모집,https://www.hongik.ac.kr/kr/newscenter/notice.do?mode=view&articleNo=137280&article.offset=950&articleLimit=10&noCat=396,2025.05.30,취창업
137250,[홍보] 인하대학교 대학일자리플러스센터 거점형 특화프로그램 디지털전환(DX) 맞춤형 취업 아카데미,https://www.hongik.ac.kr/kr/newscenter/notice.do?mode=view&articleNo=137250&article.offset=950&articleLimit=10&noCat=396,2025.05.30,취창업
137234,[한국전쟁참전국기념사업회] 2025 한국전쟁참전 보은장학생 모집,https://www.hongik.ac.kr/kr/newscenter/notice.do?mode=view&articleNo=137234&article.offset=950&articleLimit=10&noCat=501,2025.05.30,장학
137224,대학원 및 특수대학원 학칙 개정(안) 의견수렴,https://www.hongik.ac.kr/kr/newscenter/notice.do/kr/education/notice-grad.do?mode=view&articleNo=137224&noCat=383,2025.05.30,기타
137191,"홍익대학교 박물관, <2025 길 위의 인문학> 공모 사업 선정",https://www.hongik.ac.kr/kr/newscenter/notice.do?mode=view&articleNo=137191&article.offset=950&articleLimit=10&noCat=29,2025.05.29,일반
137161,★★2025학년도 1학기 인준 논문 및 개별연구과제 제출 안내(6.10.(화)~7.4.(금)) / Guidelines for submission of thesis (June 10 ~ July 4)★★,https://www.hongik.ac.kr/kr/newscenter/notice.do/kr/education/notice-grad.do?mode=view&articleNo=137161&noCat=377,2025.05.28,졸업
137160,턴잇인을 활용한 논문 유사도 검사 진행 방법(How to Use Turnitin to Check Plagiarism),https://www.hongik.ac.kr/kr/newscenter/notice.do/kr/education/notice-grad.do?mode=view&articleNo=137160&noCat=377,2025.05.28,졸업
137105,[대구사회복지공동모금회] 2025년 소선나눔기금 과학기술분야 대학(원)생 장학금 지원사업 안내,https://www.hongik.ac.kr/kr/newscenter/notice.do?mode=view&articleNo=137105&article.offset=960&articleLimit=10&noCat=501,2025.05.27,장학
137082,[LG AI연구원] LG Aimers 7기 모집,https://www.hongik.ac.kr/kr/newscenter/notice.do?mode=view&articleNo=137082&article.offset=960&articleLimit=10&noCat=29,2025.05.26,일반
137026,2025학년도 하계계절학기 학점교류 학생 학번조회 안내,https://www.hongik.ac.kr/kr/newscenter/notice.do?mode=view&articleNo=137026&article.offset=960&articleLimit=10&noCat=500,2025.05.26,학사
137021,[서울지방병무청]각 군 현역병 모집일정(2025년6월) 안내,https://www.hongik.ac.kr/kr/newscenter/notice.do?mode=view&articleNo=137021&article.offset=960&articleLimit=10&noCat=500,2025.05.26,학사
136988,[장학] 2025-1학기 교내 신용카드수수료장학금 신청 안내,https://www.hongik.ac.kr/kr/newscenter/notice.do?mode=view&articleNo=136988&article.offset=960&articleLimit=10&noCat=501,2025.05.23,장학
136986,[장학팀]2025년 2학기 교내장학금 신청 안내,https://www.hongik.ac.kr/kr/newscenter/notice.do/kr/education/notice-undergrad.do?mode=view&articleNo=136986&noCat=24,2025.05.23,장학
136967,2025학년도 하계계절학기 학점교류 신청 안내 (국립공주대학교),https://www.hongik.ac.kr/kr/newscenter/notice.do?mode=view&articleNo=136967&article.offset=960&articleLimit=10&noCat=500,2025.05.22,학사
136938,[우양재단] 2025년 북평고 졸업 장학생 모집 안내 [강원도 동해시 소재 북평고등학교 졸업생 해당],https://www.hongik.ac.kr/kr/newscenter/notice.do?mode=view&articleNo=136938&article.offset=960&articleLimit=10&noCat=501,2025.05.22,장학
136918,[강화군] 2025년도 상반기 강화군 대학생 등록금 지원사업 공고 안내,https://www.hongik.ac.kr/kr/newscenter/notice.do?mode=view&articleNo=136918&article.offset=960&articleLimit=10&noCat=501,2025.05.22,장학
136917,[아산시미래장학회] 2025년 희망 장학금 장학생 선발 공고 안내,https://www.hongik.ac.kr/kr/newscenter/notice.do?mode=view&articleNo=136917&article.offset=970&articleLimit=10&noCat=501,2025.05.22,장학
136916,[대학혁신지원사업] 하계 기초학습역량강화(미술) 참여자 모집,https://www.hongik.ac.kr/kr/newscenter/notice.do?mode=view&articleNo=136916&article.offset=970&articleLimit=10&noCat=511,2025.05.22,교수학습지원
136912,[모집] 인공지능 자율주행 드론코딩 및 제작실습교육(7/14~7/18),https://www.hongik.ac.kr/kr/newscenter/notice.do?mode=view&articleNo=136912&article.offset=970&articleLimit=10&noCat=29,2025.05.22,일반
136911,"[모집] 생성형AI(ChatGPT)를 활용한 신재생, 의료 데이터 분석 교육(7/21~7/25)",https://www.hongik.ac.kr/kr/newscenter/notice.do?mode=view&articleNo=136911&article.offset=970&articleLimit=10&noCat=29,2025.05.22,일반
136906,대학 「학칙」 개정(안) 공고,https://www.hongik.ac.kr/kr/newscenter/notice.do?mode=view&articleNo=136906&article.offset=970&articleLimit=10&noCat=29,2025.05.22,일반
136828,｢바이오헬스 혁신융합대학사업단｣ 홍익대학교 서울캠퍼스 재학생 대상 ２차 실험 참여자 모집 （1만원 지급）,https://www.hongik.ac.kr/kr/newscenter/notice.do?mode=view&articleNo=136828&article.offset=970&articleLimit=10&noCat=29,2025.05.21,일반
136826,[홍보] [성신여자대학교-거점특화] 2025학년도 대학생의 스마트한 AI 활용법 특강 교육생 모집,https://www.hongik.ac.kr/kr/newscenter/notice.do?mode=view&articleNo=136826&article.offset=970&articleLimit=10&noCat=396,2025.05.21,취창업
136820,제4차 한-메콩 유스그룹 워크숍,https://www.hongik.ac.kr/kr/newscenter/notice.do?mode=view&articleNo=136820&article.offset=970&articleLimit=10&noCat=514,2025.05.21,학생활동
136818,2025 세종문화아카데미 청년기자단 모집,https://www.hongik.ac.kr/kr/newscenter/notice.do?mode=view&articleNo=136818&article.offset=970&articleLimit=10&noCat=514,2025.05.21,학생활동
136808,[홍보] [한남대] 깃허브로 개발자 포트폴리오 만들기 과정 홍보,https://www.hongik.ac.kr/kr/newscenter/notice.do?mode=view&articleNo=136808&article.offset=970&articleLimit=10&noCat=396,2025.05.21,취창업
136775,2025학년도 하계계절학기 학점교류 신청 안내 (명지대학교),https://www.hongik.ac.kr/kr/newscenter/notice.do?mode=view&articleNo=136775&article.offset=980&articleLimit=10&noCat=500,2025.05.20,학사
136769,2025년 2학기 국가장학금 신청 안내,https://www.hongik.ac.kr/kr/newscenter/notice.do?mode=view&articleNo=136769&article.offset=980&articleLimit=10&noCat=501,2025.05.20,장학
136768,[홍보] 성신여자대학교-거점특화 2025학년도 빅데이터 분석 실무 기초 과정 교육생 모집 홍보 협조 요청,https://www.hongik.ac.kr/kr/newscenter/notice.do?mode=view&articleNo=136768&article.offset=980&articleLimit=10&noCat=396,2025.05.20,취창업
136762,[교육설명회] LG CNS KDT AM 전문가 과정 교육 설명회 / 5.20(화) 17:00~18:00 / A동 201호(5.20 오후 3시까지 신청 시 샌드위치 제공),https://www.hongik.ac.kr/kr/newscenter/notice.do?mode=view&articleNo=136762&article.offset=980&articleLimit=10&noCat=396,2025.05.20,취창업
136747,[홍보] 2025 성신여자대학교 직무 페스티벌 홍보,https://www.hongik.ac.kr/kr/newscenter/notice.do?mode=view&articleNo=136747&article.offset=980&articleLimit=10&noCat=396,2025.05.19,취창업
136746,[홍보] 한국과학기술기획평가원 이차전지 직무분석 리플렛 홍보,https://www.hongik.ac.kr/kr/newscenter/notice.do?mode=view&articleNo=136746&article.offset=980&articleLimit=10&noCat=396,2025.05.19,취창업
136743,[세종캠퍼스] 2025학년도 1학기 사이버강좌 기말고사 시험감독 보조요원 모집,https://www.hongik.ac.kr/kr/newscenter/notice.do?mode=view&articleNo=136743&article.offset=980&articleLimit=10&noCat=504,2025.05.19,장학
136742,[세종캠퍼스] 2025학년도 1학기 사이버강좌 기말고사 시험감독 보조요원 모집,https://www.hongik.ac.kr/kr/newscenter/notice.do?mode=view&articleNo=136742&article.offset=980&articleLimit=10&noCat=29,2025.05.19,일반
136728,[대학혁신지원사업] 실전 면접 대비 스피치 전략 (5/23),https://www.hongik.ac.kr/kr/newscenter/notice.do?mode=view&articleNo=136728&article.offset=980&articleLimit=10&noCat=511,2025.05.19,교수학습지원
136715,[마감] 화학공학과 기말고사 시험감독 보조요원 구인,https://www.hongik.ac.kr/kr/newscenter/notice.do/kr/education/notice-undergrad.do?mode=view&articleNo=136715&noCat=24,2025.05.19,장학
136687,2025학년도 1학기 핵심역량진단검사 안내,https://www.hongik.ac.kr/kr/newscenter/notice.do?mode=view&articleNo=136687&article.offset=990&articleLimit=10&noCat=500,2025.05.19,학사
136684,2025학년도 1학기 강의평가 시행 안내,https://www.hongik.ac.kr/kr/newscenter/notice.do?mode=view&articleNo=136684&article.offset=990&articleLimit=10&noCat=500,2025.05.19,학사
136680,[서울지방병무청] '20세 병역판정검사 후 입영 신청' 제도 공지,https://www.hongik.ac.kr/kr/newscenter/notice.do?mode=view&articleNo=136680&article.offset=990&articleLimit=10&noCat=500,2025.05.19,학사
136603,특강안내) <Mind×Tech:정신의학의 미래> 연사초청 강연,https://www.hongik.ac.kr/kr/newscenter/notice.do?mode=view&articleNo=136603&article.offset=990&articleLimit=10&noCat=29,2025.05.15,일반
136602,[모집] 2025 Digital Fabrication 교육 (3D 프린팅 & 디지털 제작 장비 교육),https://www.hongik.ac.kr/kr/newscenter/notice.do?mode=view&articleNo=136602&article.offset=990&articleLimit=10&noCat=29,2025.05.15,일반
136599,[장학팀] 2025년 2학기 주거안정장학금 신청 안내,https://www.hongik.ac.kr/kr/newscenter/notice.do?mode=view&articleNo=136599&article.offset=990&articleLimit=10&noCat=501,2025.05.15,장학
136589,[모집] 2025 창의적 종합설계 경진대회(Capstone Design Fair),https://www.hongik.ac.kr/kr/newscenter/notice.do?mode=view&articleNo=136589&article.offset=990&articleLimit=10&noCat=29,2025.05.15,일반
136586,2025학년도 하계계절학기 학점교류 신청 안내 (가톨릭대학교),https://www.hongik.ac.kr/kr/newscenter/notice.do?mode=view&articleNo=136586&article.offset=990&articleLimit=10&noCat=500,2025.05.15,학사
136584,2025학년도 하계계절학기 학점교류 신청 안내 (광운대학교),https://www.hongik.ac.kr/kr/newscenter/notice.do?mode=view&articleNo=136584&article.offset=990&articleLimit=10&noCat=500,2025.05.15,학사
136583,2025학년도 하계계절학기 학점교류 신청 안내 (건국대학교),https://www.hongik.ac.kr/kr/newscenter/notice.do?mode=view&articleNo=136583&article.offset=990&articleLimit=10&noCat=500,2025.05.15,학사
136582,2025학년도 하계계절학기 학점교류 신청 안내 (한성대학교),https://www.hongik.ac.kr/kr/newscenter/notice.do?mode=view&articleNo=136582&article.offset=1000&articleLimit=10&noCat=500,2025.05.15,학사
136581,2025학년도 하계계절학기 학점교류 신청 안내 (서경대학교),https://www.hongik.ac.kr/kr/newscenter/notice.do?mode=view&articleNo=136581&article.offset=1000&articleLimit=10&noCat=500,2025.05.15,학사
136580,[교육설명회] LG CNS KDT AM 전문가 과정 교육 설명회 / 5.20(화) 17:00~18:00 / A동 201호,https://www.hongik.ac.kr/kr/newscenter/notice.do?mode=view&articleNo=136580&article.offset=1000&articleLimit=10&noCat=396,2025.05.15,취창업
136540,개인정보 유출 예방을 위한 실천 방법 안내,https://www.hongik.ac.kr/kr/newscenter/notice.do?mode=view&articleNo=136540&article.offset=1000&articleLimit=10&noCat=34,2025.05.14,보안
136537,[장학] 2025-1학기 교내 신용카드수수료장학금 신청 안내,https://www.hongik.ac.kr/kr/newscenter/notice.do?mode=view&articleNo=136537&article.offset=1000&articleLimit=10&noCat=501,2025.05.14,장학
136533,[도서관] 25-1차 연구력 강화 특강(계열별 논문작성법),https://www.hongik.ac.kr/kr/newscenter/notice.do?mode=view&articleNo=136533&article.offset=1000&articleLimit=10&noCat=29,2025.05.14,일반
136520,[대학혁신지원사업] 구글 활용법 특강 (5/21),https://www.hongik.ac.kr/kr/newscenter/notice.do?mode=view&articleNo=136520&article.offset=1000&articleLimit=10&noCat=511,2025.05.14,교수학습지원
136443,2025학년도 1학기 사이버강좌 기말고사 시행 안내,https://www.hongik.ac.kr/kr/newscenter/notice.do?mode=view&articleNo=136443&article.offset=1000&articleLimit=10&noCat=500,2025.05.13,학사
136421,[홍보] [한신대학교] 『졸업생 특화프로그램 실무역량강화』 홍보,https://www.hongik.ac.kr/kr/newscenter/notice.do?mode=view&articleNo=136421&article.offset=1000&articleLimit=10&noCat=396,2025.05.12,취창업
136420,[홍보] 인천대학교 2025 방송미디어 인재양성 프로젝트 3기 프로그램 홍보,https://www.hongik.ac.kr/kr/newscenter/notice.do?mode=view&articleNo=136420&article.offset=1000&articleLimit=10&noCat=396,2025.05.12,취창업
136416,[홍보] 2025년도 청년미래플러스 사업 참여자 모집안내,https://www.hongik.ac.kr/kr/newscenter/notice.do?mode=view&articleNo=136416&article.offset=1010&articleLimit=10&noCat=396,2025.05.12,취창업
136414,(세종캠퍼스) 2025학년도 하계 계절학기 일정 안내,https://www.hongik.ac.kr/kr/newscenter/notice.do?mode=view&articleNo=136414&article.offset=1010&articleLimit=10&noCat=500,2025.05.12,학사
136413,2025학년도 하계계절학기 학점교류 신청 안내 (성신여자대학교),https://www.hongik.ac.kr/kr/newscenter/notice.do?mode=view&articleNo=136413&article.offset=1010&articleLimit=10&noCat=500,2025.05.12,학사
136412,2025학년도 하계계절학기 학점교류 신청 안내 (계명대학교),https://www.hongik.ac.kr/kr/newscenter/notice.do?mode=view&articleNo=136412&article.offset=1010&articleLimit=10&noCat=500,2025.05.12,학사
136411,2025학년도 1학기 대학원 강의평가 및 성적 조회 안내,https://www.hongik.ac.kr/kr/newscenter/notice.do/kr/education/notice-grad.do?mode=view&articleNo=136411&noCat=378,2025.05.12,수업
136410,2025학년도 하계계절학기 학점교류 신청 안내 (성공회대학교),https://www.hongik.ac.kr/kr/newscenter/notice.do?mode=view&articleNo=136410&article.offset=1010&articleLimit=10&noCat=500,2025.05.12,학사
136405,2025학년도 하계계절학기 학점교류 신청 안내 (삼육대학교),https://www.hongik.ac.kr/kr/newscenter/notice.do?mode=view&articleNo=136405&article.offset=1010&articleLimit=10&noCat=500,2025.05.12,학사
136404,2025학년도 하계계절학기 학점교류 신청 안내 (서강대학교),https://www.hongik.ac.kr/kr/newscenter/notice.do?mode=view&articleNo=136404&article.offset=1010&articleLimit=10&noCat=500,2025.05.12,학사
136403,2025학년도 하계계절학기 학점교류 신청 안내 (세종대학교),https://www.hongik.ac.kr/kr/newscenter/notice.do?mode=view&articleNo=136403&article.offset=1010&articleLimit=10&noCat=500,2025.05.12,학사
136386,2025년 하계 전공연계 해외파견 <미국> 프로그램 선발 안내(~5.21.),https://www.hongik.ac.kr/kr/newscenter/notice.do/kr/education/notice-undergrad.do?mode=view&articleNo=136386&noCat=536,2025.05.12,대학혁신지원사업
136357,[대학혁신지원사업] 대학생을 위한 프레젠테이션 스피치 (5/15),https://www.hongik.ac.kr/kr/newscenter/notice.do?mode=view&articleNo=136357&article.offset=1020&articleLimit=10&noCat=511,2025.05.09,교수학습지원
136328,[화성시인재육성재단] 2025년 「꿈드림 장학금」 장학생 선발 공고 안내,https://www.hongik.ac.kr/kr/newscenter/notice.do?mode=view&articleNo=136328&article.offset=1020&articleLimit=10&noCat=501,2025.05.09,장학
136326,"[홍보] [인하대학교 대학일자리플러스센터] 거점형 특화프로그램 ""항만산업 체험 진로캠프""",https://www.hongik.ac.kr/kr/newscenter/notice.do?mode=view&articleNo=136326&article.offset=1020&articleLimit=10&noCat=396,2025.05.09,취창업
136324,[홍보] 2025년 포스코에이앤씨와 함께 하는 멘토링 Day&apos; 참여 홍보,https://www.hongik.ac.kr/kr/newscenter/notice.do?mode=view&articleNo=136324&article.offset=1020&articleLimit=10&noCat=396,2025.05.09,취창업
136323,[교육] [한남대] 제약바이오 품질분석 전문가 및 QA/QC 품질관리 시험자 전문가 과정 홍보 및 안내,https://www.hongik.ac.kr/kr/newscenter/notice.do?mode=view&articleNo=136323&article.offset=1020&articleLimit=10&noCat=396,2025.05.09,취창업
136322,[홍보] 「2025년 미래 청년 일자리」참여자 모집 안내,https://www.hongik.ac.kr/kr/newscenter/notice.do?mode=view&articleNo=136322&article.offset=1020&articleLimit=10&noCat=396,2025.05.09,취창업
136311,2025학년도 하계계절학기 학점교류 신청 안내 (중앙대학교),https://www.hongik.ac.kr/kr/newscenter/notice.do?mode=view&articleNo=136311&article.offset=1020&articleLimit=10&noCat=500,2025.05.09,학사
136306,2025학년도 하계계절학기 학점교류 신청 안내 (숭실대학교),https://www.hongik.ac.kr/kr/newscenter/notice.do?mode=view&articleNo=136306&article.offset=1020&articleLimit=10&noCat=500,2025.05.09,학사
136281,[세종캠퍼스] 2024학년도 후기(2025년 8월) 졸업예정자 전공명 선택 안내,https://www.hongik.ac.kr/kr/newscenter/notice.do/kr/education/notice-undergrad.do?mode=view&articleNo=136281&noCat=23,2025.05.08,학사
136278,2025학년도 1학기 강의평가 시행 안내,https://www.hongik.ac.kr/kr/newscenter/notice.do?mode=view&articleNo=136278&article.offset=1020&articleLimit=10&noCat=33,2025.05.08,교강사
136242,5월 도서관 정기교육 안내(계열별 논문작성법 특강 등),https://www.hongik.ac.kr/kr/newscenter/notice.do/kr/education/notice-grad.do?mode=view&articleNo=136242&noCat=377,2025.05.07,졸업
136239,[서울캠퍼스] 2024학년도 후기(2025년 8월) 졸업예정자 전공명 선택 안내,https://www.hongik.ac.kr/kr/newscenter/notice.do/kr/education/notice-undergrad.do?mode=view&articleNo=136239&noCat=23,2025.05.07,학사
136228,[교육] 2025학년도 파이썬 프로그래밍 입문 과정 교육생 모집,https://www.hongik.ac.kr/kr/newscenter/notice.do?mode=view&articleNo=136228&article.offset=1030&articleLimit=10&noCat=396,2025.05.07,취창업
136153,[장학] 2025-1학기 교내 신용카드수수료장학금 신청 안내,https://www.hongik.ac.kr/kr/newscenter/notice.do?mode=view&articleNo=136153&article.offset=1030&articleLimit=10&noCat=501,2025.05.02,장학
136147,2025학년도 하계계절학기 학점교류 신청 안내 (동국대학교 WISE캠퍼스),https://www.hongik.ac.kr/kr/newscenter/notice.do?mode=view&articleNo=136147&article.offset=1030&articleLimit=10&noCat=500,2025.05.02,학사
136146,2025학년도 하계계절학기 학점교류 신청 안내 (한국항공대학교),https://www.hongik.ac.kr/kr/newscenter/notice.do?mode=view&articleNo=136146&article.offset=1030&articleLimit=10&noCat=500,2025.05.02,학사
136144,2025학년도 하계계절학기 학점교류 신청 안내 (한국외국어대학교),https://www.hongik.ac.kr/kr/newscenter/notice.do?mode=view&articleNo=136144&article.offset=1030&articleLimit=10&noCat=500,2025.05.02,학사
136139,[채용설명회] 인천국제공항공사 / 5/12(월) 14:00~15:00 / A동 101호,https://www.hongik.ac.kr/kr/newscenter/notice.do?mode=view&articleNo=136139&article.offset=1030&articleLimit=10&noCat=396,2025.05.02,취창업
136115,2025학년도 하계계절학기 학점교류 신청 안내 (상명대학교),https://www.hongik.ac.kr/kr/newscenter/notice.do?mode=view&articleNo=136115&article.offset=1030&articleLimit=10&noCat=500,2025.04.30,학사
136114,2025학년도 하계계절학기 학점교류 신청 안내 (동덕여자대학교),https://www.hongik.ac.kr/kr/newscenter/notice.do?mode=view&articleNo=136114&article.offset=1030&articleLimit=10&noCat=500,2025.04.30,학사
136113,2025학년도 하계계절학기 학점교류 신청 안내 (동국대학교),https://www.hongik.ac.kr/kr/newscenter/notice.do?mode=view&articleNo=136113&article.offset=1040&articleLimit=10&noCat=500,2025.04.30,학사
136103,[바이오헬스 혁신융합대학사업단]  2025 제4회 CO-WEEK Academy 안내 (하계계절학기 2학점 연동 및 장학금 지급),https://www.hongik.ac.kr/kr/newscenter/notice.do?mode=view&articleNo=136103&article.offset=1040&articleLimit=10&noCat=29,2025.04.30,일반
136102,[바이오헬스 혁신융합대학사업단] 2025학년도 하계 계절학기 학사일정 및 수강신청 안내,https://www.hongik.ac.kr/kr/newscenter/notice.do?mode=view&articleNo=136102&article.offset=1040&articleLimit=10&noCat=29,2025.04.30,일반
136101,[대학혁신지원사업] 기초학습역량강화(수리/논리) 참여학생 모집(~5/12),https://www.hongik.ac.kr/kr/newscenter/notice.do?mode=view&articleNo=136101&article.offset=1040&articleLimit=10&noCat=511,2025.04.30,교수학습지원
136100,[대학혁신지원사업] ★생성형 AI를 활용한 프롬프트 엔지니어링 실습★ (5/9),https://www.hongik.ac.kr/kr/newscenter/notice.do?mode=view&articleNo=136100&article.offset=1040&articleLimit=10&noCat=511,2025.04.30,교수학습지원
136093,[대학혁신지원사업] 대학생을 위한 엑셀의 모든 것! (5/20),https://www.hongik.ac.kr/kr/newscenter/notice.do?mode=view&articleNo=136093&article.offset=1040&articleLimit=10&noCat=511,2025.04.30,교수학습지원
136092,[대학혁신지원사업] 대학생을 위한 프레젠테이션 스피치! (5/15),https://www.hongik.ac.kr/kr/newscenter/notice.do?mode=view&articleNo=136092&article.offset=1040&articleLimit=10&noCat=511,2025.04.30,교수학습지원
136062,[채용설명회] LH채용라운지 / 5.13 (화) 14:00~15:00 / Q동 0403호,https://www.hongik.ac.kr/kr/newscenter/notice.do?mode=view&articleNo=136062&article.offset=1040&articleLimit=10&noCat=396,2025.04.29,취창업
136052,"[제25-10호][홍익대 체육부](야구부) 야구공, 배트링 등 하계 훈련장비 13종(299ea)",https://www.hongik.ac.kr/kr/newscenter/notice.do?mode=view&articleNo=136052&article.offset=1040&articleLimit=10&noCat=36,2025.04.29,입찰
136021,[대학혁신지원사업] 2025 하계 독일 전공연계 해외파견 프로그램(오프라인) 참가 학생 모집(~5.12.),https://www.hongik.ac.kr/kr/newscenter/notice.do/kr/education/notice-undergrad.do?mode=view&articleNo=136021&noCat=536,2025.04.28,대학혁신지원사업
136014,[제25-09호] 홍익대학교 사이버강의콘텐츠 개발 용역,https://www.hongik.ac.kr/kr/newscenter/notice.do?mode=view&articleNo=136014&article.offset=1050&articleLimit=10&noCat=36,2025.04.28,입찰
135947,[취업진로지원센터] 2025년 미래내일 일경험 사업(SBS) 대학 추천전형 안내 studio161/sbsi (~5/9),https://www.hongik.ac.kr/kr/newscenter/notice.do?mode=view&articleNo=135947&article.offset=1050&articleLimit=10&noCat=396,2025.04.28,취창업
135912,학사학위취득유예 신청 일정 안내(2025년 8월 졸업대상자),https://www.hongik.ac.kr/kr/newscenter/notice.do/kr/education/notice-undergrad.do?mode=view&articleNo=135912&noCat=23,2025.04.25,학사
135911,[서울지방병무청]각 군 현역병 모집일정(2025년5월) 안내,https://www.hongik.ac.kr/kr/newscenter/notice.do?mode=view&articleNo=135911&article.offset=1050&articleLimit=10&noCat=500,2025.04.25,학사
135851,[서울지방국세청] '25년 근로·자녀장려금 신청 공고 안내,https://www.hongik.ac.kr/kr/newscenter/notice.do?mode=view&articleNo=135851&article.offset=1050&articleLimit=10&noCat=501,2025.04.25,장학
135812,[대학혁신지원사업] 25-1학기 학습전략강화워크숍 참여자 모집 (5/9),https://www.hongik.ac.kr/kr/newscenter/notice.do?mode=view&articleNo=135812&article.offset=1050&articleLimit=10&noCat=511,2025.04.25,교수학습지원
134881,[화성시인재육성재단] 2025년 주거비지원 장학금 공고 안내,https://www.hongik.ac.kr/kr/newscenter/notice.do?mode=view&articleNo=134881&article.offset=1050&articleLimit=10&noCat=501,2025.04.24,장학
134833,[하이트진로홀딩스㈜] 2025학년도 하이트진로 장학생(요식업주 대학생 자녀) 선발 공고 안내,https://www.hongik.ac.kr/kr/newscenter/notice.do?mode=view&articleNo=134833&article.offset=1050&articleLimit=10&noCat=501,2025.04.23,장학
134817,2025학년도 1학기 대학(원) 등록금 분납 안내(4월 28일~30일),https://www.hongik.ac.kr/kr/newscenter/notice.do/kr/education/notice-undergrad.do?mode=view&articleNo=134817&noCat=23,2025.04.23,학사
134687,2025학년도 하계계절학기 학점교류 신청 안내 (서울시립대학교),https://www.hongik.ac.kr/kr/newscenter/notice.do?mode=view&articleNo=134687&article.offset=1050&articleLimit=10&noCat=500,2025.04.21,학사
134686,2025학년도 하계계절학기 학점교류 신청 안내 (서울대학교),https://www.hongik.ac.kr/kr/newscenter/notice.do?mode=view&articleNo=134686&article.offset=1060&articleLimit=10&noCat=500,2025.04.21,학사
134674,[중앙도서관] 중간고사 기간 중 일반열람실 운영 안내,https://www.hongik.ac.kr/kr/newscenter/notice.do?mode=view&articleNo=134674&article.offset=1060&articleLimit=10&noCat=29,2025.04.18,일반
134667,2025학년도 1학기 학위청구논문/개별연구과제 양식 확인 및 심사 관련 안내,https://www.hongik.ac.kr/kr/newscenter/notice.do/kr/education/notice-grad.do?mode=view&articleNo=134667&noCat=377,2025.04.18,졸업
134640,[우양재단] 2025년 '청년밥상장학' 장학생 모집 공고 안내 [서울캠퍼스 해당],https://www.hongik.ac.kr/kr/newscenter/notice.do?mode=view&articleNo=134640&article.offset=1060&articleLimit=10&noCat=501,2025.04.17,장학
134616,(외국인 대학원 재학생)어학성적증명서 제출/ Submit Result of Language Proficiency Test/ 语言成绩单提交处,https://www.hongik.ac.kr/kr/newscenter/notice.do/kr/education/notice-grad.do?mode=view&articleNo=134616&noCat=382,2025.04.17,외국인입시
134588,2025학년도 하계계절학기 학점교류 신청 안내 (숙명여자대학교),https://www.hongik.ac.kr/kr/newscenter/notice.do?mode=view&articleNo=134588&article.offset=1060&articleLimit=10&noCat=500,2025.04.16,학사
134528,[안산인재육성재단] 2025년 1학기 안산시 대학생 본인부담 등록금 반값지원 공고 안내,https://www.hongik.ac.kr/kr/newscenter/notice.do?mode=view&articleNo=134528&article.offset=1060&articleLimit=10&noCat=501,2025.04.15,장학
134483,[서울장학재단] 2025년 독립유공자 후손 장학금 선발 공고 안내,https://www.hongik.ac.kr/kr/newscenter/notice.do?mode=view&articleNo=134483&article.offset=1060&articleLimit=10&noCat=501,2025.04.14,장학
134436,[광진복지재단] 2025 미래도약 장학지원 사업 공고 안내,https://www.hongik.ac.kr/kr/newscenter/notice.do?mode=view&articleNo=134436&article.offset=1060&articleLimit=10&noCat=501,2025.04.11,장학
134415,2025년 하반기 「ICT 학점연계 프로젝트 인턴십」 글로벌 과정 참여 학생 2차 모집 (~4/27),https://www.hongik.ac.kr/kr/newscenter/notice.do?mode=view&articleNo=134415&article.offset=1060&articleLimit=10&noCat=396,2025.04.10,취창업
134411,[바이오헬스 혁신융합대학사업단] 홍익대학교 서울캠퍼스 재학생 대상 실험 참여자 모집 (1만원 지급),https://www.hongik.ac.kr/kr/newscenter/notice.do?mode=view&articleNo=134411&article.offset=1070&articleLimit=10&noCat=29,2025.04.10,일반
134362,[장학팀] 2025년 푸른등대 삼성기부장학금 신청 안내,https://www.hongik.ac.kr/kr/newscenter/notice.do?mode=view&articleNo=134362&article.offset=1070&articleLimit=10&noCat=501,2025.04.08,장학
134356,"[교육] [멀티캠퍼스] 25년 4월 IT부트캠프(K-디지털트레이닝, 전액무료) 교육일정안내",https://www.hongik.ac.kr/kr/newscenter/notice.do?mode=view&articleNo=134356&article.offset=1070&articleLimit=10&noCat=396,2025.04.08,취창업
134340,[도서관] IEEE 퀴즈 대회(대상: 200만원 등),https://www.hongik.ac.kr/kr/newscenter/notice.do?mode=view&articleNo=134340&article.offset=1070&articleLimit=10&noCat=29,2025.04.08,일반
134325,2025학년도 2학기 재입학 신청 안내(학부생),https://www.hongik.ac.kr/kr/newscenter/notice.do?mode=view&articleNo=134325&article.offset=1070&articleLimit=10&noCat=500,2025.04.07,학사
134323,[서울/취업진로지원센터] 국민취업지원제도 2025년 4월 현장접수 안내 (매주 화요일 / Q동 정보통신센터 307호),https://www.hongik.ac.kr/kr/newscenter/notice.do?mode=view&articleNo=134323&article.offset=1070&articleLimit=10&noCat=396,2025.04.07,취창업
134314,[중앙도서관] 25-1학기 도서관 온라인 이용교육(e-class) 참여 안내,https://www.hongik.ac.kr/kr/newscenter/notice.do?mode=view&articleNo=134314&article.offset=1070&articleLimit=10&noCat=29,2025.04.07,일반
134274,2025학년도 1학기 외국어시험 및 종합시험 합격여부 확인,https://www.hongik.ac.kr/kr/newscenter/notice.do/kr/education/notice-grad.do?mode=view&articleNo=134274&noCat=377,2025.04.04,졸업
134269,[대학혁신지원사업] 2025-1학기 <자율전공 러닝메이트> 멘토-멘티 선정결과 및 사전교육 일정 안내,https://www.hongik.ac.kr/kr/newscenter/notice.do?mode=view&articleNo=134269&article.offset=1070&articleLimit=10&noCat=511,2025.04.04,교수학습지원
134230,[미래인재센터 2관] 바른생각 회계사/세무사 학원 설명회,https://www.hongik.ac.kr/kr/newscenter/notice.do?mode=view&articleNo=134230&article.offset=1070&articleLimit=10&noCat=514,2025.04.03,학생활동
134224,[마포인재육성장학재단] 2025년도 상반기 장학생 선발계획 공고 안내,https://www.hongik.ac.kr/kr/newscenter/notice.do?mode=view&articleNo=134224&article.offset=1080&articleLimit=10&noCat=501,2025.04.03,장학
134169,"[취업진로지원센터] 2025년 1학기 중소기업 취업연계 장학사업(희망사다리Ⅰ유형) 신규장학생 신청 안내(신청기간 연장, 4월 7일(월) 18:00까지)",https://www.hongik.ac.kr/kr/newscenter/notice.do?mode=view&articleNo=134169&article.offset=1080&articleLimit=10&noCat=501,2025.04.02,장학
134162,[세종캠퍼스] 2025학년도 1학기 사이버강좌 중간고사 시험감독 보조요원 모집,https://www.hongik.ac.kr/kr/newscenter/notice.do?mode=view&articleNo=134162&article.offset=1080&articleLimit=10&noCat=504,2025.04.02,장학
134160,[세종캠퍼스] 2025학년도 1학기 사이버강좌 중간고사 시험감독 보조요원 모집,https://www.hongik.ac.kr/kr/newscenter/notice.do?mode=view&articleNo=134160&article.offset=1080&articleLimit=10&noCat=29,2025.04.02,일반
134088,2025-1학기 논문 및 개별연구과제 심사 신청 안내(4.7.(월)~4.11.(금)),https://www.hongik.ac.kr/kr/newscenter/notice.do/kr/education/notice-grad.do?mode=view&articleNo=134088&noCat=377,2025.03.31,졸업
134068,[대학혁신지원사업] 2025-1학기 ★학습전략강화워크숍★ 참여자 모집,https://www.hongik.ac.kr/kr/newscenter/notice.do?mode=view&articleNo=134068&article.offset=1080&articleLimit=10&noCat=511,2025.03.31,교수학습지원
134033,2025학년도 후기 대학원 신입생 모집(군위탁 전형 포함),https://www.hongik.ac.kr/kr/newscenter/notice.do/kr/education/notice-grad.do?mode=view&articleNo=134033&noCat=381,2025.03.28,입시
134008,2025학년도 1학기 강의중간평가 시행 안내,https://www.hongik.ac.kr/kr/newscenter/notice.do?mode=view&articleNo=134008&article.offset=1080&articleLimit=10&noCat=33,2025.03.28,교강사
134007,2025학년도 1학기 강의중간평가 시행 안내,https://www.hongik.ac.kr/kr/newscenter/notice.do?mode=view&articleNo=134007&article.offset=1080&articleLimit=10&noCat=500,2025.03.28,학사
133980,2025학년도 1학기 계열별 취업스쿨 특강 안내,https://www.hongik.ac.kr/kr/newscenter/notice.do?mode=view&articleNo=133980&article.offset=1080&articleLimit=10&noCat=396,2025.03.27,취창업
133962,2025학년도 1학기 사이버강좌 중간고사 시험감독 보조요원 모집,https://www.hongik.ac.kr/kr/newscenter/notice.do?mode=view&articleNo=133962&article.offset=1090&articleLimit=10&noCat=29,2025.03.27,일반
133958,[서울] 2025년 어학인증시험 응시장학금 안내(1학기 1차 / 4.1~4.25),https://www.hongik.ac.kr/kr/newscenter/notice.do?mode=view&articleNo=133958&article.offset=1090&articleLimit=10&noCat=396,2025.03.27,취창업
133914,[현대차 정몽구 재단] 『현대차 정몽구 스칼러십』 2025 장학생 모집 공고 안내,https://www.hongik.ac.kr/kr/newscenter/notice.do?mode=view&articleNo=133914&article.offset=1090&articleLimit=10&noCat=501,2025.03.26,장학
133913,[대학혁신지원사업] 「2025 여름 유엔협회세계연맹(WFUNA) 유엔본부 한국 대학생 대표단」 프로그램 참여 학생 모집,https://www.hongik.ac.kr/kr/newscenter/notice.do/kr/education/notice-undergrad.do?mode=view&articleNo=133913&noCat=536,2025.03.26,대학혁신지원사업
133911,[대학혁신지원사업] 2025학년도 1학기 중국어 튜터링 프로그램 신청,https://www.hongik.ac.kr/kr/newscenter/notice.do/kr/education/notice-undergrad.do?mode=view&articleNo=133911&noCat=536,2025.03.26,대학혁신지원사업
133895,[상아장학재단] 2025년 IT/게임 장학금 모집공고 안내,https://www.hongik.ac.kr/kr/newscenter/notice.do?mode=view&articleNo=133895&article.offset=1090&articleLimit=10&noCat=501,2025.03.26,장학
133867,[인천인재평생교육진흥원 ] 2025년도 상반기 장학생 선발 공고 안내,https://www.hongik.ac.kr/kr/newscenter/notice.do?mode=view&articleNo=133867&article.offset=1090&articleLimit=10&noCat=501,2025.03.25,장학
133859,[서울지방병무청]각 군 현역병 모집일정(2025년4월) 안내,https://www.hongik.ac.kr/kr/newscenter/notice.do?mode=view&articleNo=133859&article.offset=1090&articleLimit=10&noCat=500,2025.03.25,학사
133840,"[장학팀] 2025년 국가우수장학금(인문100년, 예술체육비전) 신규장학생 모집 공고",https://www.hongik.ac.kr/kr/newscenter/notice.do?mode=view&articleNo=133840&article.offset=1090&articleLimit=10&noCat=501,2025.03.25,장학
133813,[한국사회복지협의회] 2025년 교통사고 유자녀 기아드림(Dream) 장학금 신청 공고 안내,https://www.hongik.ac.kr/kr/newscenter/notice.do?mode=view&articleNo=133813&article.offset=1090&articleLimit=10&noCat=501,2025.03.24,장학
133812,[우영재단] 2025년 장학생 모집 공고 안내,https://www.hongik.ac.kr/kr/newscenter/notice.do?mode=view&articleNo=133812&article.offset=1100&articleLimit=10&noCat=501,2025.03.24,장학
133800,[도서관] 드림셀파 논문 작성 특강(온라인) 안내,https://www.hongik.ac.kr/kr/newscenter/notice.do?mode=view&articleNo=133800&article.offset=1100&articleLimit=10&noCat=29,2025.03.24,일반
133770,2025학년도 학술연구진흥비 신청 안내,https://www.hongik.ac.kr/kr/newscenter/notice.do?mode=view&articleNo=133770&article.offset=1100&articleLimit=10&noCat=33,2025.03.24,교강사
133752,2025학년도 1학기 외국어시험 일시 및 장소 안내,https://www.hongik.ac.kr/kr/newscenter/notice.do/kr/education/notice-grad.do?mode=view&articleNo=133752&noCat=377,2025.03.21,졸업
133747,[강원인재원] YP(Young Professionals)가 후원하는 2025년도 [그랜드 피스투어] 장학생 선발,https://www.hongik.ac.kr/kr/newscenter/notice.do?mode=view&articleNo=133747&article.offset=1100&articleLimit=10&noCat=501,2025.03.21,장학
133725,2025학년도 1학기 사이버강좌 중간고사 시행 안내,https://www.hongik.ac.kr/kr/newscenter/notice.do?mode=view&articleNo=133725&article.offset=1100&articleLimit=10&noCat=500,2025.03.21,학사
133705,2025 바이오헬스 청소년∙대학생 연합 부트 캠프: 유스랩(lab),https://www.hongik.ac.kr/kr/newscenter/notice.do/kr/education/notice-undergrad.do?mode=view&articleNo=133705&noCat=537,2025.03.20,학생활동
133668,"온라인 보안 강화, 2단계 인증",https://www.hongik.ac.kr/kr/newscenter/notice.do?mode=view&articleNo=133668&article.offset=1100&articleLimit=10&noCat=34,2025.03.19,보안
133667,개인정보보호 실천수칙,https://www.hongik.ac.kr/kr/newscenter/notice.do?mode=view&articleNo=133667&article.offset=1100&articleLimit=10&noCat=34,2025.03.19,보안
133590,[서울/취업진로지원센터] 2025년 4월 취업(진로) 1:1 집중컨설팅 안내 (예약가능한 시간은 취업진로지원센터 홈페이지 [알림마당]에서 확인가능합니다),https://www.hongik.ac.kr/kr/newscenter/notice.do?mode=view&articleNo=133590&article.offset=1110&articleLimit=10&noCat=396,2025.03.18,취창업
133568,[구미시장학재단 ] 2025년도 장학생 선발계획 공고 안내,https://www.hongik.ac.kr/kr/newscenter/notice.do?mode=view&articleNo=133568&article.offset=1110&articleLimit=10&noCat=501,2025.03.18,장학
133562,[채용상담회] 아성다이소 / 3.20(목) 9:30~17:00 / 홍문관 로비,https://www.hongik.ac.kr/kr/newscenter/notice.do?mode=view&articleNo=133562&article.offset=1110&articleLimit=10&noCat=396,2025.03.18,취창업
133560,[바이오헬스 혁신융합대학사업단] (재공지) 서포터즈 5기 모집,https://www.hongik.ac.kr/kr/newscenter/notice.do/kr/education/notice-undergrad.do?mode=view&articleNo=133560&noCat=537,2025.03.18,학생활동
133558,「2025년 경기청년 해외진출」 사업 미국 인턴십 참여자 모집,https://www.hongik.ac.kr/kr/newscenter/notice.do?mode=view&articleNo=133558&article.offset=1110&articleLimit=10&noCat=396,2025.03.18,취창업
133556,(재공지) 2025학년도 1학기 자율전공 러닝메이트 ★멘토★ 모집 안내,https://www.hongik.ac.kr/kr/newscenter/notice.do?mode=view&articleNo=133556&article.offset=1110&articleLimit=10&noCat=511,2025.03.18,교수학습지원
133516,[은평구민장학재단] 2025. 상반기 은평구민 장학생 선발 공고 안내,https://www.hongik.ac.kr/kr/newscenter/notice.do?mode=view&articleNo=133516&article.offset=1110&articleLimit=10&noCat=501,2025.03.17,장학
133507,[달서인재육성재단] 2025년 진학장학생 선발계획 공고 안내,https://www.hongik.ac.kr/kr/newscenter/notice.do?mode=view&articleNo=133507&article.offset=1120&articleLimit=10&noCat=501,2025.03.17,장학
133489,2025-1학기 학기초과자 및 미등록자 최종 등록 안내(3.25~3.27),https://www.hongik.ac.kr/kr/newscenter/notice.do/kr/education/notice-grad.do?mode=view&articleNo=133489&noCat=380,2025.03.17,학적
133474,[도서관] 2025년 RISS(학술정보검색 플랫폼) 및 대학라이선스 DB 교육- 도서관 우수이용자 점수 부여,https://www.hongik.ac.kr/kr/newscenter/notice.do?mode=view&articleNo=133474&article.offset=1120&articleLimit=10&noCat=29,2025.03.17,일반
133466,2025-1 유학생 도우미 프로그램 안내,https://www.hongik.ac.kr/kr/newscenter/notice.do/kr/education/notice-grad.do?mode=view&articleNo=133466&noCat=383,2025.03.16,기타
133457,대학 「​학칙」 개정(안) 공고,https://www.hongik.ac.kr/kr/newscenter/notice.do?mode=view&articleNo=133457&article.offset=1120&articleLimit=10&noCat=29,2025.03.14,일반
133452,2025학년도 1학기 ‘방과후학교’ 사회봉사장학생 사회봉사 신청 안내(서울캠퍼스),https://www.hongik.ac.kr/kr/newscenter/notice.do?mode=view&articleNo=133452&article.offset=1120&articleLimit=10&noCat=500,2025.03.14,학사
133445,[춘천시민장학재단][ 2025년도 상반기 봄내장학생 선발공고 안내,https://www.hongik.ac.kr/kr/newscenter/notice.do?mode=view&articleNo=133445&article.offset=1120&articleLimit=10&noCat=501,2025.03.14,장학
133427,[세종인재평생교육진흥원] 2025년도 상반기 학자금 대출이자지원 신청 공고 안내,https://www.hongik.ac.kr/kr/newscenter/notice.do?mode=view&articleNo=133427&article.offset=1120&articleLimit=10&noCat=501,2025.03.13,장학
133426,[세종인재평생교육진흥원] 2025년도 상반기 장학생 선발계획 공고 안내,https://www.hongik.ac.kr/kr/newscenter/notice.do?mode=view&articleNo=133426&article.offset=1120&articleLimit=10&noCat=501,2025.03.13,장학
133420,[특강안내] 한국과학기술연구원 연사초청 강연,https://www.hongik.ac.kr/kr/newscenter/notice.do?mode=view&articleNo=133420&article.offset=1120&articleLimit=10&noCat=29,2025.03.13,일반
133382,(서울캠퍼스) 2025학년도 1학기 폐강 강좌 안내,https://www.hongik.ac.kr/kr/newscenter/notice.do?mode=view&articleNo=133382&article.offset=1130&articleLimit=10&noCat=500,2025.03.13,학사
133299,[(재)대구동구교육재단] 2025년 장학생 선발 공고,https://www.hongik.ac.kr/kr/newscenter/notice.do?mode=view&articleNo=133299&article.offset=1130&articleLimit=10&noCat=501,2025.03.12,장학
133295,[(사)시민모임 맑고 향기롭게] 2025년 제6기 대학생 장학생 선발 공고 안내,https://www.hongik.ac.kr/kr/newscenter/notice.do?mode=view&articleNo=133295&article.offset=1130&articleLimit=10&noCat=501,2025.03.12,장학
133276,[서울장학재단] 2025년「청춘Start 장학금」장학생 선발공고 안내 (서울캠퍼스만 지원가능),https://www.hongik.ac.kr/kr/newscenter/notice.do?mode=view&articleNo=133276&article.offset=1130&articleLimit=10&noCat=501,2025.03.12,장학
133264,2025-1학기 미래인재센터 교육환경개선 지원단 모집(3/17(월) 15시까지),https://www.hongik.ac.kr/kr/newscenter/notice.do?mode=view&articleNo=133264&article.offset=1130&articleLimit=10&noCat=514,2025.03.12,학생활동
133240,[중앙도서관] LibKey Nomad 시범 서비스 안내,https://www.hongik.ac.kr/kr/newscenter/notice.do?mode=view&articleNo=133240&article.offset=1130&articleLimit=10&noCat=29,2025.03.11,일반
133238,[울산연구원] 2025년 상반기 장학생 선발계획 공고 안내,https://www.hongik.ac.kr/kr/newscenter/notice.do?mode=view&articleNo=133238&article.offset=1130&articleLimit=10&noCat=501,2025.03.11,장학
133215,[채용설명회] 펄어비스 / 3.17(월) 15:00~17:00 / 제 1공학관(K동) 101호,https://www.hongik.ac.kr/kr/newscenter/notice.do?mode=view&articleNo=133215&article.offset=1130&articleLimit=10&noCat=396,2025.03.11,취창업
133210,챗GPT 등 생성형 AI 활용 보안수칙,https://www.hongik.ac.kr/kr/newscenter/notice.do?mode=view&articleNo=133210&article.offset=1130&articleLimit=10&noCat=34,2025.03.11,보안
133203,[채용박람회] 2025 KOREA JOB FAIR 대한민국 채용박람회 / 3.19(수) ~ 3.20(목) / aT센터 제 1전시관(서울 양재시민의숲역 4번출구),https://www.hongik.ac.kr/kr/newscenter/notice.do?mode=view&articleNo=133203&article.offset=1140&articleLimit=10&noCat=396,2025.03.11,취창업
133196,바이오헬스 프런티어 육성 프로젝트 : 바이오 메디컬 아티스트 2단계,https://www.hongik.ac.kr/kr/newscenter/notice.do?mode=view&articleNo=133196&article.offset=1140&articleLimit=10&noCat=35,2025.03.11,채용/모집
133184,"[취업진로지원센터] 2025년 1학기 중소기업 취업연계 장학사업(희망사다리Ⅰ유형) 신규장학생 신청 안내(신청기간 연장, 4월 7일(월) 18:00까지)",https://www.hongik.ac.kr/kr/newscenter/notice.do?mode=view&articleNo=133184&article.offset=1140&articleLimit=10&noCat=501,2025.03.10,장학
133181,[서울장학재단] 2025년 서울희망 공익인재 장학금 장학생 선발 공고 안내,https://www.hongik.ac.kr/kr/newscenter/notice.do?mode=view&articleNo=133181&article.offset=1140&articleLimit=10&noCat=501,2025.03.10,장학
133158,[서울장학재단] 2025년 서울희망대학진로 장학금 선발공고 안내,https://www.hongik.ac.kr/kr/newscenter/notice.do?mode=view&articleNo=133158&article.offset=1140&articleLimit=10&noCat=501,2025.03.10,장학
133157,[논산시장학회] 2025년도 장학생 선발 공고,https://www.hongik.ac.kr/kr/newscenter/notice.do?mode=view&articleNo=133157&article.offset=1140&articleLimit=10&noCat=501,2025.03.10,장학
133156,2026학년도 전과 전형 안내,https://www.hongik.ac.kr/kr/newscenter/notice.do?mode=view&articleNo=133156&article.offset=1140&articleLimit=10&noCat=500,2025.03.10,학사
133102,[제25–05호] 세종캠퍼스 24-2차 교육환경개선 영상·애니메이션학부 카메라 등 구입,https://www.hongik.ac.kr/kr/newscenter/notice.do?mode=view&articleNo=133102&article.offset=1140&articleLimit=10&noCat=36,2025.03.07,입찰
133096,[홍익대학교 바이오헬스 혁신융합대학사업단] 서포터즈 5기 모집,https://www.hongik.ac.kr/kr/newscenter/notice.do/kr/education/notice-undergrad.do?mode=view&articleNo=133096&noCat=537,2025.03.07,학생활동
133089,2025-1학기 미래인재센터 제1관 학생 선발계획 공고,https://www.hongik.ac.kr/kr/newscenter/notice.do?mode=view&articleNo=133089&article.offset=1150&articleLimit=10&noCat=514,2025.03.07,학생활동
133084,2025년 하반기 「ICT 학점연계 프로젝트 인턴십」 글로벌 과정 참여 학생 모집 (~3/28),https://www.hongik.ac.kr/kr/newscenter/notice.do?mode=view&articleNo=133084&article.offset=1150&articleLimit=10&noCat=396,2025.03.07,취창업
133080,(재공지) 2025학년도 1학기 자율전공 러닝메이트 ★멘티★ 모집 안내,https://www.hongik.ac.kr/kr/newscenter/notice.do?mode=view&articleNo=133080&article.offset=1150&articleLimit=10&noCat=511,2025.03.07,교수학습지원
133077,[채용설명회] 미미박스 / 3.18(화) 14:00~15:00 / 홍문관 해동홀(R동) 924호,https://www.hongik.ac.kr/kr/newscenter/notice.do?mode=view&articleNo=133077&article.offset=1150&articleLimit=10&noCat=396,2025.03.07,취창업
133057,(재공지)[교수학습지원센터(서울)] 2025-1학기 홍익전공마스터 참여 안내,https://www.hongik.ac.kr/kr/newscenter/notice.do?mode=view&articleNo=133057&article.offset=1150&articleLimit=10&noCat=511,2025.03.07,교수학습지원
133056,(재공지)[교수학습지원센터(서울)] 2025-1학기 스터디그룹 참여 안내,https://www.hongik.ac.kr/kr/newscenter/notice.do?mode=view&articleNo=133056&article.offset=1150&articleLimit=10&noCat=511,2025.03.07,교수학습지원
133039,눈으로 보는 개인정보의 안전성 확보조치 기준,https://www.hongik.ac.kr/kr/newscenter/notice.do?mode=view&articleNo=133039&article.offset=1150&articleLimit=10&noCat=34,2025.03.06,보안
133037,[제25-04호] 세종캠퍼스 24-2차 교육환경개선 디자인컨버전스학부 영상 편집 SW 1년 라이센스 구입,https://www.hongik.ac.kr/kr/newscenter/notice.do?mode=view&articleNo=133037&article.offset=1150&articleLimit=10&noCat=36,2025.03.06,입찰
133001,[장학팀] 한국장학재단 주거안정장학금 우선지원기준 안내,https://www.hongik.ac.kr/kr/newscenter/notice.do?mode=view&articleNo=133001&article.offset=1150&articleLimit=10&noCat=501,2025.03.06,장학
132944,[유한재단] 2025학년도 1학기 장학생 신청 안내 [서울캠퍼스 해당],https://www.hongik.ac.kr/kr/newscenter/notice.do?mode=view&articleNo=132944&article.offset=1160&articleLimit=10&noCat=501,2025.03.06,장학
132900,"대학원, 특수대학원 및 전문대학원 학칙 개정(안) 의견수렴",https://www.hongik.ac.kr/kr/newscenter/notice.do/kr/education/notice-grad.do?mode=view&articleNo=132900&noCat=383,2025.03.06,기타
132899,2025-1학기 재학생 추가등록 및 분납 등록금 납부 안내 (3.12~3.14),https://www.hongik.ac.kr/kr/newscenter/notice.do/kr/education/notice-grad.do?mode=view&articleNo=132899&noCat=380,2025.03.06,학적
132890,[용인시장학재단] 2025년 장학금 및 교육비 지원자 선발 계획 공고 안내,https://www.hongik.ac.kr/kr/newscenter/notice.do?mode=view&articleNo=132890&article.offset=1160&articleLimit=10&noCat=501,2025.03.05,장학
132864,[대학혁신지원사업] (신입생) 2025-1학기 학습전략강화워크숍 프로그램 안내,https://www.hongik.ac.kr/kr/newscenter/notice.do?mode=view&articleNo=132864&article.offset=1160&articleLimit=10&noCat=511,2025.03.05,교수학습지원
132832,[채용상담회] 삼성화재 / 3.13(목)~3.14(금) 09:30 ~ 17:00 / 홍문관 로비,https://www.hongik.ac.kr/kr/newscenter/notice.do?mode=view&articleNo=132832&article.offset=1160&articleLimit=10&noCat=396,2025.03.05,취창업
132831,[채용상담회] 삼성에스원 / 3.13(목) 09:30 ~ 17:00 / 홍문관 로비,https://www.hongik.ac.kr/kr/newscenter/notice.do?mode=view&articleNo=132831&article.offset=1160&articleLimit=10&noCat=396,2025.03.05,취창업
132830,[채용상담회] 현대건설 / 3.12(수) 09:30 ~ 17:00 / 홍문관 로비,https://www.hongik.ac.kr/kr/newscenter/notice.do?mode=view&articleNo=132830&article.offset=1160&articleLimit=10&noCat=396,2025.03.05,취창업
132829,[채용상담회] 한국항공우주산업 / 3.12(수) 10:00~17:00 / 홍문관 로비,https://www.hongik.ac.kr/kr/newscenter/notice.do?mode=view&articleNo=132829&article.offset=1170&articleLimit=10&noCat=396,2025.03.05,취창업
132828,2025학년도 1학기 학점포기 신청 안내,https://www.hongik.ac.kr/kr/newscenter/notice.do?mode=view&articleNo=132828&article.offset=1170&articleLimit=10&noCat=500,2025.03.05,학사
132827,[채용상담회] 신한은행 / 3.11(화) 10:00~17:00 / 홍문관 로비,https://www.hongik.ac.kr/kr/newscenter/notice.do?mode=view&articleNo=132827&article.offset=1170&articleLimit=10&noCat=396,2025.03.05,취창업
132826,2025학년도 1학기 재수강 선삭제 신청 안내,https://www.hongik.ac.kr/kr/newscenter/notice.do?mode=view&articleNo=132826&article.offset=1170&articleLimit=10&noCat=500,2025.03.05,학사
132824,2025년도 공동기기센터(서울) 장비 운영 및 관리를 위한 보조 인력 모집 공고,https://www.hongik.ac.kr/kr/newscenter/notice.do?mode=view&articleNo=132824&article.offset=1170&articleLimit=10&noCat=501,2025.03.05,장학
132794,"[신입생, 전학년 필독] 2025학년도 1학기 개강 후 주요 안내-수강정정/수강철회/폐강",https://www.hongik.ac.kr/kr/newscenter/notice.do?mode=view&articleNo=132794&article.offset=1170&articleLimit=10&noCat=500,2025.03.04,학사
132768,2025학년도 1학기 휴학·휴학연장 추가(최종) 신청 안내,https://www.hongik.ac.kr/kr/newscenter/notice.do/kr/education/notice-grad.do?mode=view&articleNo=132768&noCat=380,2025.03.04,학적
132759,2025학년도 1학기 등록금 분할납부 추가신청안내 (학부) (최종),https://www.hongik.ac.kr/kr/newscenter/notice.do?mode=view&articleNo=132759&article.offset=1170&articleLimit=10&noCat=500,2025.03.04,학사
132756,2025학년도 1학기 사이버강좌 운영보조장학생 모집,https://www.hongik.ac.kr/kr/newscenter/notice.do?mode=view&articleNo=132756&article.offset=1170&articleLimit=10&noCat=504,2025.03.04,장학
132754,2025학년도 1학기 사이버강좌 운영보조장학생 모집,https://www.hongik.ac.kr/kr/newscenter/notice.do?mode=view&articleNo=132754&article.offset=1170&articleLimit=10&noCat=29,2025.03.04,일반
132738,[대학혁신지원사업] 2025학년도 1학기 자율전공 러닝메이트 프로그램 (*멘티 모집),https://www.hongik.ac.kr/kr/newscenter/notice.do?mode=view&articleNo=132738&article.offset=1180&articleLimit=10&noCat=511,2025.03.04,교수학습지원
132737,"[국제언어교육원 외국어교육부] 2025학년도 봄 학기 정규 어학(대체강좌,맞춤형,법률영어,토익관련) 강좌 안내",https://www.hongik.ac.kr/kr/newscenter/notice.do/kr/education/notice-grad.do?mode=view&articleNo=132737&noCat=377,2025.03.04,졸업
132707,[일주학술문화재단] 2025년도 33기 국내학사 장학생 선발 공고 안내,https://www.hongik.ac.kr/kr/newscenter/notice.do?mode=view&articleNo=132707&article.offset=1180&articleLimit=10&noCat=501,2025.02.28,장학
132675,[학부생]2025-1학기 추가 휴학 및 휴학연장 신청 안내 (최종),https://www.hongik.ac.kr/kr/newscenter/notice.do?mode=view&articleNo=132675&article.offset=1180&articleLimit=10&noCat=500,2025.02.28,학사
132669,[대학혁신지원사업] 대학교육혁신사업단 글로벌분과(6분과) 보조인력 모집공고,https://www.hongik.ac.kr/kr/newscenter/notice.do?mode=view&articleNo=132669&article.offset=1180&articleLimit=10&noCat=29,2025.02.27,일반
132659,[(재)플라톤 아카데미] 인문 지혜 장학생 판플러스(PAN+) 모집 공고 안내,https://www.hongik.ac.kr/kr/newscenter/notice.do?mode=view&articleNo=132659&article.offset=1180&articleLimit=10&noCat=501,2025.02.27,장학
132649,"[국제언어교육원 외국어교육부] 2025학년도 봄 학기 정규 어학(대체강좌,맞춤형,법률영어,토익관련) 강좌 안내",https://www.hongik.ac.kr/kr/newscenter/notice.do?mode=view&articleNo=132649&article.offset=1180&articleLimit=10&noCat=29,2025.02.27,일반
132648,"[국제언어교육원 외국어교육부] 2025학년도 봄 학기 정규 어학(대체강좌,맞춤형,법률영어,토익관련) 강좌 안내",https://www.hongik.ac.kr/kr/newscenter/notice.do?mode=view&articleNo=132648&article.offset=1180&articleLimit=10&noCat=514,2025.02.27,학생활동
132641,박사학위 청구 논문대상자 공개발표회 평가보고서 제출 안내(~3.28.(금)),https://www.hongik.ac.kr/kr/newscenter/notice.do/kr/education/notice-grad.do?mode=view&articleNo=132641&noCat=377,2025.02.27,졸업
132562,2025학년도 1학기 대학원 장학금 2차 신청 안내,https://www.hongik.ac.kr/kr/newscenter/notice.do/kr/education/notice-grad.do?mode=view&articleNo=132562&noCat=379,2025.02.25,장학
132550,[상아장학재단] 2025년 IT/게임 장학금 모집공고 안내,https://www.hongik.ac.kr/kr/newscenter/notice.do?mode=view&articleNo=132550&article.offset=1190&articleLimit=10&noCat=501,2025.02.25,장학
132536,2025학년도 1학기 석사학위청구방법 신청(변경) 안내(3.4.(화)~14.(금)),https://www.hongik.ac.kr/kr/newscenter/notice.do/kr/education/notice-grad.do?mode=view&articleNo=132536&noCat=377,2025.02.25,졸업
132535,2025학년도 1학기 논문지도교수 신청(변경) 안내(3.4.(화)~14.(금)),https://www.hongik.ac.kr/kr/newscenter/notice.do/kr/education/notice-grad.do?mode=view&articleNo=132535&noCat=377,2025.02.25,졸업
132528,2025학년도 1학기 연구윤리교육 안내,https://www.hongik.ac.kr/kr/newscenter/notice.do/kr/education/notice-grad.do?mode=view&articleNo=132528&noCat=377,2025.02.25,졸업
132513,[서울지방병무청]각 군 현역병 모집일정(2025년3월) 안내,https://www.hongik.ac.kr/kr/newscenter/notice.do?mode=view&articleNo=132513&article.offset=1190&articleLimit=10&noCat=500,2025.02.25,학사
132491,채용연계형 [ 빅데이터 개발자과정 ] 무료 교육생 모집,https://www.hongik.ac.kr/kr/newscenter/notice.do?mode=view&articleNo=132491&article.offset=1190&articleLimit=10&noCat=35,2025.02.24,채용/모집
132465,★2025학년도 1학기 논문 및 개별연구과제 심사 안내 책자(학과별 석사학위청구방법 현황 포함)★,https://www.hongik.ac.kr/kr/newscenter/notice.do/kr/education/notice-grad.do?mode=view&articleNo=132465&noCat=377,2025.02.24,졸업
132349,[중앙도서관] 동계방학 중 도서관 운영 안내,https://www.hongik.ac.kr/kr/newscenter/notice.do?mode=view&articleNo=132349&article.offset=1190&articleLimit=10&noCat=29,2025.02.20,일반
132328,2025학년도 1학기 등록금 2차 분할납부 신청 안내 (대학원)(최종),https://www.hongik.ac.kr/kr/newscenter/notice.do/kr/education/notice-grad.do?mode=view&articleNo=132328&noCat=380,2025.02.20,학적
132279,[통영시지속가능발전교육재단] 2025년 1학기 통영시 대학생 등록금 전액 지원사업,https://www.hongik.ac.kr/kr/newscenter/notice.do?mode=view&articleNo=132279&article.offset=1200&articleLimit=10&noCat=501,2025.02.19,장학
132271,2025학년도 편입생 오리엔테이션 안내(세종캠퍼스),https://www.hongik.ac.kr/kr/newscenter/notice.do?mode=view&articleNo=132271&article.offset=1200&articleLimit=10&noCat=500,2025.02.19,학사
132255,2025학년도 1학기 학점교류 신청 안내 (국립공주대학교),https://www.hongik.ac.kr/kr/newscenter/notice.do?mode=view&articleNo=132255&article.offset=1200&articleLimit=10&noCat=500,2025.02.19,학사
132252,성적평가 방법 변경 안내,https://www.hongik.ac.kr/kr/newscenter/notice.do?mode=view&articleNo=132252&article.offset=1200&articleLimit=10&noCat=33,2025.02.19,교강사
132249,성적평가 방법 변경 안내,https://www.hongik.ac.kr/kr/newscenter/notice.do?mode=view&articleNo=132249&article.offset=1200&articleLimit=10&noCat=500,2025.02.19,학사
132247,2025학년도 1학기 사이버강좌 출석 및 수강방법 안내,https://www.hongik.ac.kr/kr/newscenter/notice.do?mode=view&articleNo=132247&article.offset=1200&articleLimit=10&noCat=500,2025.02.19,학사
132172,((긴급))[제24-59호] 대학로아트센터 디지털디스플레이 시스템 개선을 위한 업체 선정,https://www.hongik.ac.kr/kr/newscenter/notice.do?mode=view&articleNo=132172&article.offset=1200&articleLimit=10&noCat=36,2025.02.18,입찰
132168,2025학년도 편입생 오리엔테이션 안내 (서울캠퍼스),https://www.hongik.ac.kr/kr/newscenter/notice.do?mode=view&articleNo=132168&article.offset=1200&articleLimit=10&noCat=500,2025.02.18,학사
132167,"2025학년도 1학기 교양학점 초과자 및 학기초과자 수강신청, 등록 안내(학부)",https://www.hongik.ac.kr/kr/newscenter/notice.do?mode=view&articleNo=132167&article.offset=1200&articleLimit=10&noCat=500,2025.02.18,학사
132144,2025학년도 학생증 신청안내,https://www.hongik.ac.kr/kr/newscenter/notice.do?mode=view&articleNo=132144&article.offset=1200&articleLimit=10&noCat=500,2025.02.18,학사
132053,2025학년도 신입생 입학식 안내,https://www.hongik.ac.kr/kr/newscenter/notice.do?mode=view&articleNo=132053&article.offset=1210&articleLimit=10&noCat=500,2025.02.16,학사
132018,브라우저 안전이용 보안수칙 안내,https://www.hongik.ac.kr/kr/newscenter/notice.do?mode=view&articleNo=132018&article.offset=1210&articleLimit=10&noCat=34,2025.02.14,보안
132012,2025학년도 1학기 로컬크리에이터 미세전공 추가 신청 안내,https://www.hongik.ac.kr/kr/newscenter/notice.do?mode=view&articleNo=132012&article.offset=1210&articleLimit=10&noCat=500,2025.02.14,학사
131997,2025학년도 전기 신입생 오리엔테이션 안내 책자 및 수강신청 안내문,https://www.hongik.ac.kr/kr/newscenter/notice.do/kr/education/notice-grad.do?mode=view&articleNo=131997&noCat=381,2025.02.14,입시
131978,2025학년도 1학기 등록금 분할납부 신청안내(학부)_신청기간 수정,https://www.hongik.ac.kr/kr/newscenter/notice.do?mode=view&articleNo=131978&article.offset=1210&articleLimit=10&noCat=500,2025.02.14,학사
131964,[세종] 2025학년도 1학기 사회봉사 신청 안내,https://www.hongik.ac.kr/kr/newscenter/notice.do?mode=view&articleNo=131964&article.offset=1210&articleLimit=10&noCat=500,2025.02.14,학사
131938,개인정보 처리방침 및 영상정보처리기기 운영관리방침 개정 안내,https://www.hongik.ac.kr/kr/newscenter/notice.do?mode=view&articleNo=131938&article.offset=1210&articleLimit=10&noCat=29,2025.02.13,일반
131905,2025학년도 1학기 학점교류 학생 학번조회 안내,https://www.hongik.ac.kr/kr/newscenter/notice.do?mode=view&articleNo=131905&article.offset=1210&articleLimit=10&noCat=500,2025.02.13,학사
131885,졸업가운 대여 및 졸업물품 배부 안내(서울캠퍼스 학부생),https://www.hongik.ac.kr/kr/newscenter/notice.do?mode=view&articleNo=131885&article.offset=1210&articleLimit=10&noCat=500,2025.02.13,학사
131716,[SIEMENS-PACE센터] 2025 독일 아헨공대 국제협업수업 및 IDEEA (NextPACE) 참가 학생 모집연장_미술대학(~ 2월13일까지),https://www.hongik.ac.kr/kr/newscenter/notice.do?mode=view&articleNo=131716&article.offset=1210&articleLimit=10&noCat=500,2025.02.12,학사
131711,2025학년도 1학기 대학원 봉사장학생 선발,https://www.hongik.ac.kr/kr/newscenter/notice.do/kr/education/notice-grad.do?mode=view&articleNo=131711&noCat=379,2025.02.11,장학
131696,[중앙도서관] 2024학년도 전기(2025년 2월) 졸업(수료)예정자 도서 반납 안내,https://www.hongik.ac.kr/kr/newscenter/notice.do?mode=view&articleNo=131696&article.offset=1220&articleLimit=10&noCat=29,2025.02.11,일반
131687,2025학년도 1학기 학점교류 신청 안내 (삼육대학교),https://www.hongik.ac.kr/kr/newscenter/notice.do?mode=view&articleNo=131687&article.offset=1220&articleLimit=10&noCat=500,2025.02.11,학사
131686,2025학년도 1학기 학점교류 신청 안내 (광운대학교),https://www.hongik.ac.kr/kr/newscenter/notice.do?mode=view&articleNo=131686&article.offset=1220&articleLimit=10&noCat=500,2025.02.11,학사
131678,안전한 개인정보를 위한 생성형 AI 사용법,https://www.hongik.ac.kr/kr/newscenter/notice.do?mode=view&articleNo=131678&article.offset=1220&articleLimit=10&noCat=34,2025.02.11,보안
131662,"[대학교육혁신사업단] 2025-1학기 보조인력(문서작업, 사무보조) 모집공고",https://www.hongik.ac.kr/kr/newscenter/notice.do?mode=view&articleNo=131662&article.offset=1220&articleLimit=10&noCat=29,2025.02.11,일반
131651,(수료생 필독) 2025학년도 1학기 연구등록금/연구생증명비 납부 안내,https://www.hongik.ac.kr/kr/newscenter/notice.do/kr/education/notice-grad.do?mode=view&articleNo=131651&noCat=377,2025.02.10,졸업
131639,[조교채용]사범대학 행정실 조교 모집 공고(~2.19. 기간연장),https://www.hongik.ac.kr/kr/newscenter/notice.do?mode=view&articleNo=131639&article.offset=1220&articleLimit=10&noCat=35,2025.02.10,채용/모집
131632,2025학년도 1학기 외국어시험 시행안내,https://www.hongik.ac.kr/kr/newscenter/notice.do/kr/education/notice-grad.do?mode=view&articleNo=131632&noCat=377,2025.02.10,졸업
131602,2025학년도 1학기 휴학 및 휴학 연장 신청 안내,https://www.hongik.ac.kr/kr/newscenter/notice.do/kr/education/notice-grad.do?mode=view&articleNo=131602&noCat=380,2025.02.10,학적
131561,2025학년도 1학기 군이러닝 수강신청 안내,https://www.hongik.ac.kr/kr/newscenter/notice.do?mode=view&articleNo=131561&article.offset=1230&articleLimit=10&noCat=500,2025.02.07,학사
131549,[조교채용] 컴퓨터공학과 행정조교 모집 (~2.18),https://www.hongik.ac.kr/kr/newscenter/notice.do?mode=view&articleNo=131549&article.offset=1230&articleLimit=10&noCat=35,2025.02.07,채용/모집
131543,2025학년도 1학기 학점교류 신청 안내 (건국대학교),https://www.hongik.ac.kr/kr/newscenter/notice.do?mode=view&articleNo=131543&article.offset=1230&articleLimit=10&noCat=500,2025.02.07,학사
131542,★신입생 반드시 필독★학번 확인/클래스넷 로그인★ 2025학년도 신입생 수강신청 안내,https://www.hongik.ac.kr/kr/newscenter/notice.do?mode=view&articleNo=131542&article.offset=1230&articleLimit=10&noCat=500,2025.02.07,학사
131530,[강서구장학회] 2025년도 지역사회기여 장학생 선발계획 공고 안내,https://www.hongik.ac.kr/kr/newscenter/notice.do?mode=view&articleNo=131530&article.offset=1230&articleLimit=10&noCat=501,2025.02.07,장학
131482,2025년 2월 졸업대상자 졸업사정결과 조회 안내(학부),https://www.hongik.ac.kr/kr/newscenter/notice.do/kr/education/notice-undergrad.do?mode=view&articleNo=131482&noCat=23,2025.02.06,학사
131452,2025학년도 1학기 학점교류 신청 안내 (서경대학교),https://www.hongik.ac.kr/kr/newscenter/notice.do?mode=view&articleNo=131452&article.offset=1230&articleLimit=10&noCat=500,2025.02.05,학사
131451,2025학년도 1학기 재학생 등록 및 등록금 납부 안내 (대학원),https://www.hongik.ac.kr/kr/newscenter/notice.do/kr/education/notice-grad.do?mode=view&articleNo=131451&noCat=380,2025.02.05,학적
131450,2025학년도 1학기 학점교류 신청 안내 (세종대학교),https://www.hongik.ac.kr/kr/newscenter/notice.do?mode=view&articleNo=131450&article.offset=1230&articleLimit=10&noCat=500,2025.02.05,학사
131448,2025학년도 1학기 학점교류 신청 안내 (한국항공대학교),https://www.hongik.ac.kr/kr/newscenter/notice.do?mode=view&articleNo=131448&article.offset=1240&articleLimit=10&noCat=500,2025.02.05,학사
131447,2025학년도 1학기 학점교류 신청 안내 (동덕여자대학교),https://www.hongik.ac.kr/kr/newscenter/notice.do?mode=view&articleNo=131447&article.offset=1240&articleLimit=10&noCat=500,2025.02.05,학사
131446,2025학년도 1학기 학점교류 신청 안내 (한성대학교),https://www.hongik.ac.kr/kr/newscenter/notice.do?mode=view&articleNo=131446&article.offset=1240&articleLimit=10&noCat=500,2025.02.05,학사
131376,2025학년도 1학기 학점교류 신청 안내 (서강대학교),https://www.hongik.ac.kr/kr/newscenter/notice.do?mode=view&articleNo=131376&article.offset=1240&articleLimit=10&noCat=500,2025.02.04,학사
131336,[세아해암학술장학재단] 제4기 커리어챌린지 장학생 모집 공고 안내,https://www.hongik.ac.kr/kr/newscenter/notice.do?mode=view&articleNo=131336&article.offset=1240&articleLimit=10&noCat=501,2025.02.03,장학
131333,2025학년도 1학기 학기재수강 추가 신청 안내,https://www.hongik.ac.kr/kr/newscenter/notice.do?mode=view&articleNo=131333&article.offset=1240&articleLimit=10&noCat=500,2025.02.03,학사
131327,[SIEMENS-PACE센터] 2025 독일 아헨공대 국제협업수업 및 IDEEA (NextPACE) 참가 학생 모집연장_미술대학(~ 2월7일까지),https://www.hongik.ac.kr/kr/newscenter/notice.do?mode=view&articleNo=131327&article.offset=1240&articleLimit=10&noCat=500,2025.02.03,학사
131324,2024학년도 제75회 전기 학위수여식 참석 안내(학부),https://www.hongik.ac.kr/kr/newscenter/notice.do?mode=view&articleNo=131324&article.offset=1240&articleLimit=10&noCat=500,2025.02.03,학사
131323,[서울지방병무청]각 군 현역병 모집일정(2025년2월) 안내,https://www.hongik.ac.kr/kr/newscenter/notice.do?mode=view&articleNo=131323&article.offset=1240&articleLimit=10&noCat=500,2025.02.03,학사
131310,2025학년도 1학기 등록금 분할납부 신청 안내 (대학원),https://www.hongik.ac.kr/kr/newscenter/notice.do/kr/education/notice-grad.do?mode=view&articleNo=131310&noCat=380,2025.02.03,학적
131304,[학부생]2025학년도 제1학기 추가 복학(최종) 및 휴학(연장) 신청 안내,https://www.hongik.ac.kr/kr/newscenter/notice.do?mode=view&articleNo=131304&article.offset=1250&articleLimit=10&noCat=500,2025.02.03,학사
131298,2025학년도 1학기 추가 복학 신청 안내 (대학원),https://www.hongik.ac.kr/kr/newscenter/notice.do/kr/education/notice-grad.do?mode=view&articleNo=131298&noCat=380,2025.02.03,학적
131176,2025학년도 재병역판정검사 일자 및 장소 본인선택 안내,https://www.hongik.ac.kr/kr/newscenter/notice.do?mode=view&articleNo=131176&article.offset=1250&articleLimit=10&noCat=500,2025.01.24,학사
131171,2025학년도 1학기 학점교류 신청 안내 (숭실대학교),https://www.hongik.ac.kr/kr/newscenter/notice.do?mode=view&articleNo=131171&article.offset=1250&articleLimit=10&noCat=500,2025.01.24,학사
131168,2025학년도 1학기 학점교류 신청 안내 (성신여자대학교),https://www.hongik.ac.kr/kr/newscenter/notice.do?mode=view&articleNo=131168&article.offset=1250&articleLimit=10&noCat=500,2025.01.24,학사
131162,2025학년도 1학기 학점교류 신청 안내 (숙명여자대학교),https://www.hongik.ac.kr/kr/newscenter/notice.do?mode=view&articleNo=131162&article.offset=1250&articleLimit=10&noCat=500,2025.01.24,학사
131152,2025학년도 1학기 수료생의 교과목 수강 및 교과목 이수학점 졸업 신청 안내(2.3.(월)~2.14.(금)),https://www.hongik.ac.kr/kr/newscenter/notice.do/kr/education/notice-grad.do?mode=view&articleNo=131152&noCat=377,2025.01.24,졸업
131145,2025학년도 1학기 논문제출시한 경과자 특례조치(제출시한 연장) 및 소급적용 신청 안내 (2.3.(월) ~ 2.14.(금)),https://www.hongik.ac.kr/kr/newscenter/notice.do/kr/education/notice-grad.do?mode=view&articleNo=131145&noCat=377,2025.01.24,졸업
131140,2025학년도 교직과정 이수신청서 접수안내,https://www.hongik.ac.kr/kr/newscenter/notice.do?mode=view&articleNo=131140&article.offset=1250&articleLimit=10&noCat=500,2025.01.24,학사
131118,2025학년도 1학기 OCU컨소시엄 공동개설과목 수강신청 및 시스템사용료 납부 안내,https://www.hongik.ac.kr/kr/newscenter/notice.do?mode=view&articleNo=131118&article.offset=1260&articleLimit=10&noCat=500,2025.01.24,학사
131114,2024학년도 2학기 강의평가 추가 시행 안내,https://www.hongik.ac.kr/kr/newscenter/notice.do?mode=view&articleNo=131114&article.offset=1260&articleLimit=10&noCat=500,2025.01.23,학사
131110,전자전기공학과 윤상운 박사 국립안동대학교 디지털ICT공학과 교수 임용,https://www.hongik.ac.kr/kr/newscenter/notice.do?mode=view&articleNo=131110&article.offset=1260&articleLimit=10&noCat=29,2025.01.23,일반
131109,전자전기공학과 장도영 박사 동양미래대학교 정보통신공학과 교수 임용,https://www.hongik.ac.kr/kr/newscenter/notice.do?mode=view&articleNo=131109&article.offset=1260&articleLimit=10&noCat=29,2025.01.23,일반
131093,개인형 이동장치 교내 출입 금지 및 주차구역 변경 안내,https://www.hongik.ac.kr/kr/newscenter/notice.do/kr/education/notice-grad.do?mode=view&articleNo=131093&noCat=383,2025.01.23,기타
131064,[제주삼다수재단] 2025년도 삼다수장학생 모집 선발 공고 안내,https://www.hongik.ac.kr/kr/newscenter/notice.do?mode=view&articleNo=131064&article.offset=1260&articleLimit=10&noCat=501,2025.01.22,장학
131058,2025학년도 1학기 학점교류 신청 안내 (상명대학교),https://www.hongik.ac.kr/kr/newscenter/notice.do?mode=view&articleNo=131058&article.offset=1260&articleLimit=10&noCat=500,2025.01.22,학사
131036,2025년 한국장학재단 특별상환유예대출 및 프리워크아웃 제도 안내,https://www.hongik.ac.kr/kr/newscenter/notice.do/kr/education/notice-grad.do?mode=view&articleNo=131036&noCat=383,2025.01.21,기타
131005,2024학년도 전기 학위수여식(제75회) 및 학위기 배부 ·석사학위가운 대여 안내,https://www.hongik.ac.kr/kr/newscenter/notice.do/kr/education/notice-grad.do?mode=view&articleNo=131005&noCat=377,2025.01.21,졸업
131001,2025년 2월 대학원 졸업예정자 졸업사정결과 조회 안내(1.22.(수)~2.7.(금)),https://www.hongik.ac.kr/kr/newscenter/notice.do/kr/education/notice-grad.do?mode=view&articleNo=131001&noCat=377,2025.01.21,졸업
130998,2025년 2월 졸업예정자 세부전공명/학위명 선택 안내(1.22.(수)~2.3.(월)),https://www.hongik.ac.kr/kr/newscenter/notice.do/kr/education/notice-grad.do?mode=view&articleNo=130998&noCat=377,2025.01.21,졸업
130980,[ICT인턴십] 2025년 상반기 국내과정 학생 지원 안내,https://www.hongik.ac.kr/kr/newscenter/notice.do?mode=view&articleNo=130980&article.offset=1270&articleLimit=10&noCat=396,2025.01.20,취창업
130976,[은평구민장학재단] 2025. 지역사회기여 장학생 모집 공고 안내,https://www.hongik.ac.kr/kr/newscenter/notice.do?mode=view&articleNo=130976&article.offset=1270&articleLimit=10&noCat=501,2025.01.20,장학
130969,[전학년 필독] 2025-1학기 수강신청 안내- 수강신청/정정/철회 관련 자주 묻는 사항(Q&A) ③,https://www.hongik.ac.kr/kr/newscenter/notice.do?mode=view&articleNo=130969&article.offset=1270&articleLimit=10&noCat=500,2025.01.20,학사
130966,"[전학년 필독] 2025-1학기 수강신청 안내- 수강신청, 정정, 철회, 폐강정정 방법 ②",https://www.hongik.ac.kr/kr/newscenter/notice.do?mode=view&articleNo=130966&article.offset=1270&articleLimit=10&noCat=500,2025.01.20,학사
130964,"[전학년 필독] 2025-1학기 수강신청 안내- 문의처, 전학년 알아야할 사항, 주요 학사일정 ①",https://www.hongik.ac.kr/kr/newscenter/notice.do?mode=view&articleNo=130964&article.offset=1270&articleLimit=10&noCat=500,2025.01.20,학사
130954,[SIEMENS-PACE센터] 2025 독일 아헨공대 국제협업수업 및 IDEEA (NextPACE) 참가 학생 모집연장_미술대학(~ 2월3일까지),https://www.hongik.ac.kr/kr/newscenter/notice.do?mode=view&articleNo=130954&article.offset=1270&articleLimit=10&noCat=514,2025.01.20,학생활동
130934,2025학년도 1학기 학점교류 신청 안내 (서울과학기술대학교),https://www.hongik.ac.kr/kr/newscenter/notice.do?mode=view&articleNo=130934&article.offset=1270&articleLimit=10&noCat=500,2025.01.17,학사
130933,2025학년도 1학기 학점교류 신청 안내 (명지대학교),https://www.hongik.ac.kr/kr/newscenter/notice.do?mode=view&articleNo=130933&article.offset=1270&articleLimit=10&noCat=500,2025.01.17,학사
130932,2025학년도 1학기 학점교류 신청 안내 (계명대학교),https://www.hongik.ac.kr/kr/newscenter/notice.do?mode=view&articleNo=130932&article.offset=1270&articleLimit=10&noCat=500,2025.01.17,학사
130931,2025학년도 1학기 학점교류 신청 안내 (서울여자대학교),https://www.hongik.ac.kr/kr/newscenter/notice.do?mode=view&articleNo=130931&article.offset=1280&articleLimit=10&noCat=501,2025.01.17,장학
130928,2025학년도 1학기 학점교류 신청 안내 (서울시립대학교_인공지능혁신융합대학),https://www.hongik.ac.kr/kr/newscenter/notice.do?mode=view&articleNo=130928&article.offset=1280&articleLimit=10&noCat=500,2025.01.17,학사
130924,[신라문화장학재다] 2025 장학생 공개선발 공고 안내,https://www.hongik.ac.kr/kr/newscenter/notice.do?mode=view&articleNo=130924&article.offset=1280&articleLimit=10&noCat=501,2025.01.17,장학
130905,대학 「학칙」 개정(안) 공고,https://www.hongik.ac.kr/kr/newscenter/notice.do?mode=view&articleNo=130905&article.offset=1280&articleLimit=10&noCat=29,2025.01.16,일반
130898,2025년도 홍익대 첨단산업 인재양성 (반도체)부트캠프사업   수혜학생 신규선발 안내,https://www.hongik.ac.kr/kr/newscenter/notice.do?mode=view&articleNo=130898&article.offset=1280&articleLimit=10&noCat=514,2025.01.16,학생활동
130877,2024학년도 동계계절학기 성적조회 안내,https://www.hongik.ac.kr/kr/newscenter/notice.do?mode=view&articleNo=130877&article.offset=1280&articleLimit=10&noCat=500,2025.01.15,학사
130875,2024학년도 동계계절학기 성적처리 안내,https://www.hongik.ac.kr/kr/newscenter/notice.do?mode=view&articleNo=130875&article.offset=1280&articleLimit=10&noCat=33,2025.01.15,교강사
130874,2025학년도 1학기 학점교류 신청 안내 (가톨릭대학교),https://www.hongik.ac.kr/kr/newscenter/notice.do?mode=view&articleNo=130874&article.offset=1280&articleLimit=10&noCat=500,2025.01.15,학사
130869,2025학년도 1학기 학점교류 신청 안내 (한국외국어대학교),https://www.hongik.ac.kr/kr/newscenter/notice.do?mode=view&articleNo=130869&article.offset=1280&articleLimit=10&noCat=500,2025.01.15,학사
130868,영문학위기 발행을 위한 영문이름 정정 안내 (수정기간: 1/15 ~ 1/31),https://www.hongik.ac.kr/kr/newscenter/notice.do/kr/education/notice-grad.do?mode=view&articleNo=130868&noCat=377,2025.01.15,졸업
130866,2025학년도 1학기 학점교류 신청 안내 (서울시립대학교),https://www.hongik.ac.kr/kr/newscenter/notice.do?mode=view&articleNo=130866&article.offset=1290&articleLimit=10&noCat=500,2025.01.15,학사
130860,2025학년도 1학기 학점교류 신청 안내 (중앙대학교),https://www.hongik.ac.kr/kr/newscenter/notice.do?mode=view&articleNo=130860&article.offset=1290&articleLimit=10&noCat=500,2025.01.15,학사
130858,2025 IDAS 신기술분야융합디자인 전문인력양성사업 산·학·연 크리에이티브 워크샵 모집(조기마감),https://www.hongik.ac.kr/kr/newscenter/notice.do?mode=view&articleNo=130858&article.offset=1290&articleLimit=10&noCat=508,2025.01.15,기타
130851,[HD현대삼호] 2025년 1학기 채용연계형 표준현장실습학기제,https://www.hongik.ac.kr/kr/newscenter/notice.do?mode=view&articleNo=130851&article.offset=1290&articleLimit=10&noCat=396,2025.01.15,취창업
130837,2025년 (재)김희경유럽정신문화장학재단 장학생 선발 공고,https://www.hongik.ac.kr/kr/newscenter/notice.do/kr/education/notice-grad.do?mode=view&articleNo=130837&noCat=379,2025.01.14,장학
130815,2025학년도 1학기 학기재수강 신청 안내,https://www.hongik.ac.kr/kr/newscenter/notice.do?mode=view&articleNo=130815&article.offset=1290&articleLimit=10&noCat=500,2025.01.14,학사
130813,[장학팀] 제주특별자치도 2025년 상반기 학자금 대출이자 지원사업 안내,https://www.hongik.ac.kr/kr/newscenter/notice.do?mode=view&articleNo=130813&article.offset=1290&articleLimit=10&noCat=501,2025.01.14,장학
130783,[SIEMENS-PACE센터] 2025 독일 아헨공대 국제협업수업 및 IDEEA (NextPACE) 참가 학생 모집,https://www.hongik.ac.kr/kr/newscenter/notice.do?mode=view&articleNo=130783&article.offset=1290&articleLimit=10&noCat=514,2025.01.13,학생활동
130707,[김희경유럽정신문화장학재단] 2025년도 제 20기 장학생 선발 공고,https://www.hongik.ac.kr/kr/newscenter/notice.do?mode=view&articleNo=130707&article.offset=1290&articleLimit=10&noCat=501,2025.01.10,장학
130698,2025학년도 1학기 학점교류 신청 안내 (동국대학교),https://www.hongik.ac.kr/kr/newscenter/notice.do?mode=view&articleNo=130698&article.offset=1290&articleLimit=10&noCat=500,2025.01.10,학사
129434,(홍보) 개인정보 처리방침,https://www.hongik.ac.kr/kr/newscenter/notice.do?mode=view&articleNo=129434&article.offset=1300&articleLimit=10&noCat=34,2025.01.09,보안
129390,2025학년도 1학기 복학 신청 안내,https://www.hongik.ac.kr/kr/newscenter/notice.do/kr/education/notice-grad.do?mode=view&articleNo=129390&noCat=380,2025.01.08,학적
129352,[한국농어촌희망재단] 2025년 1학기 농림축산식품부 청년창업농장학생 선발 신청 접수기간 변경 공고 안내,https://www.hongik.ac.kr/kr/newscenter/notice.do?mode=view&articleNo=129352&article.offset=1300&articleLimit=10&noCat=501,2025.01.08,장학
129307,[도서관] e-class 우수 학습자 이벤트 & 이용교육 의견공모(경품 가득!!),https://www.hongik.ac.kr/kr/newscenter/notice.do?mode=view&articleNo=129307&article.offset=1300&articleLimit=10&noCat=29,2025.01.07,일반
129306,[서울캠퍼스] 2024학년도 전기(2025년 2월) 졸업예정자 전공명 선택 안내(2차),https://www.hongik.ac.kr/kr/newscenter/notice.do?mode=view&articleNo=129306&article.offset=1300&articleLimit=10&noCat=500,2025.01.06,학사
129283,[학부생]2025학년도 1학기 복학‧휴학 및 휴학연장 신청 안내,https://www.hongik.ac.kr/kr/newscenter/notice.do?mode=view&articleNo=129283&article.offset=1300&articleLimit=10&noCat=500,2025.01.06,학사
129272,2025학년도 1학기 학점교류 신청 안내 (서울대학교),https://www.hongik.ac.kr/kr/newscenter/notice.do?mode=view&articleNo=129272&article.offset=1300&articleLimit=10&noCat=500,2025.01.03,학사
129258,2024학년도 2학기 학생 포상 신청 안내,https://www.hongik.ac.kr/kr/newscenter/notice.do/kr/education/notice-grad.do?mode=view&articleNo=129258&noCat=383,2025.01.03,기타
129220,[장학팀] 2025년 1학기 푸른등대 기부장학금 신규장학생 선발,https://www.hongik.ac.kr/kr/newscenter/notice.do?mode=view&articleNo=129220&article.offset=1300&articleLimit=10&noCat=501,2025.01.02,장학
129217,2025년 상반기 「ICT 학점연계 프로젝트 인턴십」 글로벌 과정 참여 학생 모집,https://www.hongik.ac.kr/kr/newscenter/notice.do?mode=view&articleNo=129217&article.offset=1300&articleLimit=10&noCat=396,2025.01.02,취창업
129199,2024학년도 동계계절학기 사이버강좌 기말고사 시행 안내,https://www.hongik.ac.kr/kr/newscenter/notice.do?mode=view&articleNo=129199&article.offset=1310&articleLimit=10&noCat=500,2025.01.02,학사
129197,[SIEMENS-PACE센터] 2025 독일 아헨공대 국제협업수업 및 IDEEA (NextPACE) 참가 학생 모집,https://www.hongik.ac.kr/kr/newscenter/notice.do?mode=view&articleNo=129197&article.offset=1310&articleLimit=10&noCat=514,2025.01.02,학생활동
129130,[중앙도서관] 동계방학(1~2월) 정기교육 안내,https://www.hongik.ac.kr/kr/newscenter/notice.do?mode=view&articleNo=129130&article.offset=1310&articleLimit=10&noCat=29,2024.12.30,일반
129053,2025학년도 1학기 대학원 재학생 장학금 1차 신청 안내,https://www.hongik.ac.kr/kr/newscenter/notice.do/kr/education/notice-grad.do?mode=view&articleNo=129053&noCat=379,2024.12.27,장학
129050,2025학년도 1학기 대학원 신입생 장학금 신청 안내,https://www.hongik.ac.kr/kr/newscenter/notice.do/kr/education/notice-grad.do?mode=view&articleNo=129050&noCat=379,2024.12.27,장학
129049,2024학년도 동계계절학기 사이버강좌 출석 및 수강방법 안내,https://www.hongik.ac.kr/kr/newscenter/notice.do?mode=view&articleNo=129049&article.offset=1310&articleLimit=10&noCat=500,2024.12.27,학사
129039,2025학년도 1학기 ​학·석사 연계과정 모집,https://www.hongik.ac.kr/kr/newscenter/notice.do/kr/education/notice-undergrad.do?mode=view&articleNo=129039&noCat=23,2024.12.27,학사
129036,2025학년도 1학기 공연예술융합전공 신청 안내,https://www.hongik.ac.kr/kr/newscenter/notice.do?mode=view&articleNo=129036&article.offset=1310&articleLimit=10&noCat=500,2024.12.27,학사
129034,"(세종캠퍼스)2025학년도 1학기 주전공 신청 및 변경, 자율전공 학생의 학과진입 신청 안내",https://www.hongik.ac.kr/kr/newscenter/notice.do?mode=view&articleNo=129034&article.offset=1310&articleLimit=10&noCat=500,2024.12.27,학사
128993,"2025학년도 1학기 주전공 신청 및 변경,  자율전공 학생의 학과진입 신청 안내 (서울캠퍼스)",https://www.hongik.ac.kr/kr/newscenter/notice.do?mode=view&articleNo=128993&article.offset=1310&articleLimit=10&noCat=500,2024.12.26,학사
128982,"2025학년도 1학기 복수전공, 부전공, 융합전공, 미세전공 신청 안내",https://www.hongik.ac.kr/kr/newscenter/notice.do?mode=view&articleNo=128982&article.offset=1320&articleLimit=10&noCat=500,2024.12.26,학사
128976,[서울지방병무청] 각 군 현역병 모집일정(2025년 1월) 안내,https://www.hongik.ac.kr/kr/newscenter/notice.do?mode=view&articleNo=128976&article.offset=1320&articleLimit=10&noCat=500,2024.12.26,학사
128915,2025학년도 전기 수시전형 대학원 신입생 모집 (군위탁전형 포함),https://www.hongik.ac.kr/kr/newscenter/notice.do/kr/education/notice-grad.do?mode=view&articleNo=128915&noCat=381,2024.12.24,입시
128887,2024학년도 전기(2025년 2월) 졸업예정자 부전공 및 융합전공 졸업 자격취득 신청 안내,https://www.hongik.ac.kr/kr/newscenter/notice.do?mode=view&articleNo=128887&article.offset=1320&articleLimit=10&noCat=500,2024.12.24,학사
128818,[제24–43호] (세종)영상애니메이션학부 카메라렌즈 등 9종 구입,https://www.hongik.ac.kr/kr/newscenter/notice.do?mode=view&articleNo=128818&article.offset=1320&articleLimit=10&noCat=36,2024.12.23,입찰
128784,[부산진구장학회] 제29회 장학생 선발계획 공고 안내,https://www.hongik.ac.kr/kr/newscenter/notice.do?mode=view&articleNo=128784&article.offset=1320&articleLimit=10&noCat=501,2024.12.23,장학
128735,홍익대학교 기획처 온라인커뮤니케이션실 - 세종캠퍼스 일반기자 근로 학생 모집 공고,https://www.hongik.ac.kr/kr/newscenter/notice.do?mode=view&articleNo=128735&article.offset=1320&articleLimit=10&noCat=501,2024.12.21,장학
128729,[DB김준기문화재단] DB 드림리더 2기 장학생 모집 공고 안내,https://www.hongik.ac.kr/kr/newscenter/notice.do?mode=view&articleNo=128729&article.offset=1320&articleLimit=10&noCat=501,2024.12.20,장학
128663,[종근당고촌재단] 2025년 생활비 장학생 및 고촌학사(기숙사) 장학생 모집 안내,https://www.hongik.ac.kr/kr/newscenter/notice.do?mode=view&articleNo=128663&article.offset=1320&articleLimit=10&noCat=501,2024.12.19,장학
128620,[한국농어촌희망재단] 2025년 1학기 농림축산식품부 청년창업농장학생 선발 공고 안내,https://www.hongik.ac.kr/kr/newscenter/notice.do?mode=view&articleNo=128620&article.offset=1320&articleLimit=10&noCat=501,2024.12.18,장학
128618,[용운장학재단] 2025학년도 38기 장학생 모집 공고 안,https://www.hongik.ac.kr/kr/newscenter/notice.do?mode=view&articleNo=128618&article.offset=1330&articleLimit=10&noCat=501,2024.12.18,장학
128570,[국제교류실] 2025학년도 2학기 해외대학 파견 Outbound 교류학생 지원자 모집 및 선발(~25년 1월 24일 금 16시),https://www.hongik.ac.kr/kr/newscenter/notice.do?mode=view&articleNo=128570&article.offset=1330&articleLimit=10&noCat=500,2024.12.17,학사
128528,2025학년도 전과 면접전형 안내(세종캠퍼스),https://www.hongik.ac.kr/kr/newscenter/notice.do?mode=view&articleNo=128528&article.offset=1330&articleLimit=10&noCat=500,2024.12.17,학사
128495,[세아해암학술장학재단] 2025년도 제33기 학사 장학생 모집공고 안내,https://www.hongik.ac.kr/kr/newscenter/notice.do?mode=view&articleNo=128495&article.offset=1330&articleLimit=10&noCat=501,2024.12.16,장학
128467,[(사)더 라이트 핸즈] 2025학년도 더 라이트 핸즈 장학금 신청 공고 안내,https://www.hongik.ac.kr/kr/newscenter/notice.do?mode=view&articleNo=128467&article.offset=1330&articleLimit=10&noCat=501,2024.12.16,장학
128458,[교수학습지원센터(서울)] 2024학년도 에세이 쓰기 대회 접수 재공고,https://www.hongik.ac.kr/kr/newscenter/notice.do?mode=view&articleNo=128458&article.offset=1330&articleLimit=10&noCat=511,2024.12.16,교수학습지원
128456,2025학년도 전과 면접전형 안내 (서울캠퍼스),https://www.hongik.ac.kr/kr/newscenter/notice.do?mode=view&articleNo=128456&article.offset=1330&articleLimit=10&noCat=500,2024.12.16,학사
128363,"2025년 2월 졸업예정자 ""교원자격무시험검정원서"" 접수(~25.1.23)",https://www.hongik.ac.kr/kr/newscenter/notice.do?mode=view&articleNo=128363&article.offset=1330&articleLimit=10&noCat=500,2024.12.13,학사
128333,병역판정검사 일자 및 장소 본인선택 안내,https://www.hongik.ac.kr/kr/newscenter/notice.do?mode=view&articleNo=128333&article.offset=1340&articleLimit=10&noCat=500,2024.12.12,학사
128320,[이한열기념사업회] 2025년도 이한열 장학생 선발공고 안내,https://www.hongik.ac.kr/kr/newscenter/notice.do?mode=view&articleNo=128320&article.offset=1340&articleLimit=10&noCat=501,2024.12.12,장학
128308,2025학년도 1학기 재입학 신청 안내,https://www.hongik.ac.kr/kr/newscenter/notice.do/kr/education/notice-grad.do?mode=view&articleNo=128308&noCat=380,2024.12.12,학적
128306,2025학년도 1학기 ​석·박사학위통합과정 전환 및 포기 신청 안내,https://www.hongik.ac.kr/kr/newscenter/notice.do/kr/education/notice-grad.do?mode=view&articleNo=128306&noCat=380,2024.12.12,학적
128146,2024학년도 2학기 성적조회 안내,https://www.hongik.ac.kr/kr/newscenter/notice.do?mode=view&articleNo=128146&article.offset=1340&articleLimit=10&noCat=500,2024.12.10,학사
128144,[소망교회] 2025년 소망장학생 모집 공고 안내,https://www.hongik.ac.kr/kr/newscenter/notice.do?mode=view&articleNo=128144&article.offset=1340&articleLimit=10&noCat=501,2024.12.10,장학
128125,[조교 채용] 디자인·예술경영학부 조교 모집,https://www.hongik.ac.kr/kr/newscenter/notice.do?mode=view&articleNo=128125&article.offset=1340&articleLimit=10&noCat=29,2024.12.09,일반
128118,대학 「학칙」 개정(안) 공고,https://www.hongik.ac.kr/kr/newscenter/notice.do?mode=view&articleNo=128118&article.offset=1340&articleLimit=10&noCat=29,2024.12.09,일반
127956,[급구] 경영대학 기말고사 오후 시험(12월 9일~12월 13일) 감독인 구인,https://www.hongik.ac.kr/kr/newscenter/notice.do?mode=view&articleNo=127956&article.offset=1340&articleLimit=10&noCat=29,2024.12.04,일반
127866,2024학년도 2학기 성적처리 안내,https://www.hongik.ac.kr/kr/newscenter/notice.do?mode=view&articleNo=127866&article.offset=1350&articleLimit=10&noCat=33,2024.12.03,교강사
127863,"[중앙도서관] 12월 도서관 이용교육(표절예방솔루션, 학위논문작성, 구글 학술검색 등)",https://www.hongik.ac.kr/kr/newscenter/notice.do?mode=view&articleNo=127863&article.offset=1350&articleLimit=10&noCat=29,2024.12.03,일반
127856,"[국제언어교육원 외국어교육부] 2024학년도 겨울 학기 정규 어학(대체강좌,맞춤형,영어집중과정,토익관련) 강좌 안내",https://www.hongik.ac.kr/kr/newscenter/notice.do?mode=view&articleNo=127856&article.offset=1350&articleLimit=10&noCat=500,2024.12.03,학사
127850,2024학년도 동계 ‘방과후학교’ 사회봉사장학생 사회봉사 신청 안내(서울캠퍼스),https://www.hongik.ac.kr/kr/newscenter/notice.do?mode=view&articleNo=127850&article.offset=1350&articleLimit=10&noCat=500,2024.12.03,학사
127817,디자인·예술경영학부 시험감독 모집,https://www.hongik.ac.kr/kr/newscenter/notice.do?mode=view&articleNo=127817&article.offset=1350&articleLimit=10&noCat=29,2024.12.02,일반
127786,2024년 SIEMENS-PACE센터 동계 계절학기 (NX공학소프트웨어 특강),https://www.hongik.ac.kr/kr/newscenter/notice.do?mode=view&articleNo=127786&article.offset=1350&articleLimit=10&noCat=500,2024.12.02,학사
127748,[모집] 12/9 월 컴퓨터공학과 기말고사 시험감독 보조요원 구인,https://www.hongik.ac.kr/kr/newscenter/notice.do?mode=view&articleNo=127748&article.offset=1350&articleLimit=10&noCat=29,2024.11.29,일반
127745,2024학년도 동계계절학기 학점교류 신청 안내 (광운대학교),https://www.hongik.ac.kr/kr/newscenter/notice.do?mode=view&articleNo=127745&article.offset=1350&articleLimit=10&noCat=500,2024.11.29,학사
127744,2024학년도 동계계절학기 학점교류 신청 안내 (국립공주대학교),https://www.hongik.ac.kr/kr/newscenter/notice.do?mode=view&articleNo=127744&article.offset=1350&articleLimit=10&noCat=500,2024.11.29,학사
127742,[삼성복지재단] 2025년 삼성드림클래스 대학생멘토 선발 공고 안내,https://www.hongik.ac.kr/kr/newscenter/notice.do?mode=view&articleNo=127742&article.offset=1360&articleLimit=10&noCat=501,2024.11.29,장학
127736,2025학년도 전과 전형 시행 안내,https://www.hongik.ac.kr/kr/newscenter/notice.do?mode=view&articleNo=127736&article.offset=1360&articleLimit=10&noCat=500,2024.11.29,학사
127731,[대학교육혁신지원사업] 교수학습지원센터(서울) 2024-2 나의 성공적인 학과 진입기 공모전 결과 안내,https://www.hongik.ac.kr/kr/newscenter/notice.do?mode=view&articleNo=127731&article.offset=1360&articleLimit=10&noCat=511,2024.11.29,교수학습지원
127724,2024학년도 동계계절학기 학점교류 신청 안내 (서울과학기술대학교),https://www.hongik.ac.kr/kr/newscenter/notice.do?mode=view&articleNo=127724&article.offset=1360&articleLimit=10&noCat=500,2024.11.29,학사
127712,[중앙도서관x강원대학교 외국학술지지원센터] 생명공학 분야 외국학술지 무료 원문복사 신청 안내,https://www.hongik.ac.kr/kr/newscenter/notice.do?mode=view&articleNo=127712&article.offset=1360&articleLimit=10&noCat=29,2024.11.29,일반
127682,[제24-36호] (세종)디자인컨버전스학부 수업용 기자재(소니 카메라 및 렌즈 총 8대) 구입,https://www.hongik.ac.kr/kr/newscenter/notice.do?mode=view&articleNo=127682&article.offset=1360&articleLimit=10&noCat=36,2024.11.28,입찰
127670,[제24-34호] 2025년도 해외(서양서) 정기간행물(인쇄본) 구독 예약 업체 선정,https://www.hongik.ac.kr/kr/newscenter/notice.do?mode=view&articleNo=127670&article.offset=1360&articleLimit=10&noCat=36,2024.11.28,입찰
127658,"[국제언어교육원 외국어교육부] 겨울 학기 토익 관련(토익, 토스,토플) 비대면 강좌 안내",https://www.hongik.ac.kr/kr/newscenter/notice.do?mode=view&articleNo=127658&article.offset=1360&articleLimit=10&noCat=514,2024.11.27,학생활동
127644,[협성문화재단] 2025년 신규 협성장학생 선발계획 공고 안내,https://www.hongik.ac.kr/kr/newscenter/notice.do?mode=view&articleNo=127644&article.offset=1360&articleLimit=10&noCat=501,2024.11.27,장학
127620,2024학년도 동계계절학기 학점교류 학생 학번조회 안내,https://www.hongik.ac.kr/kr/newscenter/notice.do?mode=view&articleNo=127620&article.offset=1360&articleLimit=10&noCat=500,2024.11.26,학사
127616,[세종캠퍼스] 2025학년도 1학기 재입학 신청 안내(추가),https://www.hongik.ac.kr/kr/newscenter/notice.do?mode=view&articleNo=127616&article.offset=1370&articleLimit=10&noCat=500,2024.11.26,학사
127576,2025년 2월 조기졸업 신청서 제출 안내,https://www.hongik.ac.kr/kr/newscenter/notice.do/kr/education/notice-undergrad.do?mode=view&articleNo=127576&noCat=23,2024.11.25,학사
127546,[장학] 2024-2학기 교내 신용카드수수료장학금 신청 안내,https://www.hongik.ac.kr/kr/newscenter/notice.do?mode=view&articleNo=127546&article.offset=1370&articleLimit=10&noCat=501,2024.11.25,장학
127494,2024학년도 2학기 사이버강좌 기말고사 시험감독 보조요원 모집,https://www.hongik.ac.kr/kr/newscenter/notice.do?mode=view&articleNo=127494&article.offset=1370&articleLimit=10&noCat=29,2024.11.22,일반
127493,[서울지방병무청] 각 군 현역병 모집일정(2024년 12월) 안내,https://www.hongik.ac.kr/kr/newscenter/notice.do?mode=view&articleNo=127493&article.offset=1370&articleLimit=10&noCat=500,2024.11.22,학사
127492,"[중앙도서관] 2024-3차 연구력 강화 특강 ""전 주제 논문 & 예술 계열 논문 작성 특강""(11.26.~11.28.)",https://www.hongik.ac.kr/kr/newscenter/notice.do?mode=view&articleNo=127492&article.offset=1370&articleLimit=10&noCat=29,2024.11.22,일반
127464,[조교채용]홍익대학교(서울캠퍼스) 전자전기공학부 조교 모집(~11.27),https://www.hongik.ac.kr/kr/newscenter/notice.do?mode=view&articleNo=127464&article.offset=1370&articleLimit=10&noCat=35,2024.11.21,채용/모집
127448,[강화군] 2024년도 하반기 강화군 대학생 등록금 지원사업 공고 안내,https://www.hongik.ac.kr/kr/newscenter/notice.do?mode=view&articleNo=127448&article.offset=1370&articleLimit=10&noCat=501,2024.11.21,장학
127436,2024학년도 동계계절학기 학점교류 신청 안내 (계명대학교),https://www.hongik.ac.kr/kr/newscenter/notice.do?mode=view&articleNo=127436&article.offset=1370&articleLimit=10&noCat=500,2024.11.21,학사
127402,2025년 1학기 국가근로장학금 1차 신청 안내,https://www.hongik.ac.kr/kr/newscenter/notice.do?mode=view&articleNo=127402&article.offset=1380&articleLimit=10&noCat=501,2024.11.20,장학
127372,[IPP사업단] 2025학년도 IPP형 일학습병행 참여학생 모집,https://www.hongik.ac.kr/kr/newscenter/notice.do?mode=view&articleNo=127372&article.offset=1380&articleLimit=10&noCat=35,2024.11.19,채용/모집
127369,[장학] IPP형 일학습병행제 사업단 12월 근로장학생 모집,https://www.hongik.ac.kr/kr/newscenter/notice.do?mode=view&articleNo=127369&article.offset=1380&articleLimit=10&noCat=29,2024.11.19,일반
127364,[통영시] 2024년도 통영시 저소득 대학생 장학금 지원대상자 선발 공고 안내,https://www.hongik.ac.kr/kr/newscenter/notice.do?mode=view&articleNo=127364&article.offset=1380&articleLimit=10&noCat=501,2024.11.19,장학
127363,2024학년도 동계계절학기 학점교류 신청 안내 (명지대학교),https://www.hongik.ac.kr/kr/newscenter/notice.do?mode=view&articleNo=127363&article.offset=1380&articleLimit=10&noCat=500,2024.11.19,학사
127357,2024학년도 동계계절학기 학점교류 신청 안내 (성공회대학교),https://www.hongik.ac.kr/kr/newscenter/notice.do?mode=view&articleNo=127357&article.offset=1380&articleLimit=10&noCat=500,2024.11.19,학사
127355,대학 「​학칙」 개정(안) 공고,https://www.hongik.ac.kr/kr/newscenter/notice.do?mode=view&articleNo=127355&article.offset=1380&articleLimit=10&noCat=29,2024.11.19,일반
127351,[장학] 2024-2학기 교내 신용카드수수료장학금 신청 안내,https://www.hongik.ac.kr/kr/newscenter/notice.do?mode=view&articleNo=127351&article.offset=1380&articleLimit=10&noCat=501,2024.11.18,장학
127314,[유한재단] 2024학년도 2학기 장학생 신청 안내 [서울캠퍼스 해당],https://www.hongik.ac.kr/kr/newscenter/notice.do?mode=view&articleNo=127314&article.offset=1380&articleLimit=10&noCat=501,2024.11.18,장학
127313,2024학년도 강의개선보고서(CQI) 입력 및 “온라인 교수법 워크숍” 참여 안내,https://www.hongik.ac.kr/kr/newscenter/notice.do?mode=view&articleNo=127313&article.offset=1380&articleLimit=10&noCat=33,2024.11.18,교강사
127307,[한국고등교육재단] 인재림 제4기 장학생 선발 공고 안내,https://www.hongik.ac.kr/kr/newscenter/notice.do?mode=view&articleNo=127307&article.offset=1390&articleLimit=10&noCat=501,2024.11.18,장학
127306,[한국고등교육재단] 문우림 제4기 장학생 선발 공고 안내,https://www.hongik.ac.kr/kr/newscenter/notice.do?mode=view&articleNo=127306&article.offset=1390&articleLimit=10&noCat=501,2024.11.18,장학
127262,홍익대학교 교직원 모집,https://www.hongik.ac.kr/kr/newscenter/notice.do?mode=view&articleNo=127262&article.offset=1390&articleLimit=10&noCat=35,2024.11.15,채용/모집
127249,2024학년도 2학기 사이버강좌 기말고사 시험감독 보조요원 모집,https://www.hongik.ac.kr/kr/newscenter/notice.do?mode=view&articleNo=127249&article.offset=1390&articleLimit=10&noCat=29,2024.11.15,일반
125293,2024학년도 2학기 핵심역량진단검사 안내,https://www.hongik.ac.kr/kr/newscenter/notice.do?mode=view&articleNo=125293&article.offset=1390&articleLimit=10&noCat=500,2024.11.13,학사
125262,2024학년도 동계계절학기 학점교류 신청 안내 (삼육대학교),https://www.hongik.ac.kr/kr/newscenter/notice.do?mode=view&articleNo=125262&article.offset=1390&articleLimit=10&noCat=500,2024.11.13,학사
125259,2024학년도 2학기 강의평가 시행 안내,https://www.hongik.ac.kr/kr/newscenter/notice.do?mode=view&articleNo=125259&article.offset=1390&articleLimit=10&noCat=500,2024.11.13,학사
125221,2024학년도 2학기 강의평가 시행 안내,https://www.hongik.ac.kr/kr/newscenter/notice.do?mode=view&articleNo=125221&article.offset=1390&articleLimit=10&noCat=33,2024.11.12,교강사
125217,2024학년도 동계계절학기 학점교류 신청 안내 (서경대학교),https://www.hongik.ac.kr/kr/newscenter/notice.do?mode=view&articleNo=125217&article.offset=1390&articleLimit=10&noCat=500,2024.11.12,학사
125215,2024학년도 동계계절학기 학점교류 신청 안내 (한성대학교),https://www.hongik.ac.kr/kr/newscenter/notice.do?mode=view&articleNo=125215&article.offset=1390&articleLimit=10&noCat=500,2024.11.12,학사
125162,[장학] 2024-2학기 교내 신용카드수수료장학금 신청 안내,https://www.hongik.ac.kr/kr/newscenter/notice.do?mode=view&articleNo=125162&article.offset=1400&articleLimit=10&noCat=501,2024.11.11,장학
125117,2024년 푸른등대 삼성기부장학금 추가 신청 안내,https://www.hongik.ac.kr/kr/newscenter/notice.do?mode=view&articleNo=125117&article.offset=1400&articleLimit=10&noCat=501,2024.11.08,장학
125114,2024학년도 동계계절학기 학점교류 신청 안내 (성신여자대학교),https://www.hongik.ac.kr/kr/newscenter/notice.do?mode=view&articleNo=125114&article.offset=1400&articleLimit=10&noCat=500,2024.11.08,학사
125113,2024학년도 동계계절학기 학점교류 신청 안내 (가톨릭대학교),https://www.hongik.ac.kr/kr/newscenter/notice.do?mode=view&articleNo=125113&article.offset=1400&articleLimit=10&noCat=500,2024.11.08,학사
125021,2024대학공개강의서비스(KOCW) 학술연구정보서비스(RISS) 활용실태조사,https://www.hongik.ac.kr/kr/newscenter/notice.do?mode=view&articleNo=125021&article.offset=1400&articleLimit=10&noCat=29,2024.11.06,일반
124971,2024학년도 동계계절학기 학점교류 신청 안내 (한국외국어대학교),https://www.hongik.ac.kr/kr/newscenter/notice.do?mode=view&articleNo=124971&article.offset=1400&articleLimit=10&noCat=500,2024.11.05,학사
124970,2024학년도 동계계절학기 학점교류 신청 안내 (건국대학교),https://www.hongik.ac.kr/kr/newscenter/notice.do?mode=view&articleNo=124970&article.offset=1400&articleLimit=10&noCat=500,2024.11.05,학사
124969,2024학년도 동계계절학기 학점교류 신청 안내 (상명대학교),https://www.hongik.ac.kr/kr/newscenter/notice.do?mode=view&articleNo=124969&article.offset=1400&articleLimit=10&noCat=500,2024.11.05,학사
124968,2024학년도 동계계절학기 학점교류 신청 안내 (중앙대학교),https://www.hongik.ac.kr/kr/newscenter/notice.do?mode=view&articleNo=124968&article.offset=1400&articleLimit=10&noCat=500,2024.11.05,학사
124925,2024학년도 2학기 사이버강좌 기말고사 시행 안내,https://www.hongik.ac.kr/kr/newscenter/notice.do?mode=view&articleNo=124925&article.offset=1410&articleLimit=10&noCat=500,2024.11.04,학사
124921,[모집] 2024 TEDx HONGIK U 컨퍼런스 청중 모집,https://www.hongik.ac.kr/kr/newscenter/notice.do?mode=view&articleNo=124921&article.offset=1410&articleLimit=10&noCat=514,2024.11.04,학생활동
124914,2024-2 졸업앨범 사진 추가 촬영 안내(서울캠퍼스)_촬영장소 변경,https://www.hongik.ac.kr/kr/newscenter/notice.do?mode=view&articleNo=124914&article.offset=1410&articleLimit=10&noCat=514,2024.11.04,학생활동
124903,[장학] 2024-2학기 교내 신용카드수수료장학금 신청 안내,https://www.hongik.ac.kr/kr/newscenter/notice.do?mode=view&articleNo=124903&article.offset=1410&articleLimit=10&noCat=501,2024.11.04,장학
121374,[서울지방보훈청]  장기복무 제대군인(자녀) 교육지원 제도 안내,https://www.hongik.ac.kr/kr/newscenter/notice.do?mode=view&articleNo=121374&article.offset=1410&articleLimit=10&noCat=501,2024.10.31,장학
121372,[통영시] 2024년도 통영시 저소득 대학생 장학금 지원대상자 선발 공고 안내,https://www.hongik.ac.kr/kr/newscenter/notice.do?mode=view&articleNo=121372&article.offset=1410&articleLimit=10&noCat=501,2024.10.31,장학
121359,[대학혁신지원사업] 2024 동계 독일 전공연계 해외파견 프로그램(오프라인) 참가 학생 모집(~11.4.),https://www.hongik.ac.kr/kr/newscenter/notice.do?mode=view&articleNo=121359&article.offset=1410&articleLimit=10&noCat=513,2024.10.30,대학교육혁신사업단
121345,[세종캠퍼스] 2024학년도 전기(2025년 2월) 졸업예정자 전공명 선택 안내,https://www.hongik.ac.kr/kr/newscenter/notice.do?mode=view&articleNo=121345&article.offset=1410&articleLimit=10&noCat=500,2024.10.30,학사
121318,2024학년도 동계계절학기 학점교류 신청 안내 (숙명여자대학교),https://www.hongik.ac.kr/kr/newscenter/notice.do?mode=view&articleNo=121318&article.offset=1410&articleLimit=10&noCat=500,2024.10.29,학사
121303,[서울캠퍼스] 2024학년도 전기(2025년 2월) 졸업예정자 전공명 선택 안내,https://www.hongik.ac.kr/kr/newscenter/notice.do/kr/education/notice-undergrad.do?mode=view&articleNo=121303&noCat=23,2024.10.29,학사
121300,학사학위취득유예 신청 일정 안내(2025년 2월 졸업대상자),https://www.hongik.ac.kr/kr/newscenter/notice.do/kr/education/notice-undergrad.do?mode=view&articleNo=121300&noCat=23,2024.10.29,학사
121261,[전기공사공제조합장학회] 2025년도 제20기 장학생 선발 공고 안내,https://www.hongik.ac.kr/kr/newscenter/notice.do?mode=view&articleNo=121261&article.offset=1420&articleLimit=10&noCat=501,2024.10.28,장학
121244,2024대학공개강의서비스(KOCW) 학술연구정보서비스(RISS) 활용실태조사,https://www.hongik.ac.kr/kr/newscenter/notice.do?mode=view&articleNo=121244&article.offset=1420&articleLimit=10&noCat=29,2024.10.28,일반
121211,제49회 홍대 학‧예술상 당선작 공고,https://www.hongik.ac.kr/kr/newscenter/notice.do?mode=view&articleNo=121211&article.offset=1420&articleLimit=10&noCat=500,2024.10.25,학사
121188,[장애학생지원센터] 장애인식개선교육 배리어프리 특강(11/8금 14시),https://www.hongik.ac.kr/kr/newscenter/notice.do?mode=view&articleNo=121188&article.offset=1420&articleLimit=10&noCat=29,2024.10.25,일반
121141,컴퓨터공학과 국제학술대회 2024 ICTC Best AI Paper 수상,https://www.hongik.ac.kr/kr/newscenter/notice.do?mode=view&articleNo=121141&article.offset=1420&articleLimit=10&noCat=29,2024.10.23,일반
121132,2024학년도 동계계절학기 학점교류 신청 안내 (숭실대학교),https://www.hongik.ac.kr/kr/newscenter/notice.do?mode=view&articleNo=121132&article.offset=1420&articleLimit=10&noCat=500,2024.10.23,학사
121131,2024학년도 동계계절학기 학점교류 신청 안내 (세종대학교),https://www.hongik.ac.kr/kr/newscenter/notice.do?mode=view&articleNo=121131&article.offset=1430&articleLimit=10&noCat=500,2024.10.23,학사
121130,2024학년도 동계계절학기 학점교류 신청 안내 (서울시립대학교),https://www.hongik.ac.kr/kr/newscenter/notice.do?mode=view&articleNo=121130&article.offset=1430&articleLimit=10&noCat=500,2024.10.23,학사
121129,2024학년도 동계계절학기 학점교류 신청 안내 (동덕여자대학교),https://www.hongik.ac.kr/kr/newscenter/notice.do?mode=view&articleNo=121129&article.offset=1430&articleLimit=10&noCat=500,2024.10.23,학사
121128,2024학년도 동계계절학기 학점교류 신청 안내 (동국대학교),https://www.hongik.ac.kr/kr/newscenter/notice.do?mode=view&articleNo=121128&article.offset=1430&articleLimit=10&noCat=500,2024.10.23,학사
121105,[시험감독모집] ★ 11/4 전자전기공학부 시험감독모집 ★,https://www.hongik.ac.kr/kr/newscenter/notice.do?mode=view&articleNo=121105&article.offset=1430&articleLimit=10&noCat=29,2024.10.22,일반
121060,2024년 하반기 익산시 대학(원)생 학자금 대출이자 지원 신청,https://www.hongik.ac.kr/kr/newscenter/notice.do?mode=view&articleNo=121060&article.offset=1430&articleLimit=10&noCat=501,2024.10.21,장학
121009,[급구!!] [전자전기공학부 학부사무실] *중간고사 시험감독보조요원 모집*합니다.,https://www.hongik.ac.kr/kr/newscenter/notice.do?mode=view&articleNo=121009&article.offset=1430&articleLimit=10&noCat=29,2024.10.18,일반
121008,[중앙도서관] 도서관 우수 이용자 안내,https://www.hongik.ac.kr/kr/newscenter/notice.do?mode=view&articleNo=121008&article.offset=1430&articleLimit=10&noCat=29,2024.10.18,일반
120999,[모집](기간연장)바이오헬스 프런티어 육성 프로젝트 : 바이오 메디컬 아티스트,https://www.hongik.ac.kr/kr/newscenter/notice.do?mode=view&articleNo=120999&article.offset=1430&articleLimit=10&noCat=29,2024.10.18,일반
120961,2024학년도 동계계절학기 학점교류 신청 안내 (한국항공대학교),https://www.hongik.ac.kr/kr/newscenter/notice.do?mode=view&articleNo=120961&article.offset=1440&articleLimit=10&noCat=500,2024.10.17,학사
120960,[모집] 컴퓨터공학과 10/22 화요일 시험감독 보조요원 구인(대학원 휴학생 가능),https://www.hongik.ac.kr/kr/newscenter/notice.do?mode=view&articleNo=120960&article.offset=1440&articleLimit=10&noCat=29,2024.10.17,일반
120950,[모집] ★전자전기공학부 중간고사 시험감독 모집★,https://www.hongik.ac.kr/kr/newscenter/notice.do?mode=view&articleNo=120950&article.offset=1440&articleLimit=10&noCat=29,2024.10.17,일반
120860,2024학년도 동계계절학기 학점교류 신청 안내 (서울대학교),https://www.hongik.ac.kr/kr/newscenter/notice.do?mode=view&articleNo=120860&article.offset=1440&articleLimit=10&noCat=500,2024.10.15,학사
120799,[한국사진작가협회] 2024년 한국사진작가협회 장학생 선발 공고 안내,https://www.hongik.ac.kr/kr/newscenter/notice.do?mode=view&articleNo=120799&article.offset=1440&articleLimit=10&noCat=501,2024.10.14,장학
120797,2024학년도 2학기 학생증 발급 신청 안내,https://www.hongik.ac.kr/kr/newscenter/notice.do/kr/education/notice-grad.do?mode=view&articleNo=120797&noCat=383,2024.10.14,기타
120059,[공모]  2024 강남구 인스타툰 공모전,https://www.hongik.ac.kr/kr/newscenter/notice.do?mode=view&articleNo=120059&article.offset=1440&articleLimit=10&noCat=29,2024.10.11,일반
119914,[홍보] 서울기록원 성인 대상 강연프로그램 「기록을 바라보는 여섯 개의 시선」,https://www.hongik.ac.kr/kr/newscenter/notice.do?mode=view&articleNo=119914&article.offset=1440&articleLimit=10&noCat=29,2024.10.11,일반
119904,[안산인재육성재단] 2024년 2학기 안산시 대학생 본인부담 등록금 반값지원 공고 안내,https://www.hongik.ac.kr/kr/newscenter/notice.do?mode=view&articleNo=119904&article.offset=1440&articleLimit=10&noCat=501,2024.10.11,장학
119890,[신안군장학재단] 2024년 하반기 장학생 선발 공고 안내,https://www.hongik.ac.kr/kr/newscenter/notice.do?mode=view&articleNo=119890&article.offset=1450&articleLimit=10&noCat=501,2024.10.10,장학
119875,2025학년도 제1학기 재입학 신청 안내,https://www.hongik.ac.kr/kr/newscenter/notice.do?mode=view&articleNo=119875&article.offset=1450&articleLimit=10&noCat=500,2024.10.10,학사
119873,[오산교육재단] 2024년 귀뚜라미 장학생 선발 공고 안내,https://www.hongik.ac.kr/kr/newscenter/notice.do?mode=view&articleNo=119873&article.offset=1450&articleLimit=10&noCat=501,2024.10.10,장학
119872,[아산사회복지재단] 2025년 북한이탈청소년장학생 선발 공고 안내,https://www.hongik.ac.kr/kr/newscenter/notice.do?mode=view&articleNo=119872&article.offset=1450&articleLimit=10&noCat=501,2024.10.10,장학
119825,2024-2 졸업앨범 사진 촬영 안내(서울캠퍼스),https://www.hongik.ac.kr/kr/newscenter/notice.do?mode=view&articleNo=119825&article.offset=1450&articleLimit=10&noCat=514,2024.10.08,학생활동
119695,대학원 교학팀 내국인 입시 봉사학생 모집(~10.9),https://www.hongik.ac.kr/kr/newscenter/notice.do/kr/education/notice-grad.do?mode=view&articleNo=119695&noCat=381,2024.10.04,입시
119678,[중앙도서관] 미술/예술 콘텐츠 박람회(1등 갤럭시 버즈),https://www.hongik.ac.kr/kr/newscenter/notice.do?mode=view&articleNo=119678&article.offset=1450&articleLimit=10&noCat=29,2024.10.04,일반
119676,(홍보) 일상생활에서 개인정보 지키는 꿀팁,https://www.hongik.ac.kr/kr/newscenter/notice.do?mode=view&articleNo=119676&article.offset=1450&articleLimit=10&noCat=34,2024.10.04,보안
119673,[STX장학재단]  2025년 장학생 선발공고 안내,https://www.hongik.ac.kr/kr/newscenter/notice.do?mode=view&articleNo=119673&article.offset=1450&articleLimit=10&noCat=501,2024.10.04,장학
119643,2024-2학기 미래인재센터 제1관 학생 선발계획 공고,https://www.hongik.ac.kr/kr/newscenter/notice.do?mode=view&articleNo=119643&article.offset=1460&articleLimit=10&noCat=514,2024.10.04,학생활동
119576,[대산농촌재단] 2025년도 대산농촌재단 장학생 선발 공고 안내,https://www.hongik.ac.kr/kr/newscenter/notice.do?mode=view&articleNo=119576&article.offset=1460&articleLimit=10&noCat=501,2024.10.02,장학
119542,[모집] 바이오헬스 프런티어 육성 프로젝트 : 바이오 메디컬 아티스트,https://www.hongik.ac.kr/kr/newscenter/notice.do?mode=view&articleNo=119542&article.offset=1460&articleLimit=10&noCat=29,2024.10.02,일반
119444,2024학년도 2학기 사이버강좌 중간고사 시험감독 보조요원 모집,https://www.hongik.ac.kr/kr/newscenter/notice.do?mode=view&articleNo=119444&article.offset=1460&articleLimit=10&noCat=29,2024.09.30,일반
119442,[울산연구원] 2024년 하반기 장학생 선발계획 공고 안내,https://www.hongik.ac.kr/kr/newscenter/notice.do?mode=view&articleNo=119442&article.offset=1460&articleLimit=10&noCat=501,2024.09.30,장학
119394,2024학년도 2학기 강의중간평가 시행 안내,https://www.hongik.ac.kr/kr/newscenter/notice.do?mode=view&articleNo=119394&article.offset=1460&articleLimit=10&noCat=500,2024.09.30,학사
119348,2025학년도 전기 대학원 신입생 모집,https://www.hongik.ac.kr/kr/newscenter/notice.do/kr/education/notice-grad.do?mode=view&articleNo=119348&noCat=381,2024.09.27,입시
118893,홍익대학교 기획처 온라인커뮤니케이션실 - 세종캠퍼스 일반기자 근로 학생 모집 공고,https://www.hongik.ac.kr/kr/newscenter/notice.do?mode=view&articleNo=118893&article.offset=1460&articleLimit=10&noCat=501,2024.09.25,장학
118761,2024-2학기 학기초과자 등록 / 등록금 미납자 최종 등록 (9.30~10.4),https://www.hongik.ac.kr/kr/newscenter/notice.do/kr/education/notice-grad.do?mode=view&articleNo=118761&noCat=380,2024.09.25,학적
118698,[논산시장학회] 2024년도 하반기 장학생 선발 공고 안내,https://www.hongik.ac.kr/kr/newscenter/notice.do?mode=view&articleNo=118698&article.offset=1460&articleLimit=10&noCat=501,2024.09.24,장학
118678,개인정보 홍보 포스터 - 개인정보 안전 관리법,https://www.hongik.ac.kr/kr/newscenter/notice.do?mode=view&articleNo=118678&article.offset=1470&articleLimit=10&noCat=34,2024.09.23,보안
118674,[세종캠퍼스] 2024학년도 2학기 학부 사이버강좌 중간고사 시험감독 보조요원 모집공고,https://www.hongik.ac.kr/kr/newscenter/notice.do/kr/education/notice-undergrad.do?mode=view&articleNo=118674&noCat=24,2024.09.23,장학
117598,2024학년도 2학기 사이버강좌 중간고사 시행 안내,https://www.hongik.ac.kr/kr/newscenter/notice.do?mode=view&articleNo=117598&article.offset=1470&articleLimit=10&noCat=500,2024.09.23,학사
117537,[세종인재평생교육진흥원] 2024년도 하반기 장학생 선발계획 공고 안내,https://www.hongik.ac.kr/kr/newscenter/notice.do?mode=view&articleNo=117537&article.offset=1470&articleLimit=10&noCat=501,2024.09.20,장학
117504,2024학년도 2학기 ‘방과후학교’ 사회봉사장학생 사회봉사 신청 안내(서울캠퍼스),https://www.hongik.ac.kr/kr/newscenter/notice.do?mode=view&articleNo=117504&article.offset=1470&articleLimit=10&noCat=514,2024.09.19,학생활동
117484,제32기 미래에셋 해외교환 장학생 선발요강 안내,https://www.hongik.ac.kr/kr/newscenter/notice.do?mode=view&articleNo=117484&article.offset=1470&articleLimit=10&noCat=501,2024.09.19,장학
117403,"[대학혁신지원사업] 2024학년도 2학기 중국어 튜터링 프로그램 신청(연장, ~9.30)",https://www.hongik.ac.kr/kr/newscenter/notice.do?mode=view&articleNo=117403&article.offset=1470&articleLimit=10&noCat=513,2024.09.13,대학교육혁신사업단
117377,[익산사랑장학재단] 2024년도 2학기 다다익산 장학생 선발 공고 안내,https://www.hongik.ac.kr/kr/newscenter/notice.do?mode=view&articleNo=117377&article.offset=1470&articleLimit=10&noCat=501,2024.09.13,장학
117227,[중앙도서관] 홍대생은 무슨 책 읽어요?,https://www.hongik.ac.kr/kr/newscenter/notice.do?mode=view&articleNo=117227&article.offset=1480&articleLimit=10&noCat=29,2024.09.11,일반
117132,[대학혁신지원사업] 「2025 겨울 유엔협회세계연맹(WFUNA) 유엔본부 한국 대학생 대표단」 프로그램 참여 학생 모집(기간 연장),https://www.hongik.ac.kr/kr/newscenter/notice.do?mode=view&articleNo=117132&article.offset=1480&articleLimit=10&noCat=513,2024.09.10,대학교육혁신사업단
117127,"[중앙도서관, 문정도서관] 교보 시스템 점검에 따른 서비스 일시 중단 안내(9/17)",https://www.hongik.ac.kr/kr/newscenter/notice.do?mode=view&articleNo=117127&article.offset=1480&articleLimit=10&noCat=29,2024.09.10,일반
117110,[인천인재평생교육진흥원 ] 2024년도 하반기 장학생 선발 공고 안내,https://www.hongik.ac.kr/kr/newscenter/notice.do?mode=view&articleNo=117110&article.offset=1480&articleLimit=10&noCat=501,2024.09.10,장학
117108,[광주광역시 서구 장학재단] 2024년도 장학생 선발 공고 안내,https://www.hongik.ac.kr/kr/newscenter/notice.do?mode=view&articleNo=117108&article.offset=1480&articleLimit=10&noCat=501,2024.09.10,장학
117084,[은평구민장학재단] 2024. 하반기 은평구민 장학생 선발 공고,https://www.hongik.ac.kr/kr/newscenter/notice.do?mode=view&articleNo=117084&article.offset=1480&articleLimit=10&noCat=501,2024.09.10,장학
117008,[고속도로장학재단] 2024년 고속도로 장학생 선발 공고 안내,https://www.hongik.ac.kr/kr/newscenter/notice.do?mode=view&articleNo=117008&article.offset=1480&articleLimit=10&noCat=501,2024.09.09,장학
116997,2024학년도 2학기 외국인 유학생 도우미 프로그램 시행,https://www.hongik.ac.kr/kr/newscenter/notice.do/kr/education/notice-grad.do?mode=view&articleNo=116997&noCat=383,2024.09.09,기타
116990,2025학년도 입학관리본부 입학사정관실 근로학생 추가모집(~9/11 13:00),https://www.hongik.ac.kr/kr/newscenter/notice.do/kr/education/notice-undergrad.do?mode=view&articleNo=116990&noCat=24,2024.09.09,장학
116966,[달서인재육성장학재단] 2024년도 하반기 장학생 선발계획 공고 안내,https://www.hongik.ac.kr/kr/newscenter/notice.do?mode=view&articleNo=116966&article.offset=1480&articleLimit=10&noCat=501,2024.09.09,장학
116964,[춘천시민장학재단] 2024년도 하반기 봄내장학생 선발공고 안내,https://www.hongik.ac.kr/kr/newscenter/notice.do?mode=view&articleNo=116964&article.offset=1490&articleLimit=10&noCat=501,2024.09.09,장학
116837,2024학년도 2학기 재학생 추가등록 및 분납 등록금 납부 안내 (9.12~9.19),https://www.hongik.ac.kr/kr/newscenter/notice.do/kr/education/notice-grad.do?mode=view&articleNo=116837&noCat=380,2024.09.06,학적
116736,"[대전청년내일재단] 2024년 하반기 인재육성(거주비지원, 청년희망) 장학생 선발 공고 안내",https://www.hongik.ac.kr/kr/newscenter/notice.do?mode=view&articleNo=116736&article.offset=1490&articleLimit=10&noCat=501,2024.09.05,장학
116733,2024학년도 2학기 재수강 선삭제 기간 재안내 (기간변경 2024.9.11.~20),https://www.hongik.ac.kr/kr/newscenter/notice.do?mode=view&articleNo=116733&article.offset=1490&articleLimit=10&noCat=500,2024.09.05,학사
116732,2024학년도 2학기 학점포기 신청 재안내 (기간변경 2024.9.11.~20),https://www.hongik.ac.kr/kr/newscenter/notice.do?mode=view&articleNo=116732&article.offset=1490&articleLimit=10&noCat=500,2024.09.05,학사
116697,25년 2월 졸업예정자 TOPIK 제출 안내,https://www.hongik.ac.kr/kr/newscenter/notice.do/kr/education/notice-grad.do?mode=view&articleNo=116697&noCat=382,2024.09.04,외국인입시
116689,[경주시장학회] 장학생(대학생) 선발 공고 안내,https://www.hongik.ac.kr/kr/newscenter/notice.do?mode=view&articleNo=116689&article.offset=1490&articleLimit=10&noCat=501,2024.09.04,장학
116681,2024학년도 2학기 코로나 대응수칙 안내,https://www.hongik.ac.kr/kr/newscenter/notice.do?mode=view&articleNo=116681&article.offset=1490&articleLimit=10&noCat=29,2024.09.04,일반
115563,[서울지방병무청] 각 군 현역병 모집일정(2024년 9월) 안내,https://www.hongik.ac.kr/kr/newscenter/notice.do?mode=view&articleNo=115563&article.offset=1490&articleLimit=10&noCat=500,2024.09.03,학사
115546,[대학혁신지원사업] 대학교육혁신사업단 글로벌분과(6분과) 보조인력 모집공고,https://www.hongik.ac.kr/kr/newscenter/notice.do?mode=view&articleNo=115546&article.offset=1500&articleLimit=10&noCat=513,2024.09.03,대학교육혁신사업단
115524,입학관리본부 입학관리팀 근로학생 모집(마감),https://www.hongik.ac.kr/kr/newscenter/notice.do?mode=view&articleNo=115524&article.offset=1500&articleLimit=10&noCat=29,2024.09.03,일반
115470,2024학년도 2학기 사이버강좌 운영보조장학생 모집,https://www.hongik.ac.kr/kr/newscenter/notice.do?mode=view&articleNo=115470&article.offset=1500&articleLimit=10&noCat=29,2024.09.02,일반
115432,2024학년도 2학기 휴학·휴학연장 추가(최종) 신청 안내(9.12.(목)~9.19.(목)),https://www.hongik.ac.kr/kr/newscenter/notice.do/kr/education/notice-grad.do?mode=view&articleNo=115432&noCat=380,2024.09.02,학적
115405,[포항시장학회] 2024년도 대학교 장학생 선발계획 안내,https://www.hongik.ac.kr/kr/newscenter/notice.do?mode=view&articleNo=115405&article.offset=1500&articleLimit=10&noCat=501,2024.09.02,장학
115368,"[중앙도서관] 교보문고 전자책(일반, 구독형) 로그인 방식 변경 안내",https://www.hongik.ac.kr/kr/newscenter/notice.do?mode=view&articleNo=115368&article.offset=1500&articleLimit=10&noCat=29,2024.08.30,일반
115355,2024학년도 2학기 사이버강좌 시험장소 선택 안내,https://www.hongik.ac.kr/kr/newscenter/notice.do?mode=view&articleNo=115355&article.offset=1500&articleLimit=10&noCat=500,2024.08.30,학사
115347,2024학년도 2학기 사이버강좌 출석 및 수강방법 안내,https://www.hongik.ac.kr/kr/newscenter/notice.do?mode=view&articleNo=115347&article.offset=1500&articleLimit=10&noCat=500,2024.08.30,학사
115320,2024학년도 제2학기 추가 휴학 및 휴학 연장 신청 안내 (최종),https://www.hongik.ac.kr/kr/newscenter/notice.do?mode=view&articleNo=115320&article.offset=1500&articleLimit=10&noCat=500,2024.08.30,학사
115318,2024학년도 2학기 등록금 분할납부 추가신청안내 (학부)(최종),https://www.hongik.ac.kr/kr/newscenter/notice.do?mode=view&articleNo=115318&article.offset=1510&articleLimit=10&noCat=500,2024.08.30,학사
115313,2024년 2학기 정보전산원 공용PC실 개방 안내,https://www.hongik.ac.kr/kr/newscenter/notice.do?mode=view&articleNo=115313&article.offset=1510&articleLimit=10&noCat=29,2024.08.30,일반
115301,[마포인재육성장학재단] 2024년도 하반기 장학생 선발계획 공고 안내,https://www.hongik.ac.kr/kr/newscenter/notice.do?mode=view&articleNo=115301&article.offset=1510&articleLimit=10&noCat=501,2024.08.29,장학
115249,2024학년도 2학기 학점포기 신청안내,https://www.hongik.ac.kr/kr/newscenter/notice.do?mode=view&articleNo=115249&article.offset=1510&articleLimit=10&noCat=500,2024.08.28,학사
115248,2024학년도 2학기 재수강 선삭제 기간 안내,https://www.hongik.ac.kr/kr/newscenter/notice.do?mode=view&articleNo=115248&article.offset=1510&articleLimit=10&noCat=500,2024.08.28,학사
115246,2024학년도 2학기 학점교류 신청 안내(계명대학교),https://www.hongik.ac.kr/kr/newscenter/notice.do?mode=view&articleNo=115246&article.offset=1510&articleLimit=10&noCat=500,2024.08.28,학사
115215,2024학년도 2학기 학점교류 신청 안내(강서대학교),https://www.hongik.ac.kr/kr/newscenter/notice.do?mode=view&articleNo=115215&article.offset=1510&articleLimit=10&noCat=500,2024.08.28,학사
114932,[모집] 홍익대학교 교육방송국 HIBS에서 55기 보도부 수습국원을 모집합니다.,https://www.hongik.ac.kr/kr/newscenter/notice.do?mode=view&articleNo=114932&article.offset=1510&articleLimit=10&noCat=514,2024.08.27,학생활동
114916,[법과대학]홍익미래인재양성사업 일환 로스쿨 입학대비 자기소개서 첨삭 지도,https://www.hongik.ac.kr/kr/newscenter/notice.do?mode=view&articleNo=114916&article.offset=1510&articleLimit=10&noCat=514,2024.08.27,학생활동
114911,[대학혁신지원사업]2024학년도 Design Thinking 워크숍 참가자 모집(추가모집),https://www.hongik.ac.kr/kr/newscenter/notice.do?mode=view&articleNo=114911&article.offset=1520&articleLimit=10&noCat=513,2024.08.27,대학교육혁신사업단
114875,"[국제언어교육원 외국어교육부] 토익 관련(토익, 토스,토플) 대면 및 비대면 강좌 안내",https://www.hongik.ac.kr/kr/newscenter/notice.do?mode=view&articleNo=114875&article.offset=1520&articleLimit=10&noCat=508,2024.08.26,기타
114872,"[국제언어교육원 외국어교육부] 토익 관련(토익, 토스,토플) 대면 및 비대면 강좌 안내",https://www.hongik.ac.kr/kr/newscenter/notice.do?mode=view&articleNo=114872&article.offset=1520&articleLimit=10&noCat=514,2024.08.26,학생활동
114870,2025학년도 입학관리본부 입학사정관실 봉사장학생 추가모집(~8/30 14시까지),https://www.hongik.ac.kr/kr/newscenter/notice.do?mode=view&articleNo=114870&article.offset=1520&articleLimit=10&noCat=501,2024.08.26,장학
114321,[대학혁신지원사업] 2024학년도 2학기 중국어 튜터링 프로그램 신청,https://www.hongik.ac.kr/kr/newscenter/notice.do?mode=view&articleNo=114321&article.offset=1520&articleLimit=10&noCat=513,2024.08.26,대학교육혁신사업단
114317,2024 홍익대 반도체 부트캠프 수혜학생 모집 및 사업 설명회 안내,https://www.hongik.ac.kr/kr/newscenter/notice.do?mode=view&articleNo=114317&article.offset=1520&articleLimit=10&noCat=514,2024.08.26,학생활동
113109,[광산장학회] 2024년도 장학생 선발공고 안내,https://www.hongik.ac.kr/kr/newscenter/notice.do?mode=view&articleNo=113109&article.offset=1520&articleLimit=10&noCat=501,2024.08.20,장학
112208,"2024학년도 2학기 교양학점 초과자 및 학기초과자 수강신청, 등록 안내(학부)",https://www.hongik.ac.kr/kr/newscenter/notice.do?mode=view&articleNo=112208&article.offset=1520&articleLimit=10&noCat=500,2024.08.20,학사
112201,2024 홍익대 반도체 부트캠프 수혜학생 선발 안내,https://www.hongik.ac.kr/kr/newscenter/notice.do?mode=view&articleNo=112201&article.offset=1520&articleLimit=10&noCat=513,2024.08.20,대학교육혁신사업단
112188,2024학년도 2학기 학점교류 신청 안내(공주대학교),https://www.hongik.ac.kr/kr/newscenter/notice.do?mode=view&articleNo=112188&article.offset=1520&articleLimit=10&noCat=500,2024.08.20,학사
112173,[재공고] 서울캠퍼스 공과대학 공학교육혁신센터 조교 채용,https://www.hongik.ac.kr/kr/newscenter/notice.do?mode=view&articleNo=112173&article.offset=1530&articleLimit=10&noCat=35,2024.08.19,채용/모집
112171,★☆홍대신문사에서 디자인기자를 모집합니다☆★,https://www.hongik.ac.kr/kr/newscenter/notice.do?mode=view&articleNo=112171&article.offset=1530&articleLimit=10&noCat=514,2024.08.19,학생활동
112114,홍익대학교 기획처 온라인커뮤니케이션실 - 일반기자 근로 학생 모집 공고,https://www.hongik.ac.kr/kr/newscenter/notice.do?mode=view&articleNo=112114&article.offset=1530&articleLimit=10&noCat=501,2024.08.16,장학
112113,홍익대학교 기획처 온라인커뮤니케이션실 - 사진기자 근로 학생 모집 공고,https://www.hongik.ac.kr/kr/newscenter/notice.do?mode=view&articleNo=112113&article.offset=1530&articleLimit=10&noCat=501,2024.08.16,장학
112110,[서울] 2024학년도 2학기 사회봉사교과목 수강신청 안내 (~8.27.(화) 16:00까지),https://www.hongik.ac.kr/kr/newscenter/notice.do?mode=view&articleNo=112110&article.offset=1530&articleLimit=10&noCat=500,2024.08.16,학사
112104,2024학년도 2학기 교류학생 학번조회,https://www.hongik.ac.kr/kr/newscenter/notice.do?mode=view&articleNo=112104&article.offset=1530&articleLimit=10&noCat=500,2024.08.16,학사
112100,[통영시지속가능발전교육재단] 2024년 2학기 통영시 대학생 등록금 전액 지원사업,https://www.hongik.ac.kr/kr/newscenter/notice.do?mode=view&articleNo=112100&article.offset=1530&articleLimit=10&noCat=501,2024.08.16,장학
112063,2024학년도 후기 신입생 오리엔테이션 안내 책자 및 수강신청 안내문,https://www.hongik.ac.kr/kr/newscenter/notice.do/kr/education/notice-grad.do?mode=view&articleNo=112063&noCat=381,2024.08.14,입시
112058,세종캠퍼스 교내 자동판매기(자판기) 위탁운영업체 선정 입찰공고,https://www.hongik.ac.kr/kr/newscenter/notice.do?mode=view&articleNo=112058&article.offset=1530&articleLimit=10&noCat=36,2024.08.14,입찰
111957,홍익대학교 제21대 총장 후보 대상자 추천 공고,https://www.hongik.ac.kr/kr/newscenter/notice.do?mode=view&articleNo=111957&article.offset=1540&articleLimit=10&noCat=29,2024.08.12,일반
111028,2024학년도 2학기 학점교류 신청 안내(광운대학교),https://www.hongik.ac.kr/kr/newscenter/notice.do?mode=view&articleNo=111028&article.offset=1540&articleLimit=10&noCat=500,2024.08.09,학사
111022,2025학년도 입학관리본부 입학사정관실 봉사장학생 모집(~8/14(수) 13:00까지),https://www.hongik.ac.kr/kr/newscenter/notice.do?mode=view&articleNo=111022&article.offset=1540&articleLimit=10&noCat=514,2024.08.09,학생활동
110956,2024학년도 2학기 학점교류 신청 안내(서경대학교),https://www.hongik.ac.kr/kr/newscenter/notice.do?mode=view&articleNo=110956&article.offset=1540&articleLimit=10&noCat=500,2024.08.08,학사
110910,2024년 8월 졸업대상자 졸업사정결과 조회 안내(학부),https://www.hongik.ac.kr/kr/newscenter/notice.do?mode=view&articleNo=110910&article.offset=1540&articleLimit=10&noCat=500,2024.08.07,학사
110905,[살레시안 미래위원회] 2024년 제7기 장학생 선정계획 공고 안내 -살레시오고등학교 졸업생 해당,https://www.hongik.ac.kr/kr/newscenter/notice.do?mode=view&articleNo=110905&article.offset=1540&articleLimit=10&noCat=501,2024.08.07,장학
110902,[세종] 2024학년도 2학기 사회봉사 신청 안내,https://www.hongik.ac.kr/kr/newscenter/notice.do?mode=view&articleNo=110902&article.offset=1540&articleLimit=10&noCat=514,2024.08.07,학생활동
110893,[해석장학문화재단] 2024년 장학생 선발 공고 안내,https://www.hongik.ac.kr/kr/newscenter/notice.do?mode=view&articleNo=110893&article.offset=1540&articleLimit=10&noCat=501,2024.08.06,장학
110862,[강서구장학회] 2024년 하반기 장학생 선발계획 공고 안내,https://www.hongik.ac.kr/kr/newscenter/notice.do?mode=view&articleNo=110862&article.offset=1540&articleLimit=10&noCat=501,2024.08.05,장학
110852,2024학년도 2학기 등록금 분할납부 신청 안내 (학부),https://www.hongik.ac.kr/kr/newscenter/notice.do?mode=view&articleNo=110852&article.offset=1550&articleLimit=10&noCat=500,2024.08.05,학사
110847,"연구력강화특강 ""쉽게 쓰는 논문 & 대학원생 내공 전수 특강"" 안내(8/12~14)",https://www.hongik.ac.kr/kr/newscenter/notice.do/kr/education/notice-grad.do?mode=view&articleNo=110847&noCat=377,2024.08.05,졸업
110815,2024학년도 제2학기 추가 복학(최종) 및 휴학 신청 안내,https://www.hongik.ac.kr/kr/newscenter/notice.do?mode=view&articleNo=110815&article.offset=1550&articleLimit=10&noCat=500,2024.08.02,학사
110814,[손태희장학재단] 2024년 장학생 선발 공고 안내,https://www.hongik.ac.kr/kr/newscenter/notice.do?mode=view&articleNo=110814&article.offset=1550&articleLimit=10&noCat=501,2024.08.02,장학
110789,[숭덕육영회] 2024학년도 2학기 장학생 선발 공고 안내,https://www.hongik.ac.kr/kr/newscenter/notice.do?mode=view&articleNo=110789&article.offset=1550&articleLimit=10&noCat=501,2024.08.01,장학
110786,2024학년도 2학기 학점교류 신청 안내(추계예술대학교),https://www.hongik.ac.kr/kr/newscenter/notice.do?mode=view&articleNo=110786&article.offset=1550&articleLimit=10&noCat=500,2024.08.01,학사
110785,﻿2024학년도 2학기 학점교류 신청 안내(한성대학교),https://www.hongik.ac.kr/kr/newscenter/notice.do?mode=view&articleNo=110785&article.offset=1550&articleLimit=10&noCat=500,2024.08.01,학사
110670,[서울장학재단] 2024년 서울희망대학진로 장학금 선발공고 안내,https://www.hongik.ac.kr/kr/newscenter/notice.do?mode=view&articleNo=110670&article.offset=1550&articleLimit=10&noCat=501,2024.07.26,장학
110669,2024학년도 2학기 학점교류 신청 안내(명지대학교),https://www.hongik.ac.kr/kr/newscenter/notice.do?mode=view&articleNo=110669&article.offset=1550&articleLimit=10&noCat=500,2024.07.26,학사
110652,2023학년도 후기 학위수여식(제74회) 안내 (학부),https://www.hongik.ac.kr/kr/newscenter/notice.do?mode=view&articleNo=110652&article.offset=1560&articleLimit=10&noCat=500,2024.07.26,학사
110648,[서울지방병무청] 각 군 현역병 모집일정(2024년 8월) 안내,https://www.hongik.ac.kr/kr/newscenter/notice.do?mode=view&articleNo=110648&article.offset=1560&articleLimit=10&noCat=500,2024.07.26,학사
110644,2024학년도 2학기 학점교류 신청 안내(한국항공대학교),https://www.hongik.ac.kr/kr/newscenter/notice.do?mode=view&articleNo=110644&article.offset=1560&articleLimit=10&noCat=500,2024.07.26,학사
110641,2024학년도 2학기 학점교류 신청 안내(동덕여자대학교),https://www.hongik.ac.kr/kr/newscenter/notice.do?mode=view&articleNo=110641&article.offset=1560&articleLimit=10&noCat=500,2024.07.26,학사
110633,"[중앙도서관] 2024-2차 연구력 강화 특강 ""쉽게 쓰는 논문 & 대학원생 내공 전수 특강""",https://www.hongik.ac.kr/kr/newscenter/notice.do?mode=view&articleNo=110633&article.offset=1560&articleLimit=10&noCat=29,2024.07.25,일반
105279,[제24–13호] Microsoft CA 임대(2024.11.01.~2025.10.31.) 업체 선정,https://www.hongik.ac.kr/kr/newscenter/notice.do?mode=view&articleNo=105279&article.offset=1560&articleLimit=10&noCat=36,2024.07.24,입찰
105201,세종캠퍼스 불용품 처리업체 입찰 선정공고,https://www.hongik.ac.kr/kr/newscenter/notice.do?mode=view&articleNo=105201&article.offset=1560&articleLimit=10&noCat=36,2024.07.22,입찰
105155,2024학년도 2학기 학점교류 신청 안내(숙명여자대학교),https://www.hongik.ac.kr/kr/newscenter/notice.do?mode=view&articleNo=105155&article.offset=1560&articleLimit=10&noCat=500,2024.07.19,학사
105154,2024학년도 2학기 학점교류 신청 안내(건국대학교),https://www.hongik.ac.kr/kr/newscenter/notice.do?mode=view&articleNo=105154&article.offset=1560&articleLimit=10&noCat=500,2024.07.19,학사
104807,[대학혁신지원사업] 2024학년도  자율주행 해커톤캠프 보조인력 모집 안내,https://www.hongik.ac.kr/kr/newscenter/notice.do?mode=view&articleNo=104807&article.offset=1560&articleLimit=10&noCat=513,2024.07.18,대학교육혁신사업단
104806,[대학혁신지원사업] 2024학년도  자율주행 해커톤캠프 참여자 모집 안내,https://www.hongik.ac.kr/kr/newscenter/notice.do?mode=view&articleNo=104806&article.offset=1570&articleLimit=10&noCat=513,2024.07.18,대학교육혁신사업단
104588,국외 대학 학점교류 안내,https://www.hongik.ac.kr/kr/newscenter/notice.do/kr/education/notice-grad.do?mode=view&articleNo=104588&noCat=378,2024.07.18,수업
104096,2024학년도 2학기 학점교류 신청 안내(성신여자대학교),https://www.hongik.ac.kr/kr/newscenter/notice.do?mode=view&articleNo=104096&article.offset=1570&articleLimit=10&noCat=500,2024.07.18,학사
104093,2024학년도 2학기 학점교류 신청안내(성공회대학교),https://www.hongik.ac.kr/kr/newscenter/notice.do?mode=view&articleNo=104093&article.offset=1570&articleLimit=10&noCat=500,2024.07.18,학사
99899,2024학년도 2학기 학기재수강 신청 안내,https://www.hongik.ac.kr/kr/newscenter/notice.do?mode=view&articleNo=99899&article.offset=1570&articleLimit=10&noCat=500,2024.07.17,학사
99893,2024학년도 2학기 학점교류 신청 안내(서울과학기술대학교),https://www.hongik.ac.kr/kr/newscenter/notice.do?mode=view&articleNo=99893&article.offset=1570&articleLimit=10&noCat=500,2024.07.17,학사
99892,2024학년도 2학기 학점교류 신청안내(가톨릭대학교),https://www.hongik.ac.kr/kr/newscenter/notice.do?mode=view&articleNo=99892&article.offset=1570&articleLimit=10&noCat=500,2024.07.17,학사
99877,"[중앙도서관, 문정도서관] 학술지원관리시스템, 홈페이지 교체에 따른 도서관 서비스 일시 중단 안내",https://www.hongik.ac.kr/kr/newscenter/notice.do?mode=view&articleNo=99877&article.offset=1570&articleLimit=10&noCat=29,2024.07.16,일반
99842,2024학년도 제2학기 복학‧휴학 및 휴학 연장 신청 안내,https://www.hongik.ac.kr/kr/newscenter/notice.do?mode=view&articleNo=99842&article.offset=1570&articleLimit=10&noCat=500,2024.07.16,학사
99839,2024학년도 하계계절학기 성적조회 안내(바이오헬스 과목 성적조회 포함),https://www.hongik.ac.kr/kr/newscenter/notice.do?mode=view&articleNo=99839&article.offset=1570&articleLimit=10&noCat=500,2024.07.16,학사
99838,2024학년도 하계 계절 학기 성적 처리 일정 안내,https://www.hongik.ac.kr/kr/newscenter/notice.do?mode=view&articleNo=99838&article.offset=1580&articleLimit=10&noCat=33,2024.07.16,교강사
99835,2024학년도 2학기 학점교류 신청 안내(세종대학교),https://www.hongik.ac.kr/kr/newscenter/notice.do?mode=view&articleNo=99835&article.offset=1580&articleLimit=10&noCat=500,2024.07.16,학사
99831,2024학년도 2학기 학점교류 신청 안내(한국외국어대학교),https://www.hongik.ac.kr/kr/newscenter/notice.do?mode=view&articleNo=99831&article.offset=1580&articleLimit=10&noCat=500,2024.07.16,학사
99826,2024학년도 2학기 학점교류 신청 안내(서울여자대학교),https://www.hongik.ac.kr/kr/newscenter/notice.do?mode=view&articleNo=99826&article.offset=1580&articleLimit=10&noCat=500,2024.07.16,학사
99804,2024학년도 2학기 OCU컨소시엄 공동개설과목 수강신청 및 시스템사용료 납부 안내,https://www.hongik.ac.kr/kr/newscenter/notice.do?mode=view&articleNo=99804&article.offset=1580&articleLimit=10&noCat=500,2024.07.15,학사
99800,[서울장학재단] 2024년 서울희망대학진로 장학금 선발공고 안내,https://www.hongik.ac.kr/kr/newscenter/notice.do?mode=view&articleNo=99800&article.offset=1580&articleLimit=10&noCat=501,2024.07.15,장학
99799,★★★정보디스플레이공학과 학부연구생 모집★★★,https://www.hongik.ac.kr/kr/newscenter/notice.do/kr/education/notice-undergrad.do?mode=view&articleNo=99799&noCat=23,2024.07.15,학사
99791,[마감]컴퓨터공학과 계절학기 시험감독 모집,https://www.hongik.ac.kr/kr/newscenter/notice.do?mode=view&articleNo=99791&article.offset=1580&articleLimit=10&noCat=29,2024.07.15,일반
99763,[세계한민족여성재단] 2024 희망장학생 모집 공고 안내,https://www.hongik.ac.kr/kr/newscenter/notice.do?mode=view&articleNo=99763&article.offset=1580&articleLimit=10&noCat=501,2024.07.11,장학
99756,[정읍시민장학재단] 2024년  장학생(우수인재 장학금) 선발계획 공고 안내,https://www.hongik.ac.kr/kr/newscenter/notice.do?mode=view&articleNo=99756&article.offset=1580&articleLimit=10&noCat=501,2024.07.11,장학
99712,2024학년도 2학기 공연예술 융합전공 신청 안내,https://www.hongik.ac.kr/kr/newscenter/notice.do?mode=view&articleNo=99712&article.offset=1590&articleLimit=10&noCat=500,2024.07.10,학사
99710,"2024학년도 2학기 복수전공, 부전공, 융합전공, 미세전공 신청 안내",https://www.hongik.ac.kr/kr/newscenter/notice.do?mode=view&articleNo=99710&article.offset=1590&articleLimit=10&noCat=500,2024.07.10,학사
99683,[세종캠퍼스] 2023학년도 후기(2024년 8월) 졸업예정자 전공명 선택 안내(2차),https://www.hongik.ac.kr/kr/newscenter/notice.do/kr/education/notice-undergrad.do?mode=view&articleNo=99683&noCat=23,2024.07.09,학사
99676,[한국소아당뇨인협회] 2025년도 소아·청소년 당뇨인 푸른빛 희망 장학금 신청 공고 안내,https://www.hongik.ac.kr/kr/newscenter/notice.do?mode=view&articleNo=99676&article.offset=1590&articleLimit=10&noCat=501,2024.07.09,장학
99675,"2024학년도 2학기 학점교류 신청 안내(서울시립대학교, 인공지능혁신융합대학사업)",https://www.hongik.ac.kr/kr/newscenter/notice.do?mode=view&articleNo=99675&article.offset=1590&articleLimit=10&noCat=500,2024.07.09,학사
99674,2024학년도 2학기 학점교류 신청 안내(동국대학교),https://www.hongik.ac.kr/kr/newscenter/notice.do?mode=view&articleNo=99674&article.offset=1590&articleLimit=10&noCat=500,2024.07.09,학사
99673,2024학년도 2학기 학점교류 신청 안내(중앙대학교),https://www.hongik.ac.kr/kr/newscenter/notice.do?mode=view&articleNo=99673&article.offset=1590&articleLimit=10&noCat=500,2024.07.09,학사
99671,2024학년도 2학기 학점교류 신청 안내(상명대학교),https://www.hongik.ac.kr/kr/newscenter/notice.do?mode=view&articleNo=99671&article.offset=1590&articleLimit=10&noCat=500,2024.07.09,학사
99668,2023학년도 후기(2024년 8월) 졸업예정자 전공명 선택 안내(2차),https://www.hongik.ac.kr/kr/newscenter/notice.do?mode=view&articleNo=99668&article.offset=1590&articleLimit=10&noCat=500,2024.07.09,학사
99652,2024학년도 2학기 학점교류 신청 안내(숭실대학교),https://www.hongik.ac.kr/kr/newscenter/notice.do?mode=view&articleNo=99652&article.offset=1590&articleLimit=10&noCat=500,2024.07.08,학사
99642,(실습기관 대상 안내) 2024학년도 2학기 표준현장실습학기제 실습기관 참여 신청 안내,https://www.hongik.ac.kr/kr/newscenter/notice.do?mode=view&articleNo=99642&article.offset=1600&articleLimit=10&noCat=29,2024.07.08,일반
99552,2024학년도 하계계절학기 사이버강좌 기말고사 시험감독 보조요원 모집,https://www.hongik.ac.kr/kr/newscenter/notice.do?mode=view&articleNo=99552&article.offset=1600&articleLimit=10&noCat=29,2024.07.04,일반
99545,[마감]컴퓨터공학과 계절학기 시험감독 모집,https://www.hongik.ac.kr/kr/newscenter/notice.do?mode=view&articleNo=99545&article.offset=1600&articleLimit=10&noCat=29,2024.07.04,일반
99538,[삼성복지재단] 2024년 2학기 삼성드림클래스 대학생멘토 선발 공고 안내,https://www.hongik.ac.kr/kr/newscenter/notice.do?mode=view&articleNo=99538&article.offset=1600&articleLimit=10&noCat=501,2024.07.04,장학
99491,2024년 상반기 울산광역시 대학(원)생  학자금대출 이자지원사업 안내 공고,https://www.hongik.ac.kr/kr/newscenter/notice.do/kr/education/notice-undergrad.do?mode=view&articleNo=99491&noCat=24,2024.07.03,장학
99480,2024학년도 2학기 학점교류 신청 안내(서울대학교),https://www.hongik.ac.kr/kr/newscenter/notice.do/kr/education/notice-undergrad.do?mode=view&articleNo=99480&noCat=23,2024.07.03,학사
99469,2024년 하반기 한․미 대학생 연수(WEST) 참가자 모집 공고,https://www.hongik.ac.kr/kr/newscenter/notice.do?mode=view&articleNo=99469&article.offset=1600&articleLimit=10&noCat=29,2024.07.02,일반
99455,"[재안내_예선,본선일정변경] 2024 창의적 종합설계 경진대회(Capstone Design Fair)",https://www.hongik.ac.kr/kr/newscenter/notice.do?mode=view&articleNo=99455&article.offset=1600&articleLimit=10&noCat=514,2024.07.02,학생활동
99454,2024학년도 하계계절학기 사이버강좌 기말고사 시행 안내,https://www.hongik.ac.kr/kr/newscenter/notice.do?mode=view&articleNo=99454&article.offset=1600&articleLimit=10&noCat=500,2024.07.02,학사
99374,MS Office 365 정책 변경 및 사용자 용량 제한 안내(2차 용량 제한 시행 안내),https://www.hongik.ac.kr/kr/newscenter/notice.do?mode=view&articleNo=99374&article.offset=1600&articleLimit=10&noCat=29,2024.06.28,일반
99308,2024학년도 하계계절학기 출석 및 수강방법 안내,https://www.hongik.ac.kr/kr/newscenter/notice.do?mode=view&articleNo=99308&article.offset=1610&articleLimit=10&noCat=500,2024.06.25,학사
99307,[대학교육혁신사업단] HI-UP시스템 서비스 이용제한 안내(6/26),https://www.hongik.ac.kr/kr/newscenter/notice.do?mode=view&articleNo=99307&article.offset=1610&articleLimit=10&noCat=29,2024.06.25,일반
99287,[5‧18기념재단] 2024년 5․18희망장학생 모집공고 안내,https://www.hongik.ac.kr/kr/newscenter/notice.do?mode=view&articleNo=99287&article.offset=1610&articleLimit=10&noCat=501,2024.06.25,장학
99214,2025학년도 1학기 국외대학 파견 Outbound 교류학생 모집공고 (기한: ~7/26(금) 16시),https://www.hongik.ac.kr/kr/newscenter/notice.do?mode=view&articleNo=99214&article.offset=1610&articleLimit=10&noCat=500,2024.06.24,학사
99210,2024학년도 2학기 주전공 신청 및 변경 안내(세종캠퍼스),https://www.hongik.ac.kr/kr/newscenter/notice.do/kr/education/notice-undergrad.do?mode=view&articleNo=99210&noCat=23,2024.06.24,학사
99159,[중앙도서관] 도서관 열람실 무선인터넷 서비스 일시 중단 안내(6/23),https://www.hongik.ac.kr/kr/newscenter/notice.do?mode=view&articleNo=99159&article.offset=1610&articleLimit=10&noCat=29,2024.06.21,일반
99099,2024학년도 2학기 주전공 신청 및 변경 안내(서울캠퍼스),https://www.hongik.ac.kr/kr/newscenter/notice.do?mode=view&articleNo=99099&article.offset=1610&articleLimit=10&noCat=500,2024.06.20,학사
99053,중국어가 가능한 디자이너 모집,https://www.hongik.ac.kr/kr/newscenter/notice.do?mode=view&articleNo=99053&article.offset=1610&articleLimit=10&noCat=396,2024.06.19,취창업
98951,한국고등교육재단 제50기 해외유학후보장학생 모집 안내,https://www.hongik.ac.kr/kr/newscenter/notice.do?mode=view&articleNo=98951&article.offset=1610&articleLimit=10&noCat=29,2024.06.17,일반
98888,"2024학년도 1학기 성적조회 안내(OCU, 바이오헬스 과목 성적조회 포함)",https://www.hongik.ac.kr/kr/newscenter/notice.do?mode=view&articleNo=98888&article.offset=1610&articleLimit=10&noCat=500,2024.06.14,학사
98851,"2024년 8월 졸업예정자 ""교원자격무시험검정원서"" 접수(~24.7.22)",https://www.hongik.ac.kr/kr/newscenter/notice.do?mode=view&articleNo=98851&article.offset=1620&articleLimit=10&noCat=500,2024.06.13,학사
98725,2024 저탄소/에너지 기술 컨소시엄 하계 교육 프로그램 SUMMER SCHOOL,https://www.hongik.ac.kr/kr/newscenter/notice.do?mode=view&articleNo=98725&article.offset=1620&articleLimit=10&noCat=514,2024.06.10,학생활동
98711,2024학년도 1학기 핵심역량진단검사 안내_6/14~,https://www.hongik.ac.kr/kr/newscenter/notice.do?mode=view&articleNo=98711&article.offset=1620&articleLimit=10&noCat=500,2024.06.10,학사
98691,[한국농어촌희망재단] 2024년 2학기 농림축산식품부 대학장학금 장학생 선발 공고 안내,https://www.hongik.ac.kr/kr/newscenter/notice.do?mode=view&articleNo=98691&article.offset=1620&articleLimit=10&noCat=501,2024.06.10,장학
98678,입학관리본부 입학관리팀 근로학생 모집(마감),https://www.hongik.ac.kr/kr/newscenter/notice.do?mode=view&articleNo=98678&article.offset=1620&articleLimit=10&noCat=29,2024.06.10,일반
98677,2024학년도 하계 계절학기 교류학생 학번조회,https://www.hongik.ac.kr/kr/newscenter/notice.do?mode=view&articleNo=98677&article.offset=1620&articleLimit=10&noCat=500,2024.06.10,학사
98660,[급구!!!] 컴퓨터공학과 기말고사 시험감독 보조요원 구인,https://www.hongik.ac.kr/kr/newscenter/notice.do?mode=view&articleNo=98660&article.offset=1620&articleLimit=10&noCat=29,2024.06.07,일반
97627,대학 「학칙」 개정(안) 공고,https://www.hongik.ac.kr/kr/newscenter/notice.do?mode=view&articleNo=97627&article.offset=1620&articleLimit=10&noCat=29,2024.06.07,일반
97612,"[중앙도서관] 6월 도서관 이용교육(학위논문작성가이드, 생성형 AI연계 활용, RefWorks 활용법 등)",https://www.hongik.ac.kr/kr/newscenter/notice.do?mode=view&articleNo=97612&article.offset=1620&articleLimit=10&noCat=29,2024.06.05,일반
97608,[서울] 2024-1학기 학생 포상 추천 접수,https://www.hongik.ac.kr/kr/newscenter/notice.do?mode=view&articleNo=97608&article.offset=1620&articleLimit=10&noCat=500,2024.06.05,학사
97602,(2024년 8월 졸업예정자 필독) 2023학년도 후기 졸업예정자 부전공 및 융합전공 자격 취득 신청,https://www.hongik.ac.kr/kr/newscenter/notice.do?mode=view&articleNo=97602&article.offset=1630&articleLimit=10&noCat=500,2024.06.05,학사
97599,2024학년도 2학기 석·박사학위 통합과정 전환 및 포기 신청 안내(6.17.(월)~7.12.(금)),https://www.hongik.ac.kr/kr/newscenter/notice.do/kr/education/notice-grad.do?mode=view&articleNo=97599&noCat=380,2024.06.05,학적
97598,[교수학습지원센터(세종)] 2024학년도 하계방학 드로잉100 참가자 모집,https://www.hongik.ac.kr/kr/newscenter/notice.do?mode=view&articleNo=97598&article.offset=1630&articleLimit=10&noCat=511,2024.06.05,교수학습지원
97548,[중앙도서관] [현충일] 자료열람실 휴실 안내,https://www.hongik.ac.kr/kr/newscenter/notice.do?mode=view&articleNo=97548&article.offset=1630&articleLimit=10&noCat=29,2024.06.04,일반
97547,[세종캠퍼스] 2024학년도 2학기 재입학 추가 신청 안내,https://www.hongik.ac.kr/kr/newscenter/notice.do?mode=view&articleNo=97547&article.offset=1630&articleLimit=10&noCat=500,2024.06.04,학사
97532,[화성시인재육성재단] 2024년  「꿈드림 장학금」 장학생 선발 공고 안내,https://www.hongik.ac.kr/kr/newscenter/notice.do?mode=view&articleNo=97532&article.offset=1630&articleLimit=10&noCat=501,2024.06.04,장학
97513,[국제언어교육원 외국어교육부] 토익 관련(토익/토스/토플) 대면 및 비대면 강좌 상세 안내 및 포스터,https://www.hongik.ac.kr/kr/newscenter/notice.do?mode=view&articleNo=97513&article.offset=1630&articleLimit=10&noCat=514,2024.06.03,학생활동
97511,"[국제언어교육원 외국어교육부]2024학년도 여름 학기 정규 어학(대체강좌,맞춤형,영어집중과정,토익관련) 강좌 안내",https://www.hongik.ac.kr/kr/newscenter/notice.do?mode=view&articleNo=97511&article.offset=1630&articleLimit=10&noCat=514,2024.06.03,학생활동
97506,[익산사랑장학재단] 2024년도 익산사랑 장학생 선발 공고 안내,https://www.hongik.ac.kr/kr/newscenter/notice.do?mode=view&articleNo=97506&article.offset=1630&articleLimit=10&noCat=501,2024.06.03,장학
97503,인준 논문 및 개별연구과제 제출 관련 교육 프로그램 안내,https://www.hongik.ac.kr/kr/newscenter/notice.do/kr/education/notice-grad.do?mode=view&articleNo=97503&noCat=377,2024.06.03,졸업
97487,2024년 SIEMENS-PACE센터 하계 계절학기 (NX공학소프트웨어 특강),https://www.hongik.ac.kr/kr/newscenter/notice.do?mode=view&articleNo=97487&article.offset=1640&articleLimit=10&noCat=500,2024.06.03,학사
97417,[중앙도서관] 5월 구독 자원 퀴즈대회/이벤트(5.31. 오늘까지!),https://www.hongik.ac.kr/kr/newscenter/notice.do?mode=view&articleNo=97417&article.offset=1640&articleLimit=10&noCat=29,2024.05.31,일반
97414,Turnitin 온라인 이용 교육 안내,https://www.hongik.ac.kr/kr/newscenter/notice.do/kr/education/notice-grad.do?mode=view&articleNo=97414&noCat=377,2024.05.31,졸업
97413,제7기 국립외교원 국민외교아카데미 대학생 외교 연수 과정 참가자 모집안내,https://www.hongik.ac.kr/kr/newscenter/notice.do?mode=view&articleNo=97413&article.offset=1640&articleLimit=10&noCat=29,2024.05.31,일반
97385,2025 University of Toronto AI 융합 교육프로그램 파견 교육생 모집 안내,https://www.hongik.ac.kr/kr/newscenter/notice.do?mode=view&articleNo=97385&article.offset=1640&articleLimit=10&noCat=29,2024.05.31,일반
97384,2024-2025 불가리아 정부초청 장학생 선발 안내,https://www.hongik.ac.kr/kr/newscenter/notice.do?mode=view&articleNo=97384&article.offset=1640&articleLimit=10&noCat=29,2024.05.31,일반
97366,[모집] 2024 창의·융합 디자인 엔지니어링 캠프 참가 신청,https://www.hongik.ac.kr/kr/newscenter/notice.do?mode=view&articleNo=97366&article.offset=1640&articleLimit=10&noCat=514,2024.05.31,학생활동
97324,(홍보) 개인정보보호 자가진단 키트,https://www.hongik.ac.kr/kr/newscenter/notice.do?mode=view&articleNo=97324&article.offset=1640&articleLimit=10&noCat=34,2024.05.29,보안
97317,2024년 8월 조기졸업 신청서 제출 안내,https://www.hongik.ac.kr/kr/newscenter/notice.do?mode=view&articleNo=97317&article.offset=1640&articleLimit=10&noCat=500,2024.05.29,학사
97313,[모집] 인공지능 자율주행 드론 코딩 및 제작실습 교육 (7.29~8.2교육),https://www.hongik.ac.kr/kr/newscenter/notice.do?mode=view&articleNo=97313&article.offset=1640&articleLimit=10&noCat=29,2024.05.29,일반
97310,[모집] 2024 파이썬을 활용한 인공지능 자율주행차량 제작 교육(7.15~7.19 교육),https://www.hongik.ac.kr/kr/newscenter/notice.do?mode=view&articleNo=97310&article.offset=1650&articleLimit=10&noCat=29,2024.05.29,일반
97250,[한국장애인재활협회] KB두드림스타 꿈투자 청년장학생 모집공고 안내,https://www.hongik.ac.kr/kr/newscenter/notice.do?mode=view&articleNo=97250&article.offset=1650&articleLimit=10&noCat=501,2024.05.28,장학
97228,[서울캠퍼스] 2024  Digital Fabrication 교육 (3D 프린팅 & 디지털 제작 장비 교육) 참가신청,https://www.hongik.ac.kr/kr/newscenter/notice.do?mode=view&articleNo=97228&article.offset=1650&articleLimit=10&noCat=514,2024.05.28,학생활동
97217,2024학년도 하계계절학기 학점교류 신청 안내(광운대학교),https://www.hongik.ac.kr/kr/newscenter/notice.do?mode=view&articleNo=97217&article.offset=1650&articleLimit=10&noCat=500,2024.05.27,학사
97164,2024학년도 홍익대 대학원 재학생 대상 설문조사(참여 시 경품 추첨),https://www.hongik.ac.kr/kr/newscenter/notice.do/kr/education/notice-grad.do?mode=view&articleNo=97164&noCat=383,2024.05.27,기타
97124,[장학] 2024-1학기 교내 신용카드수수료장학금 신청 안내,https://www.hongik.ac.kr/kr/newscenter/notice.do?mode=view&articleNo=97124&article.offset=1650&articleLimit=10&noCat=501,2024.05.23,장학
97118,[중앙도서관] 인문/사회 콘텐츠 박람회(1등: 에어팟 프로!!),https://www.hongik.ac.kr/kr/newscenter/notice.do?mode=view&articleNo=97118&article.offset=1650&articleLimit=10&noCat=29,2024.05.23,일반
96836,[하이트진로홀딩스㈜] 2024학년도 하이트진로 장학생(요식업주 대학생 자녀) 선발 공고 안내,https://www.hongik.ac.kr/kr/newscenter/notice.do?mode=view&articleNo=96836&article.offset=1650&articleLimit=10&noCat=501,2024.05.22,장학
94941,2024학년도 하계 계절학기 학점교류 신청 안내(명지대학교),https://www.hongik.ac.kr/kr/newscenter/notice.do?mode=view&articleNo=94941&article.offset=1650&articleLimit=10&noCat=500,2024.05.21,학사
94914,2024학년도 1학기 성적처리 일정 안내,https://www.hongik.ac.kr/kr/newscenter/notice.do?mode=view&articleNo=94914&article.offset=1660&articleLimit=10&noCat=33,2024.05.20,교강사
94910,홍익대학교박물관 [2024년 길 위의 인문학] 지원 사업 선정,https://www.hongik.ac.kr/kr/newscenter/notice.do?mode=view&articleNo=94910&article.offset=1660&articleLimit=10&noCat=29,2024.05.20,일반
94870,2024학년도 하계계절학기 학점교류 신청 안내(공주대학교),https://www.hongik.ac.kr/kr/newscenter/notice.do?mode=view&articleNo=94870&article.offset=1660&articleLimit=10&noCat=500,2024.05.20,학사
94869,2024학년도 하계계절학기 학점교류 신청 안내(서울과학기술대학교),https://www.hongik.ac.kr/kr/newscenter/notice.do?mode=view&articleNo=94869&article.offset=1660&articleLimit=10&noCat=500,2024.05.20,학사
94868,2024학년도 하계계절학기 학점교류 신청 안내(한성대학교),https://www.hongik.ac.kr/kr/newscenter/notice.do?mode=view&articleNo=94868&article.offset=1660&articleLimit=10&noCat=500,2024.05.20,학사
94803,2024학년도 하계계절학기 학점교류 신청 안내(계명대학교),https://www.hongik.ac.kr/kr/newscenter/notice.do?mode=view&articleNo=94803&article.offset=1660&articleLimit=10&noCat=500,2024.05.17,학사
94757,[장학] 2024-1학기 교내 신용카드수수료장학금 신청 안내,https://www.hongik.ac.kr/kr/newscenter/notice.do?mode=view&articleNo=94757&article.offset=1660&articleLimit=10&noCat=501,2024.05.16,장학
94751,(서울캠퍼스) 2024학년도 하계 계절학기 일정 안내,https://www.hongik.ac.kr/kr/newscenter/notice.do?mode=view&articleNo=94751&article.offset=1670&articleLimit=10&noCat=500,2024.05.16,학사
94739,2024학년도 1학기 사이버강좌 기말고사 시험감독 보조요원 모집,https://www.hongik.ac.kr/kr/newscenter/notice.do?mode=view&articleNo=94739&article.offset=1670&articleLimit=10&noCat=29,2024.05.16,일반
94738,건축도시대학 건축학부 특강 Simplicity & Complexity _ 박정환 교수,https://www.hongik.ac.kr/kr/newscenter/notice.do?mode=view&articleNo=94738&article.offset=1670&articleLimit=10&noCat=29,2024.05.16,일반
94704,2024학년도 하계계절학기 학점교류 신청 안내(가톨릭대학교),https://www.hongik.ac.kr/kr/newscenter/notice.do?mode=view&articleNo=94704&article.offset=1670&articleLimit=10&noCat=500,2024.05.14,학사
94698,기초과학과 2024-1학기 대학화학실험(1) 기말고사 시험감독 보조요원 모집 1차 공고,https://www.hongik.ac.kr/kr/newscenter/notice.do?mode=view&articleNo=94698&article.offset=1670&articleLimit=10&noCat=29,2024.05.14,일반
94693,2024학년도 1학기 강의평가문항 추가 및 평가결과 조회 안내,https://www.hongik.ac.kr/kr/newscenter/notice.do?mode=view&articleNo=94693&article.offset=1670&articleLimit=10&noCat=33,2024.05.14,교강사
94691,2024학년도 1학기 강의평가 시행 안내,https://www.hongik.ac.kr/kr/newscenter/notice.do?mode=view&articleNo=94691&article.offset=1670&articleLimit=10&noCat=500,2024.05.14,학사
94674,[강화군] 2024년도 상반기 강화군 대학생 등록금 지원사업 공고 안내,https://www.hongik.ac.kr/kr/newscenter/notice.do?mode=view&articleNo=94674&article.offset=1670&articleLimit=10&noCat=501,2024.05.13,장학
94638,"[양식] 휴학, 복학, 자퇴, 학적변동취소원 양식",https://www.hongik.ac.kr/kr/newscenter/notice.do?mode=view&articleNo=94638&article.offset=1670&articleLimit=10&noCat=505,2024.05.10,학적
94631,[서울장학재단] 2024년 독립유공자 후손 장학금 선발 공고 안내,https://www.hongik.ac.kr/kr/newscenter/notice.do?mode=view&articleNo=94631&article.offset=1680&articleLimit=10&noCat=501,2024.05.10,장학
94610,[세종캠퍼스] 2023학년도 후기(2024년 8월) 졸업예정자 전공명 선택 안내,https://www.hongik.ac.kr/kr/newscenter/notice.do?mode=view&articleNo=94610&article.offset=1680&articleLimit=10&noCat=500,2024.05.10,학사
94590,2024학년도 하계계절학기 학점교류 신청 안내(성공회대학교),https://www.hongik.ac.kr/kr/newscenter/notice.do?mode=view&articleNo=94590&article.offset=1680&articleLimit=10&noCat=500,2024.05.10,학사
94584,2024학년도 하계계절학기 학점교류 신청 안내(서경대학교),https://www.hongik.ac.kr/kr/newscenter/notice.do?mode=view&articleNo=94584&article.offset=1680&articleLimit=10&noCat=500,2024.05.09,학사
94583,2024학년도 하계계절학기 학점교류 신청 안내(동덕여자대학교),https://www.hongik.ac.kr/kr/newscenter/notice.do?mode=view&articleNo=94583&article.offset=1680&articleLimit=10&noCat=500,2024.05.09,학사
94582,2024학년도 하계계절학기 학점교류 신청 안내(성신여자대학교),https://www.hongik.ac.kr/kr/newscenter/notice.do?mode=view&articleNo=94582&article.offset=1680&articleLimit=10&noCat=500,2024.05.09,학사
94581,2024학년도 하계계절학기 학점교류 신청 안내(한국항공대학교),https://www.hongik.ac.kr/kr/newscenter/notice.do?mode=view&articleNo=94581&article.offset=1680&articleLimit=10&noCat=500,2024.05.09,학사
94567,[시흥시인재양성재단] 2024년 상반기 장학생 선발 공고 안내,https://www.hongik.ac.kr/kr/newscenter/notice.do?mode=view&articleNo=94567&article.offset=1680&articleLimit=10&noCat=501,2024.05.09,장학
94558,[건축도시대학] Ancillary Practice_Saul Kim 특강 안내,https://www.hongik.ac.kr/kr/newscenter/notice.do/kr/education/notice-grad.do?mode=view&articleNo=94558&noCat=383,2024.05.09,기타
94545,건축도시대학 건축학부 주최 포잠박 초청 특강 - NEXU: : a manifesto for a new architecture  + Site and Program,https://www.hongik.ac.kr/kr/newscenter/notice.do?mode=view&articleNo=94545&article.offset=1680&articleLimit=10&noCat=29,2024.05.09,일반
94527,2024년「서울교환학생장학금」장학생 선발공고,https://www.hongik.ac.kr/kr/newscenter/notice.do?mode=view&articleNo=94527&article.offset=1690&articleLimit=10&noCat=501,2024.05.08,장학
94511,[대학혁신지원사업] 2024학년도 1학기 해외공모전 참가지원 안내,https://www.hongik.ac.kr/kr/newscenter/notice.do?mode=view&articleNo=94511&article.offset=1690&articleLimit=10&noCat=513,2024.05.08,대학교육혁신사업단
94467,[흥사단] 2024년 독립유공자후손 장학생 모집공고 안내,https://www.hongik.ac.kr/kr/newscenter/notice.do?mode=view&articleNo=94467&article.offset=1690&articleLimit=10&noCat=501,2024.05.07,장학
94466,[제24–04호] 2024학년도 야구부 하계 운동용품 13종(310점) 구입,https://www.hongik.ac.kr/kr/newscenter/notice.do?mode=view&articleNo=94466&article.offset=1690&articleLimit=10&noCat=36,2024.05.07,입찰
94433,2024학년도 1학기 사이버강좌 기말고사 시행 안내,https://www.hongik.ac.kr/kr/newscenter/notice.do?mode=view&articleNo=94433&article.offset=1690&articleLimit=10&noCat=500,2024.05.07,학사
94389,2024학년도 하계계절학기 학점교류 신청 안내(중앙대학교),https://www.hongik.ac.kr/kr/newscenter/notice.do?mode=view&articleNo=94389&article.offset=1690&articleLimit=10&noCat=500,2024.05.03,학사
94387,[장학] 2024-1학기 교내 신용카드수수료장학금 신청 안내,https://www.hongik.ac.kr/kr/newscenter/notice.do?mode=view&articleNo=94387&article.offset=1690&articleLimit=10&noCat=501,2024.05.03,장학
94386,2024학년도 하계계절학기 학점교류 신청 안내(건국대학교),https://www.hongik.ac.kr/kr/newscenter/notice.do?mode=view&articleNo=94386&article.offset=1690&articleLimit=10&noCat=500,2024.05.03,학사
94378,건축도시대학 건축학부 주최 특강 : Ancillary Practice_Saul Kim,https://www.hongik.ac.kr/kr/newscenter/notice.do?mode=view&articleNo=94378&article.offset=1690&articleLimit=10&noCat=29,2024.05.03,일반
94377,"""탈건성공"" 스타트업 동문 릴레이 특강 3차 - 빅데이터운용사 ‘지오딕트’ 장준영 이사(5.28.(화))",https://www.hongik.ac.kr/kr/newscenter/notice.do?mode=view&articleNo=94377&article.offset=1690&articleLimit=10&noCat=29,2024.05.03,일반
94373,[화성시인재육성재단] 2024년 주거비지원 장학금 공고 안내,https://www.hongik.ac.kr/kr/newscenter/notice.do?mode=view&articleNo=94373&article.offset=1700&articleLimit=10&noCat=501,2024.05.03,장학
94364,2023학년도 후기(2024년 8월) 졸업예정자 전공명 선택 안내,https://www.hongik.ac.kr/kr/newscenter/notice.do?mode=view&articleNo=94364&article.offset=1700&articleLimit=10&noCat=500,2024.05.03,학사
94348,[신안군] 2024년 상반기 신안군장학재단 장학생 선발 공고 안내,https://www.hongik.ac.kr/kr/newscenter/notice.do?mode=view&articleNo=94348&article.offset=1700&articleLimit=10&noCat=501,2024.05.02,장학
94347,AIDIS 컨퍼런스,https://www.hongik.ac.kr/kr/newscenter/notice.do/kr/education/notice-grad.do?mode=view&articleNo=94347&noCat=383,2024.05.02,기타
94327,학사학위취득유예 신청 일정 안내(2024년 8월 졸업대상자),https://www.hongik.ac.kr/kr/newscenter/notice.do?mode=view&articleNo=94327&article.offset=1700&articleLimit=10&noCat=500,2024.05.02,학사
94275,2024학년도 하계계절학기 학점교류 신청 안내(한국외국어대학교),https://www.hongik.ac.kr/kr/newscenter/notice.do?mode=view&articleNo=94275&article.offset=1700&articleLimit=10&noCat=500,2024.04.30,학사
94267,2024년 대학교 결핵 이동검진 안내,https://www.hongik.ac.kr/kr/newscenter/notice.do?mode=view&articleNo=94267&article.offset=1700&articleLimit=10&noCat=29,2024.04.30,일반
94209,2024학년도 하계계절학기 학점교류 신청 안내(숙명여자대학교),https://www.hongik.ac.kr/kr/newscenter/notice.do?mode=view&articleNo=94209&article.offset=1700&articleLimit=10&noCat=500,2024.04.29,학사
94170,[중앙도서관] 제12회 저자초청강연: 조원재 작가 편,https://www.hongik.ac.kr/kr/newscenter/notice.do?mode=view&articleNo=94170&article.offset=1700&articleLimit=10&noCat=29,2024.04.26,일반
94119,2024학년도 하계계절학기 학점교류 신청 안내(동국대학교),https://www.hongik.ac.kr/kr/newscenter/notice.do?mode=view&articleNo=94119&article.offset=1700&articleLimit=10&noCat=500,2024.04.25,학사
94105,2024학년도 하계계절학기 학점교류 신청 안내(세종대학교),https://www.hongik.ac.kr/kr/newscenter/notice.do/kr/education/notice-undergrad.do?mode=view&articleNo=94105&noCat=23,2024.04.25,학사
94104,2024학년도 하계계절학기 학점교류 신청 안내(숭실대학교),https://www.hongik.ac.kr/kr/newscenter/notice.do/kr/education/notice-undergrad.do?mode=view&articleNo=94104&noCat=23,2024.04.25,학사
94103,2024학년도 하계계절학기 학점교류 신청 안내(상명대학교),https://www.hongik.ac.kr/kr/newscenter/notice.do/kr/education/notice-undergrad.do?mode=view&articleNo=94103&noCat=23,2024.04.25,학사
94101,"2024학년도 하계계절학기 학점교류 신청 안내(서울시립대학교, 인공지능혁신융합대학사업단, 차세대통신혁신융합대학사업단)",https://www.hongik.ac.kr/kr/newscenter/notice.do?mode=view&articleNo=94101&article.offset=1710&articleLimit=10&noCat=500,2024.04.25,학사
94071,[서울지방국세청] '24년 근로·자녀장려금 신청 공고 안내,https://www.hongik.ac.kr/kr/newscenter/notice.do?mode=view&articleNo=94071&article.offset=1710&articleLimit=10&noCat=501,2024.04.24,장학
94059,[유한재단] 2024학년도 1학기 장학생 신청 안내 (서울캠퍼스 해당),https://www.hongik.ac.kr/kr/newscenter/notice.do?mode=view&articleNo=94059&article.offset=1710&articleLimit=10&noCat=501,2024.04.24,장학
94058,[인천인재평생교육진흥원] 2024년도 상반기(2차) 장학생 선발 공고 안내,https://www.hongik.ac.kr/kr/newscenter/notice.do?mode=view&articleNo=94058&article.offset=1710&articleLimit=10&noCat=501,2024.04.24,장학
94056,"[교양교육원/교수학습지원센터] 2024학년도 1학기 영어 말하기 대회 개최 ""English Speech Contest"" (제출/신청 기간 연장: ~24.5.13. 15:00까지)",https://www.hongik.ac.kr/kr/newscenter/notice.do?mode=view&articleNo=94056&article.offset=1710&articleLimit=10&noCat=514,2024.04.24,학생활동
94020,"(학생용, 교강사용) 턴잇인 영문 논문 표절예방 프로그램 이용 안내",https://www.hongik.ac.kr/kr/newscenter/notice.do/kr/education/notice-grad.do?mode=view&articleNo=94020&noCat=377,2024.04.23,졸업
93994,[중앙도서관] 2024학년도 1차 연구력 강화 특강(연구방법론 및 논문 작성),https://www.hongik.ac.kr/kr/newscenter/notice.do/kr/education/notice-grad.do?mode=view&articleNo=93994&noCat=29,2024.04.23,일반
93987,"[중앙도서관] 24학년도 1차 연구력 강화 특강(온, 오프라인-주제: 연구방법론 및 논문작성법)",https://www.hongik.ac.kr/kr/newscenter/notice.do?mode=view&articleNo=93987&article.offset=1720&articleLimit=10&noCat=29,2024.04.23,일반
93929,[세아해암학술장학재단] 제3기 커리어챌린지 장학생 모집 공고 안내,https://www.hongik.ac.kr/kr/newscenter/notice.do?mode=view&articleNo=93929&article.offset=1720&articleLimit=10&noCat=501,2024.04.19,장학
93876,[대학혁신지원사업] 2024 하계 독일 전공연계 해외파견 프로그램(오프라인) 참가 학생 모집(~4/29),https://www.hongik.ac.kr/kr/newscenter/notice.do?mode=view&articleNo=93876&article.offset=1720&articleLimit=10&noCat=513,2024.04.18,대학교육혁신사업단
93874,[안산인재육성재단] 2024년 1학기 안산시 대학생 본인부담 등록금 반값지원 공고 안내,https://www.hongik.ac.kr/kr/newscenter/notice.do?mode=view&articleNo=93874&article.offset=1720&articleLimit=10&noCat=501,2024.04.18,장학
93872,통합로그인 보안코드 기능 안내,https://www.hongik.ac.kr/kr/newscenter/notice.do?mode=view&articleNo=93872&article.offset=1720&articleLimit=10&noCat=34,2024.04.18,보안
93816,2024학년도 하계계절학기 학점교류 신청 안내(서울대학교),https://www.hongik.ac.kr/kr/newscenter/notice.do/kr/education/notice-undergrad.do?mode=view&articleNo=93816&noCat=23,2024.04.17,학사
93796,주한프랑스대사관-알룸나이데이 동영상 공모전,https://www.hongik.ac.kr/kr/newscenter/notice.do?mode=view&articleNo=93796&article.offset=1720&articleLimit=10&noCat=29,2024.04.16,일반
93794,[유한재단] 2024학년도 1학기 장학생 신청 안내 (서울캠퍼스 해당),https://www.hongik.ac.kr/kr/newscenter/notice.do?mode=view&articleNo=93794&article.offset=1720&articleLimit=10&noCat=501,2024.04.16,장학
93777,[세종교수학습지원센터] 2024-1학기 홍익 Communication Skills UP 코칭 과정 참가자 모집,https://www.hongik.ac.kr/kr/newscenter/notice.do?mode=view&articleNo=93777&article.offset=1720&articleLimit=10&noCat=511,2024.04.16,교수학습지원
93763,2024학년도 제2학기 재입학 신청 안내,https://www.hongik.ac.kr/kr/newscenter/notice.do?mode=view&articleNo=93763&article.offset=1730&articleLimit=10&noCat=500,2024.04.15,학사
93704,[홍보] 인공지능을 이용한 서사 생성 및 창의적 글쓰기 특강,https://www.hongik.ac.kr/kr/newscenter/notice.do?mode=view&articleNo=93704&article.offset=1730&articleLimit=10&noCat=29,2024.04.12,일반
93583,2024학년도 1학기 사이버강좌 중간고사 시험감독 보조요원 모집,https://www.hongik.ac.kr/kr/newscenter/notice.do?mode=view&articleNo=93583&article.offset=1730&articleLimit=10&noCat=29,2024.04.09,일반
93560,[사회봉사 2시간] 2024-1 재학생 지능정보서비스(인터넷·스마트폰) 과의존 예방교육(~5.31),https://www.hongik.ac.kr/kr/newscenter/notice.do?mode=view&articleNo=93560&article.offset=1730&articleLimit=10&noCat=514,2024.04.08,학생활동
93559,[사회봉사 2시간] 2024-1 재학생 장애 인식개선 교육(~5.31),https://www.hongik.ac.kr/kr/newscenter/notice.do?mode=view&articleNo=93559&article.offset=1730&articleLimit=10&noCat=514,2024.04.08,학생활동
93512,[경영대] 중간고사 시험 감독 보조요원 모집안내,https://www.hongik.ac.kr/kr/newscenter/notice.do?mode=view&articleNo=93512&article.offset=1730&articleLimit=10&noCat=508,2024.04.08,기타
93443,2024학년도 1학기 사이버강좌 중간고사 시험감독보조요원 모집,https://www.hongik.ac.kr/kr/newscenter/notice.do?mode=view&articleNo=93443&article.offset=1730&articleLimit=10&noCat=29,2024.04.04,일반
93387,[모집] 홍익대학교 교육방송국 HIBS에서 55기 수습국원을 모집합니다. (추가모집),https://www.hongik.ac.kr/kr/newscenter/notice.do?mode=view&articleNo=93387&article.offset=1730&articleLimit=10&noCat=514,2024.04.03,학생활동
93311,[중앙도서관] 열람실 및 학습실 공기청정기 교체 안내,https://www.hongik.ac.kr/kr/newscenter/notice.do?mode=view&articleNo=93311&article.offset=1730&articleLimit=10&noCat=29,2024.04.01,일반
93302,[전자정보박람회] 건축 콘텐츠 박람회 안내(1등 상품 : 애플워치),https://www.hongik.ac.kr/kr/newscenter/notice.do/kr/education/notice-grad.do?mode=view&articleNo=93302&noCat=383,2024.04.01,기타
93277,[마포인재육성장학재단] 2024년도 상반기 장학생 선발계획 공고 안내,https://www.hongik.ac.kr/kr/newscenter/notice.do?mode=view&articleNo=93277&article.offset=1740&articleLimit=10&noCat=501,2024.04.01,장학
